"mall_or_street","mall_or_street_name","merchant_category","merchant_name","address"
"In-Mall & Building","Westgate","RESTAURANT","ANJAPPAR INDIAN RESTAURANT","3 GATEWAY DRIVE #04-08 SINGAPORE 608532"
"In-Mall & Building","Westgate","RESTAURANT","IPPUDO SINGAPORE - WESTGATE","3 GATEWAY DRIVE #03-03 SINGAPORE 608532"
"In-Mall & Building","Punggol Waterway Point","RESTAURANT","BJR-HOTOTOGISU RAMEN-WWP","83 PUNGGOL CENTRAL #01-65 SINGAPORE 828761"
"In-Mall & Building","IMM Building","RESTAURANT","ANDES - IMM","2 JURONG EAST STREET 21 #01-19 SINGAPORE 609601"
"In-Mall & Building","Junction 8","RESTAURANT","LONG JOHN SILVER","9 BISHAN PLACE #01-19A SINGAPORE 579837"
"In-Mall & Building","Northpoint City","RESTAURANT","SUKIYA - NORTHPOINT","1 NORTHPOINT DRIVE #01-126 SINGAPORE 768019"
"In-Mall & Building","Lot One","RESTAURANT","TOKYO SHOKUDO - LOT ONE","21 CHOA CHU KANG AVENUE 4 #B1-12/13 SINGAPORE 689812"
"In-Mall & Building","Icon Village","RESTAURANT","ALICE BOULANGERIE","12 GOPENG STREET #01-05 SINGAPORE 078877"
"In-Mall & Building","Icon Village","RESTAURANT","TWO MEN BAGELS (TANJONG PAGAR)","16 ENGGOR STREET #01-12 SINGAPORE 079717"
"Street","Haji Lane","RESTAURANT","RUMI THE POET'S CUP","64 HAJI LANE #01-01 SINGAPORE 048616"
"In-Mall & Building","One Raffles Quay","RESTAURANT","PATRONS ORQ","1 RAFFLES QUAY #B2-04/05 SINGAPORE 049317"
"In-Mall & Building","The Arcade","RESTAURANT","SUPERGREEN","11 COLLYER QUAY #01-22 SINGAPORE 058476"
"Street","Trengganu Street","RESTAURANT","CAFE MONOCHROME - CHINATOWN","25 TRENGGANU STREET #01-12 SINGAPORE 068596"
"Street","Middle Road","RESTAURANT","FAME COFFEE","108 MIDDLE ROAD #01-01 SINGAPORE 048616"
"In-Mall & Building","Punggol Waterway Point","RESTAURANT","CAKEBAR - WATERWAY POINT","83 PUNGGOL CENTRAL #01-76 SINGAPORE 079004"
"Street","Telok Ayer Street","RESTAURANT","FU LIN BAR & KITCHEN","127 TELOK AYER STREET SINGAPORE 069927"
"In-Mall & Building","One Raffles Place","RESTAURANT","CITY HOT POT","1 RAFFLES PLACE #04-28 SINGAPORE 088822"
"Street","Bussorah Street","RESTAURANT","MAXIM TURISH","69 BUSSORAH STREET SINGAPORE 048619"
"Street","Baghdad Street","RESTAURANT","SANOBAR CORNER","20 BAGHDAD STREET SINGAPORE 078884"
"In-Mall & Building","Chijmes","RESTAURANT","THEGLASSHOUSE PTE. LTD.","30 VICTORIA STREET #01-03 SINGAPORE 068614"
"Street","East Coast Road","RESTAURANT","HUBS","889 EAST COAST ROAD SINGAPORE 078883"
"Street","Tras Street","RESTAURANT","BARISTART COFFEE SINGAPORE","65 TRAS STREET SINGAPORE 058598"
"Street","Amoy Street","RESTAURANT","ONMI","107 AMOY STREET SINGAPORE 059222"
"Street","Lorong Liput","RESTAURANT","TWO MEN BAGELS (HOLLANDV)","17D LORONG LIPUT #01-00 SINGAPORE 089140"
"Street","Joo Chiat Road","RESTAURANT","TWO MEN BAGELS (JOO CHIAT)","465 JOO CHIAT ROAD SINGAPORE 079903"
"Street","Neil Road","RESTAURANT","ARC-EN-CIEL PATISSERIE","37A NEIL ROAD SINGAPORE 079013"
"In-Mall & Building","Duo","RESTAURANT","VITIS BAR AND BISTRO PTE LTD","7 FRASER STREET #01-46/47 SINGAPORE 069929"
"In-Mall & Building","Republic Plaza","RESTAURANT","SOCIAL BAR & BISTRO","9 RAFFLES PLACE #01-01 SINGAPORE 069261"
"In-Mall & Building","Guoco Tower","RESTAURANT","GRAIN TRADERS","7 WALLICH STREET #01-03 SINGAPORE 048616"
"Street","Telok Ayer Street","RESTAURANT","BOEUF -B01 I TELOK AYER","159 TELOK AYER STREET SINGAPORE 078884"
"Street","Arab Street","RESTAURANT","GRILL NINETY NINE","142 ARAB STREET SINGAPORE 069702"
"Street","Mohamed Sultan Road","RESTAURANT","BRASSERIE GAVROCHE","27 MOHAMED SULTAN ROAD SINGAPORE 018987"
"Street","Beach Road","RESTAURANT","CHOON HOY PARLOR","85 BEACH ROAD #01-02 SINGAPORE 049315"
"Street","Joo Chiat Road","RESTAURANT","LA BETTOLA PIZZA & GRILL (SINGAPORE) PTE. LTD.","328 JOO CHIAT ROAD #01-04 SINGAPORE 068600"
"Street","Haji Lane","RESTAURANT","PIZZA FABRICA","8 HAJI LANE #01-01 SINGAPORE 018984"
"Street","Greenwood Avenue","RESTAURANT","RUBATO","12 GREENWOOD AVENUE SINGAPORE 088888"
"In-Mall & Building","Guoco Tower","RESTAURANT","PURA BRASA","5 WALLICH STREET #01-16 SINGAPORE 058563"
"In-Mall & Building","Northpoint City","RESTAURANT","LITTLE POND","1 NORTHPOINT DRIVE #B1-184/186 SINGAPORE 079903"
"Street","Temple Street","RESTAURANT","CHILLI UP HUNAN CUISINE","53 TEMPLE STREET SINGAPORE 058341"
"Street","Jalan Sultan","RESTAURANT","CRAB WANG IMPERIAL DINING","500 JALAN SULTAN #01-10 SINGAPORE 079903"
"Street","Liang Seah Street","RESTAURANT","COCONUT CHICKEN","8 LIANG SEAH STREET #01-03 SINGAPORE 049318"
"Street","Pagoda Street","RESTAURANT","BOMBAY MEXICANO","63 PAGODA STREET #01-63 SINGAPORE 089592"
"Street","Syed Alwi Road","RESTAURANT","MURUGAN IDLI SHOP PTE LTD","76 SYED ALWI ROAD SINGAPORE 089675"
"Street","Keong Saik Road","RESTAURANT","AN OMAKASE","33 KEONG SAIK ROAD SINGAPORE 088444"
"In-Mall & Building","International Plaza","RESTAURANT","KAN SUSHI","10 ANSON ROAD #02-54 SINGAPORE 069547"
"In-Mall & Building","Plaza Singapura","RESTAURANT","MENYA KOKORO","68 ORCHARD ROAD #B2-53 SINGAPORE 049213"
"Street","Baghdad Street","RESTAURANT","SUSHI AIRWAYS","20A BAGHDAD STREET SINGAPORE 078997"
"Street","Tras Street","RESTAURANT","JEJU SANGHOE","74 TRAS STREET SINGAPORE 089813"
"Street","Amoy Street","RESTAURANT","TASTE OF KOREA PTE. LTD.","109 AMOY STREET SINGAPORE 089832"
"In-Mall & Building","Plaza Singapura","RESTAURANT","THE PIZZA MARU + & SEOUL YUMMY CHEGO","68 ORCHARD ROAD #04-64 SINGAPORE 089832"
"In-Mall & Building","Bugis Junction","RESTAURANT","THACHANG BUGIS","200 VICTORIA STREET #02-46 SINGAPORE 089832"
"Street","Gemmill Lane","RESTAURANT","CENDRA TAPAS BAR + GRILL","5 GEMMILL LANE #01-01 SINGAPORE 069257"
"In-Mall & Building","One Raffles Place","RESTAURANT","COMPOSE COFFEE - ORP","1 RAFFLES PLACE #01-02 SINGAPORE 069936"
"In-Mall & Building","Guoco Tower","RESTAURANT","THE DAILY CUT TANJONG PAGAR","7 WALLICH STREET #B2-16 SINGAPORE 069935"
"In-Mall & Building","Bugis Junction","RESTAURANT","JOLLIBEAN - BUGIS JUNCTION","200 VICTORIA STREET #B1-K9 SINGAPORE 049323"
"In-Mall & Building","Plaza Singapura","RESTAURANT","WOK HEY PLAZA SINGAPURA","68 ORCHARD ROAD #B2-31 SINGAPORE 069453"
"In-Mall & Building","Lot One","RESTAURANT","WOK HEY LOT ONE","21 CHOA CHU KANG AVENUE 4 #B1-K27 SINGAPORE 069689"
"In-Mall & Building","Punggol Waterway Point","RESTAURANT","SHIHLIN TAIWAN - WWP","83 PUNGGOL CENTRAL #B2-K3 SINGAPORE 089610"
"In-Mall & Building","Bugis+","RESTAURANT","GELARE - BUGIS+","201 VICTORIA STREET #05-10 SINGAPORE 089513"
"Street","Ann Siang Road","RESTAURANT","LOLLA","22 ANN SIANG ROAD SINGAPORE 049323"
"In-Mall & Building","The Sail - Marina Bay","RESTAURANT","XYCD","2 MARINA BOULEVARD #B1-08B SINGAPORE 069922"
"Street","Jalan Merah Saga","RESTAURANT","KEONG SAIK BAKERY - HV","44 JALAN MERAH SAGA #01-42 SINGAPORE 049323"
"In-Mall & Building","Ocean Financial Centre","RESTAURANT","ALCHEMIST - COLLYER QUAY","10 COLLYER QUAY #01-K1 SINGAPORE 058927"
"Street","Serangoon Garden Way","RESTAURANT","SRISUN EXPRESS","56 SERANGOON GARDEN WAY SINGAPORE 018983"
"Street","Telok Ayer Street","RESTAURANT","PLAIN VANILLA TELOK AYER STREET","134 TELOK AYER STREET SINGAPORE 018984"
"In-Mall & Building","Marina Bay Link Mall","RESTAURANT","SALADSTOP!HEYBO-MBLM","8A MARINA BOULEVARD #B2-41/42 SINGAPORE 018984"
"Street","Neil Road","RESTAURANT","PLAIN VANILLA NEIL ROAD","167 NEIL ROAD #01-01 SINGAPORE 078883"
"In-Mall & Building","Junction 8","RESTAURANT","TAIWAN FULLHOUSE","9 BISHAN PLACE #02-21 SINGAPORE 069547"
"Street","Bussorah Street","RETAIL","OEVAALI ART SHOP","10 BUSSORAH STREET SINGAPORE 078884"
"Street","Temple Street","RETAIL","BINLIN LINEN MANUFACTURERS","17 TEMPLE STREET #01-02 SINGAPORE 079027"
"In-Mall & Building","Parkway Parade","RETAIL","MELODY STRINGS ART CENTER","80 MARINE PARADE ROAD #17-02 SINGAPORE 089692"
"In-Mall & Building","Northpoint City","RETAIL","BOLOTREESG EDUCATIONAL TOYS EXPERIENCE CENTRE","1 NORTHPOINT DRIVE #02-157 SINGAPORE 089116"
"In-Mall & Building","Bugis Junction","RETAIL","POP MART BUGIS JUNCTION","200 VICTORIA STREET #01-HYLAM STREET - PUSHCART SINGAPORE 079027"
"In-Mall & Building","Lot One","RETAIL","POP MART LOT 1","21 CHOA CHU KANG AVENUE 4 #01-22 SINGAPORE 078884"
"In-Mall & Building","Plaza Singapura","RETAIL","POP MART PLAZA SINGAPURA (LEVEL 1)","68 ORCHARD ROAD #01-67 SINGAPORE 078884"
"In-Mall & Building","Bugis Junction","RETAIL","SNEAKSURF","200 VICTORIA STREET #02-02 SINGAPORE 068914"
"Street","North Bridge Road","RETAIL","THAHIRAH KAZURA PTE. LTD.","705 NORTH BRIDGE ROAD SINGAPORE 068595"
"In-Mall & Building","International Plaza","RETAIL","GIOIA FINE JEWELLERY","10 ANSON ROAD #02-97A SINGAPORE 069247"
"Street","Joo Chiat Road","RETAIL","THE BARKERY","326 JOO CHIAT ROAD SINGAPORE 068645"
"In-Mall & Building","Bedok Mall","RETAIL","CUT BUTCHERY GRILL","311 NEW UPPER CHANGI ROAD #B2-52 SINGAPORE 089598"
"In-Mall & Building","Tampines Mall","RETAIL","CUT BUTCHERY","4 TAMPINES CENTRAL 5 #B1-16 SINGAPORE 068581"
"In-Mall & Building","Myvillage - Serangoon","RETAIL","CUT BUTCHERY VILLAGE","1 MAJU AVENUE #B1-06 SINGAPORE 078884"
"Street","Upper Cross Street","RETAIL","HEALTH & BEAUTY PTE. LTD.","38 UPPER CROSS STREET SINGAPORE 049963"
"Street","Joo Chiat Road","RETAIL","MIDORI MED SPA","140 JOO CHIAT ROAD #01-01 SINGAPORE 048616"
"In-Mall & Building","International Plaza","RETAIL","ELEGANCE BEAUTY & SCALP CENTRE","10 ANSON ROAD #02-25/26 SINGAPORE 048616"
"Street","Bugis Street","RETAIL","BEAUTY + ME- BUGIS","3 NEW BUGIS STREET #02-CSL 19 SINGAPORE 058839"
"In-Mall & Building","Change Alley","RETAIL","NAIL PASSION","16 COLLYER QUAY #02-04 SINGAPORE 018984"
"Street","Joo Chiat Road","RESTAURANT","NEE YAKITORI","325 JOO CHIAT ROAD SINGAPORE 048618"
"In-Mall & Building","The Woodleigh Mall","RESTAURANT","NO. 17 TEA (WOODLEIGH)","11 BIDADARI PARK DRIVE #B1-03 SINGAPORE 079027"
"In-Mall & Building","The Star Vista","RESTAURANT","VERANDAH - RAEL'S","1 VISTA EXCHANGE GREEN #01-33/K2 SINGAPORE 048616"
"Street","East Coast Park","RESTAURANT","COASTAL RHYTHM","1206A EAST COAST PARKWAY SINGAPORE 048616"
"Street","Duxton Hill","RESTAURANT","XIAO YA TOU","6 DUXTON HILL SINGAPORE 048618"
"In-Mall & Building","Northpoint City","RESTAURANT","COLLIN S NORTH POINT CITY","930 YISHUN AVENUE 2 #01-113/114 SINGAPORE 049315"
"In-Mall & Building","Westgate","RESTAURANT","COLLIN S WESTGATE","3 GATEWAY DRIVE #01-05 SINGAPORE 078884"
"In-Mall & Building","Paya Lebar Quarter","RESTAURANT","COLLIN S PAYA LEBAR QUARTER","10 PAYA LEBAR ROAD #B1-01 SINGAPORE 069708"
"In-Mall & Building","NEX","RESTAURANT","COLLIN S NEX","23 SERANGOON CENTRAL #B1-27 SINGAPORE 069413"
"In-Mall & Building","West Mall","RESTAURANT","SWENSEN'S - WEST MALL","1 BUKIT BATOK CENTRAL LINK #02-29 SINGAPORE 049213"
"In-Mall & Building","Tampines Mall","RESTAURANT","SWENSEN'S - TAMPINES MALL","4 TAMPINES CENTRAL 5 #03-30 SINGAPORE 068730"
"Street","Mohamed Sultan Road","RESTAURANT","TCC - THE PIER - ROBERTSON","80 MOHAMED SULTAN ROAD #01-01/02 SINGAPORE 049315"
"In-Mall & Building","Punggol Waterway Point","RESTAURANT","FISH & CO - WWP","83 PUNGGOL CENTRAL #B1-18 SINGAPORE 048622"
"Street","Jalan Kubor","RESTAURANT","SYMMETRY","9 JALAN KUBOR #01-01 SINGAPORE 079903"
"Street","Craig Road","RESTAURANT","GRIGLIA","37 CRAIG ROAD #01-01 SINGAPORE 049213"
"Street","East Coast Road","RESTAURANT","THE WINE COVE","907 EAST COAST ROAD #01-03 SINGAPORE 078884"
"Street","Tanjong Pagar Road","RESTAURANT","FIZ RESTAURANT","21 TANJONG PAGAR ROAD #01-01/02 SINGAPORE 048616"
"Street","East Coast Road","RESTAURANT","GRIGLIA KATONG","139 EAST COAST ROAD SINGAPORE 059228"
"Street","Cecil Street","RESTAURANT","TORISEI","182 CECIL STREET #01-02/03 SINGAPORE 039593"
"Street","East Coast Park","RESTAURANT","BREWERKZ","920 EAST COAST PARKWAY #01-20/21/22/23/24 SINGAPORE 069693"
"Street","One Fullerton","RESTAURANT","BREWERKZ","1 FULLERTON ROAD #01-01 SINGAPORE 078884"
"Street","Tras Street","RESTAURANT","REVOLVER","56 TRAS STREET SINGAPORE 048616"
"Street","Neil Road","RESTAURANT","ARAYA CONCEPTS PTE LTD","83 NEIL ROAD #01-08 SINGAPORE 089537"
"In-Mall & Building","Punggol Waterway Point","RESTAURANT","SWENSEN'S - WATERWAY POINT","83 PUNGGOL CENTRAL #02-35 SINGAPORE 048616"
"In-Mall & Building","Northpoint City","RESTAURANT","SWENSEN'S - NORTHPOINT","930 YISHUN AVENUE 2 #02-14 SINGAPORE 079027"
"In-Mall & Building","Bugis Junction","RESTAURANT","SWENSEN'S - BUGIS JUNCTION","200 VICTORIA STREET #01-68 SINGAPORE 079027"
"In-Mall & Building","Parkway Parade","RESTAURANT","SWENSEN'S - PARKWAY PARADE","80 MARINE PARADE ROAD #B1-33/34 SINGAPORE 049317"
"In-Mall & Building","Junction 8","RESTAURANT","SWENSEN'S- JUNCTION 8","9 BISHAN PLACE #01-39 SINGAPORE 048616"
"In-Mall & Building","IMM Building","RESTAURANT","SWENSEN'S - IMM","2 JURONG EAST STREET 21 #01-111 SINGAPORE 082001"
"In-Mall & Building","NEX","RESTAURANT","SWENSEN'S - NEX","23 SERANGOON CENTRAL #02-07/08 SINGAPORE 048622"
"In-Mall & Building","Bedok Mall","RESTAURANT","SWENSEN'S - BEDOK MALL","311 NEW UPPER CHANGI ROAD #01-77 SINGAPORE 069880"
"Street","Bukit Pasoh Road","RESTAURANT","HUMPBACK","18/20 BUKIT PASOH ROAD #01-00 SINGAPORE 018981"
"Street","Bukit Pasoh Road","RESTAURANT","GIBSON","18/20 BUKIT PASOH ROAD #01-00 SINGAPORE 048622"
"Street","Bukit Pasoh Road","RESTAURANT","LIVE TWICE","18/20 BUKIT PASOH ROAD #01-00 SINGAPORE 058336"
"In-Mall & Building","Plaza Singapura","RESTAURANT","TYPHOON CAFE - PLAZA SINGAPURA","68 ORCHARD ROAD #04-63/67 SINGAPORE 068739"
"Street","Gemmill Lane","RESTAURANT","LUKE'S OYSTER BAR & CHOP HOUSE","22 GEMMILL LANE SINGAPORE 048424"
"Street","Mohamed Sultan Road","RESTAURANT","BISTECCA TUSCAN STEAKHOUSE","26 MOHAMED SULTAN ROAD SINGAPORE 048619"
"Street","Amoy Street","RESTAURANT","NIXTA","116 AMOY STREET #01-02A SINGAPORE 049213"
"Street","Amoy Street","RESTAURANT","THE CLUBROOM","115 AMOY STREET SINGAPORE 088849"
"In-Mall & Building","Bugis Junction","RESTAURANT","MA MAISON BUGIS JUNCTION","200 VICTORIA STREET #02-51 SINGAPORE 078884"
"Street","Greenwood Avenue","RESTAURANT","GREENWOOD FISH MARKET - BUKIT TIMAH","34/38 GREENWOOD AVENUE SINGAPORE 018982"
"In-Mall & Building","Northpoint City","RETAIL","MOTHERCARE - NORTHPOINT CITY","930 YISHUN AVENUE 2 #02-107/108/109/121/122 SINGAPORE 018982"
"In-Mall & Building","Parkway Parade","RETAIL","MOTHERCARE - PARKWAY PARADE","80 MARINE PARADE ROAD #02-34B SINGAPORE 048622"
"In-Mall & Building","Plaza Singapura","RETAIL","MOTHERCARE - PLAZA SINGAPURA","68 ORCHARD ROAD #03-08 SINGAPORE 018984"
"In-Mall & Building","Custom House","RESTAURANT","CAFFE FERNET","70 COLLYER QUAY #01-05 SINGAPORE 048619"
"Street","Club Street","RESTAURANT","L'ANGELUS FRENCH RESTAURANT","85 CLUB STREET SINGAPORE 078881"
"Street","Ann Siang Road","RESTAURANT","LES BOUCHONS PTE LTD","7 ANN SIANG ROAD SINGAPORE 049961"
"Street","Duxton Hill","RESTAURANT","FOTIA - DUXTON","28 DUXTON HILL #01-01 SINGAPORE 049959"
"In-Mall & Building","Plaza Singapura","RESTAURANT","SUKI-YA - PLAZA SING","68 ORCHARD ROAD #04-62 SINGAPORE 049513"
"In-Mall & Building","Bugis+","RESTAURANT","SUKI-YA- BUGIS+","201 VICTORIA STREET #04-14/15 SINGAPORE 018984"
"Street","Duxton Road","RESTAURANT","ETNA RESTAURANT - DUXTON","49/50 DUXTON ROAD SINGAPORE 048619"
"In-Mall & Building","Custom House","RESTAURANT","SUPER LOCO - CUSTOM HOUSE","70 COLLYER QUAY #01-04 SINGAPORE 048616"
"In-Mall & Building","Chijmes","RESTAURANT","THE WINERY","30 VICTORIA STREET #B1-05 SINGAPORE 018984"
"Street","Amoy Street","RESTAURANT","CHICO LOCO","102 AMOY STREET SINGAPORE 078884"
"In-Mall & Building","Custom House","RESTAURANT","SUPER LOCO HEAD OFFICE","70 COLLYER QUAY #01-04 SINGAPORE 018984"
"Street","Smith Street","RESTAURANT","BOON TONG KEE - SMITH ST","11/13 SMITH STREET #01-01 SINGAPORE 048581"
"In-Mall & Building","The Star Vista","RESTAURANT","SOUP RESTAURANT - TSV","1 VISTA EXCHANGE GREEN #02-22 SINGAPORE 049318"
"In-Mall & Building","Marina Bay Financial Centre","RESTAURANT","LIBERTY SINGAPORE","10 MARINA BOULEVARD #01-04 SINGAPORE 018982"
"In-Mall & Building","Tampines Mall","RESTAURANT","LAO HUO TANG - TAMPINES MALL","4 TAMPINES CENTRAL 5 #B1-01/27 SINGAPORE 088521"
"In-Mall & Building","NEX","RESTAURANT","LAO HUO TANG - NEX","23 SERANGOON CENTRAL #03-08/09 SINGAPORE 069400"
"In-Mall & Building","Punggol Waterway Point","RESTAURANT","SHEN XI LAO HUO TANG","83 PUNGGOL CENTRAL #B1-22 SINGAPORE 048581"
"In-Mall & Building","The Star Vista","RESTAURANT","LAO HUO TANG - STAR VISTA","1 VISTA EXCHANGE GREEN #B1-21B SINGAPORE 058680"
"In-Mall & Building","Marina Bay Link Mall","RESTAURANT","FORBIDDEN DUCK","8A MARINA BOULEVARD #02-02 SINGAPORE 079027"
"In-Mall & Building","Marina Bay Link Mall","RESTAURANT","QI - HOUSE OF SICHUAN","8A MARINA BOULEVARD #02-01 SINGAPORE 049561"
"In-Mall & Building","IMM Building","RESTAURANT","SOUP REST - IMM","2 JURONG EAST STREET 21 #01-87 SINGAPORE 049315"
"In-Mall & Building","NEX","RESTAURANT","SOUP REST - NEX","23 SERANGOON CENTRAL #02-15/16 SINGAPORE 088331"
"In-Mall & Building","Punggol Waterway Point","RESTAURANT","WHITE RESTAURANT -WATERWAY POINT","83 PUNGGOL CENTRAL #B1-12 SINGAPORE 069255"
"In-Mall & Building","The Star Vista","RESTAURANT","BOON TONG KEE - VIS","1 VISTA EXCHANGE GREEN #B1-07/41 SINGAPORE 069625"
"In-Mall & Building","Holland Road Shopping Centre","RESTAURANT","SUSHIRO - HSC","211 HOLLAND AVENUE #02-01/40 - 46 SINGAPORE 058679"
"In-Mall & Building","Plaza Singapura","RESTAURANT","BJR-STEAK 99 PLAZA SING","68 ORCHARD ROAD #04-65 SINGAPORE 058606"
"In-Mall & Building","Westgate","RESTAURANT","TONKATSU BISTRO BY MA MAISON","3 GATEWAY DRIVE #04-06 SINGAPORE 059029"
"In-Mall & Building","Chijmes","RESTAURANT","TATSU","30 VICTORIA STREET #01-08 SINGAPORE 049704"
"In-Mall & Building","Bedok Mall","RESTAURANT","BJR-AJISEN TANJIRO BDK","311 NEW UPPER CHANGI ROAD #01-69 SINGAPORE 049704"
"In-Mall & Building","The Star Vista","RESTAURANT","BJR-AJISEN TANJIRO SV","1 VISTA EXCHANGE GREEN #B1-08 SINGAPORE 078972"
"In-Mall & Building","Junction 8","RESTAURANT","WATAMI - JUNCTION 8","9 BISHAN PLACE #01-33 SINGAPORE 069455"
"In-Mall & Building","The Star Vista","RESTAURANT","WATAMI - STAR VISTA","1 VISTA EXCHANGE GREEN #02-16 SINGAPORE 079903"
"In-Mall & Building","Chijmes","RESTAURANT","THE MODERN IZAKAYA","30 VICTORIA STREET #01-18 SINGAPORE 068579"
"In-Mall & Building","The Star Vista","RESTAURANT","GYU-KAKU - THE STAR VISTA","1 VISTA EXCHANGE GREEN #02-17 SINGAPORE 088510"
"In-Mall & Building","Guoco Tower","RESTAURANT","IPPUDO - TPC","5 WALLICH STREET #01-15 SINGAPORE 069894"
"In-Mall & Building","The Star Vista","RESTAURANT","IPPUDO SG - STAR VISTA","1 VISTA EXCHANGE GREEN #02-19 SINGAPORE 068599"
"Street","Cecil Street","RESTAURANT","TOMMY S SAKE BAR","182 CECIL STREET #01-09 SINGAPORE 089531"
"In-Mall & Building","Chijmes","RESTAURANT","TATSU - KOME BAR","30 VICTORIA STREET #01-10 SINGAPORE 088498"
"In-Mall & Building","Guoco Tower","RESTAURANT","KIWAMI - GUOCO TOWER","7 WALLICH STREET #B2-10 SINGAPORE 088484"
"In-Mall & Building","NEX","RESTAURANT","TAMAGO EN - NEX","23 SERANGOON CENTRAL #02-K5/K6 SINGAPORE 058710"
"In-Mall & Building","100AM","RESTAURANT","MA MAISON.KITCHEN","100 TRAS STREET #02-11 SINGAPORE 088456"
"In-Mall & Building","Chijmes","RESTAURANT","GYU-KAKU - CHIJMES","30 VICTORIA STREET #01-01/02 SINGAPORE 068627"
"In-Mall & Building","NEX","RESTAURANT","JACK'S PLACE - NEX","23 SERANGOON CENTRAL #04-66 SINGAPORE 088461"
"In-Mall & Building","Bedok Mall","RESTAURANT","SUSHIRO - BM","311 NEW UPPER CHANGI ROAD #B1-10 SINGAPORE 048622"
"In-Mall & Building","Punggol Waterway Point","RESTAURANT","SUSHIRO - WP","83 PUNGGOL CENTRAL #01-31/32 SINGAPORE 069875"
"In-Mall & Building","Lot One","RESTAURANT","SUSHIRO - LO","21 CHOA CHU KANG AVENUE 4 #03-10/11/12 SINGAPORE 018985"
"In-Mall & Building","Junction 8","RESTAURANT","ABURI-EN J8","9 BISHAN PLACE #01-37/37A SINGAPORE 089138"
"Street","Craig Road","RESTAURANT","FIRANGI SUPERSTAR","20 CRAIG ROAD #01-03 SINGAPORE 048622"
"Street","Keong Saik Road","RESTAURANT","MYO IZAKAYA","8 KEONG SAIK ROAD SINGAPORE 079027"
"In-Mall & Building","I12 Katong","RESTAURANT","IPPUDO SINGAPORE - I12KATONG","112 EAST COAST ROAD #01-04 SINGAPORE 049318"
"In-Mall & Building","Paya Lebar Quarter","RESTAURANT","NIKUTOSAKE","10 PAYA LEBAR ROAD #01-38 SINGAPORE 048619"
"In-Mall & Building","Bugis+","RESTAURANT","NEW MANLEE BAK KUT TEH","201 VICTORIA STREET #01-12 SINGAPORE 018984"
"In-Mall & Building","Bugis+","RESTAURANT","WATAMI JAPANESE DINING","201 VICTORIA STREET #04-05 SINGAPORE 049213"
"In-Mall & Building","Plaza Singapura","RESTAURANT","BJR-TOKYO SHOKUDO PS","68 ORCHARD ROAD #02-35 SINGAPORE 081007"
"In-Mall & Building","Katong V","RESTAURANT","TOMIZUSHI INTERNATIONAL PTE LTD","30 EAST COAST ROAD #02-14/15/16 SINGAPORE 058470"
"In-Mall & Building","100AM","RESTAURANT","THE PUBLIC IZAKAYA","100 TRAS STREET #01-09 SINGAPORE 088899"
"In-Mall & Building","The Star Vista","RESTAURANT","BHC CHICKEN - THE STAR VISTA","1 VISTA EXCHANGE GREEN #01-29/30 SINGAPORE 069119"
"In-Mall & Building","Chijmes","RESTAURANT","DAILY BEER CHIJMES","30 VICTORIA STREET #01-04 SINGAPORE 048616"
"In-Mall & Building","Guoco Tower","RESTAURANT","ABURI-EN - TANJONG PAGAR","7 WALLICH STREET #B2-09 SINGAPORE 018984"
"In-Mall & Building","Guoco Tower","RESTAURANT","SBCD KOREAN TOFU HOUSE","7 WALLICH STREET #B1-01/02 SINGAPORE 058781"
"In-Mall & Building","Bugis Junction","RESTAURANT","MONSTER CURRY - BUGIS","200 VICTORIA STREET #B1-04/K24 SINGAPORE 079903"
"In-Mall & Building","Northpoint City","RESTAURANT","MONSTER CURRY - NORTHPOINT CITY","1 NORTHPOINT DRIVE #B1-102 SINGAPORE 059514"
"In-Mall & Building","NEX","RESTAURANT","MONSTER CURRY - NEX","23 SERANGOON CENTRAL #B1-08 SINGAPORE 068582"
"In-Mall & Building","Punggol Waterway Point","RESTAURANT","MONSTER CURRY - WATERWAY POINT","83 PUNGGOL CENTRAL #02-25 SINGAPORE 048622"
"In-Mall & Building","NEX","RESTAURANT","ABURI - NEX","23 SERANGOON CENTRAL #01-63/64/65 SINGAPORE 088903"
"Street","Lorong Mambong","RESTAURANT","OMMA KOREAN CHARCOAL BBQ (HOLLAND) PTE","21 LORONG MAMBONG SINGAPORE 058786"
"Street","Telok Ayer Street","RESTAURANT","OMMA KOREAN CHARCOAL BBQ - TA","126 TELOK AYER STREET SINGAPORE 038988"
"Street","Gemmill Lane","RESTAURANT","AJOOMMA KOREAN CHARCOAL BBQ (GML) PTE","2/4 GEMMILL LANE SINGAPORE 058749"
"Street","Telok Ayer Street","RESTAURANT","DAILY BEER","212 TELOK AYER STREET GROUND FLOOR-- SINGAPORE 058465"
"In-Mall & Building","IMM Building","RESTAURANT","BALITHAI IMM","2 JURONG EAST STREET 21 #01-21 SINGAPORE 058470"
"In-Mall & Building","Plaza Singapura","RESTAURANT","GYOGYO - PLAZA SINGAPURA","68 ORCHARD ROAD #06-08/09/10 SINGAPORE 068627"
"Street","Duxton Hill","RESTAURANT","LUCHA LOCO","15 DUXTON HILL SINGAPORE 079717"
"In-Mall & Building","The Star Vista","RESTAURANT","YOSHINOYA - STAR VISTA","1 VISTA EXCHANGE GREEN #02-07 SINGAPORE 078877"
"In-Mall & Building","Bugis Junction","RESTAURANT","TORI SANWA BUGIS JUNCTION","200 VICTORIA STREET #B1-K21/K22 SINGAPORE 079717"
"In-Mall & Building","Northpoint City","RESTAURANT","XW PLUS WESTERN GRILL-NORTHPOINT CITY","1 NORTHPOINT DRIVE #01-101/102 SINGAPORE 078877"
"In-Mall & Building","NEX","RESTAURANT","JFE - STEAK 99 NEX","23 SERANGOON CENTRAL #03-06 SINGAPORE 078877"
"Street","Telok Ayer Street","RESTAURANT","OLD STREET BAK KUT TEH PTE LTD","112 TELOK AYER STREET SINGAPORE 078877"
"In-Mall & Building","West Mall","RESTAURANT","SUSHI EXPRESS WSM","1 BUKIT BATOK CENTRAL LINK #B1-23 SINGAPORE 078877"
"In-Mall & Building","Bedok Mall","RESTAURANT","BATTERCATCH - BEDOK MALL","311 NEW UPPER CHANGI ROAD #B1-52 SINGAPORE 078877"
"In-Mall & Building","Guoco Tower","RESTAURANT","TIP TOP CURRY PUFF - GUOCO","7 WALLICH STREET #B2-20 SINGAPORE 048581"
"In-Mall & Building","Lot One","RESTAURANT","SANOOK KITCHEN","21 CHOA CHU KANG AVENUE 4 #01-06/07 SINGAPORE 089535"
"In-Mall & Building","Bugis Junction","RESTAURANT","JFE - TOKYO SHOKUDO BUGIS","200 VICTORIA STREET #B1-07 SINGAPORE 049318"
"In-Mall & Building","Bugis Junction","RESTAURANT","JOSHS GRILL BUGIS JUNCTION","200 VICTORIA STREET #01-69 SINGAPORE 078884"
"In-Mall & Building","Parkway Parade","RESTAURANT","DIAN XIAO ER - PARKWAY PARADE","80 MARINE PARADE ROAD #02-14/15/16/17/68/69/70 SINGAPORE 058601"
"In-Mall & Building","Northpoint City","RESTAURANT","SUSHI EXPRESS NPG","1 NORTHPOINT DRIVE #B2-132/133 SINGAPORE 048616"
"In-Mall & Building","IMM Building","RESTAURANT","BJR-MAMA KLANG IMM","2 JURONG EAST STREET 21 #01-88 SINGAPORE 089136"
"In-Mall & Building","Lot One","RESTAURANT","MILAN SHOKUDO - LOT ONE","21 CHOA CHU KANG AVENUE 4 #B1-12/13 SINGAPORE 078881"
"In-Mall & Building","Junction 8","RESTAURANT","SUBWAY - J8","9 BISHAN PLACE #01-31 SINGAPORE 069468"
"In-Mall & Building","Bugis Junction","RESTAURANT","SUBWAY - BGJ","200 VICTORIA STREET #B1-25A SINGAPORE 079903"
"In-Mall & Building","Plaza Singapura","RESTAURANT","DA XI - PLAZA SINGAPURA","68 ORCHARD ROAD #B1-08 SINGAPORE 059237"
"Street","Amoy Street","RESTAURANT","GO-ANG PRATUNAM CHICKEN RICE","134 AMOY STREET #01-01 SINGAPORE 069448"
"In-Mall & Building","One Raffles Place","RESTAURANT","TIP TOP CURRY PUFF (ONE RAFFLES PLACE)","1 RAFFLES PLACE #B1-26 SINGAPORE 078884"
"In-Mall & Building","Bugis Junction","RESTAURANT","TIP TOP CURRY PUFF (BUGIS JUNCTION)","200 VICTORIA STREET #01-68A SINGAPORE 018984"
"In-Mall & Building","Westgate","RESTAURANT","SANOOK KITCHEN-WESTGATE","3 GATEWAY DRIVE #B1-25 SINGAPORE 079008"
"In-Mall & Building","Raffles Xchange","RESTAURANT","ANNA'S","5 RAFFLES PLACE #B1-64 SINGAPORE 089521"
"In-Mall & Building","Punggol Waterway Point","RESTAURANT","MAMMA MIA - WATERWAY POINT","83 PUNGGOL CENTRAL #01-64 SINGAPORE 069924"
"In-Mall & Building","Westgate","RESTAURANT","ASTONS SPECIALITIES - WTG","3 GATEWAY DRIVE #04-04/05 SINGAPORE 018984"
"In-Mall & Building","Plaza Singapura","RESTAURANT","JFE-YAKINIKU SHOKUDO PS","68 ORCHARD ROAD #B1-01 SINGAPORE 058703"
"Street","South Bridge Road","RESTAURANT","YA KUN SOUTH BRIDGE ROAD","297 SOUTH BRIDGE ROAD SINGAPORE 049948"
"In-Mall & Building","The Star Vista","RESTAURANT","AWFULLY CHOCOLATE - STAR VISTA","1 VISTA EXCHANGE GREEN #02-18 SINGAPORE 089119"
"Street","East Coast Road","RESTAURANT","AWFULLY CHOCOLATE - EAST COAST","131 EAST COAST ROAD SINGAPORE 059018"
"In-Mall & Building","Marina Bay Link Mall","RESTAURANT","SUBWAY - MARINA BAY LINK MALL","8A MARINA BOULEVARD #B2-19 SINGAPORE 059026"
"In-Mall & Building","Tampines Mall","RESTAURANT","AJISEN RAMEN TM","4 TAMPINES CENTRAL 5 #04-19/20 SINGAPORE 018984"
"In-Mall & Building","Junction 8","RESTAURANT","BJR-AJISEN-J8","9 BISHAN PLACE #B1-19 SINGAPORE 088895"
"In-Mall & Building","Lot One","RESTAURANT","BJR-AJISEN-LOT1","21 CHOA CHU KANG AVENUE 4 #04-11/12 SINGAPORE 089260"
"In-Mall & Building","Bugis Junction","RESTAURANT","BJR-AJISEN-BG","200 VICTORIA STREET #01-01 SINGAPORE 088387"
"In-Mall & Building","IMM Building","RESTAURANT","BJR-AJISEN-IMM","2 JURONG EAST STREET 21 #01-88 SINGAPORE 048622"
"In-Mall & Building","The Star Vista","RESTAURANT","SUBWAY - STAR VISTA","1 VISTA EXCHANGE GREEN #02-22 SINGAPORE 058827"
"In-Mall & Building","Bedok Mall","RESTAURANT","SUBWAY - BEDOK MALL","311 NEW UPPER CHANGI ROAD #01-96 SINGAPORE 068641"
"In-Mall & Building","Lot One","RESTAURANT","SUBWAY - LOT 1","21 CHOA CHU KANG AVENUE 4 #B1-34/35 SINGAPORE 089132"
"In-Mall & Building","Punggol Waterway Point","RESTAURANT","SUBWAY - WATERWAY POINT","83 PUNGGOL CENTRAL #B1-16 SINGAPORE 068627"
"In-Mall & Building","IMM Building","RESTAURANT","SUBWAY - IMM","2 JURONG EAST STREET 21 #01-114 SINGAPORE 018985"
"In-Mall & Building","West Mall","RESTAURANT","SUBWAY - WEST MALL","1 BUKIT BATOK CENTRAL LINK #01-18/19 SINGAPORE 069469"
"In-Mall & Building","NEX","RESTAURANT","SUBWAY - NEX","23 SERANGOON CENTRAL #02-10 SINGAPORE 089668"
"In-Mall & Building","Siglap Centre","RESTAURANT","SUBWAY - SIGLAP CENTRE","55 SIGLAP ROAD #01-13/14 SINGAPORE 018987"
"In-Mall & Building","Northpoint City","RESTAURANT","SANOOK KITCHEN - NORTH POINT","930 YISHUN AVENUE 2 #B1-01 SINGAPORE 018985"
"In-Mall & Building","Bedok Mall","RESTAURANT","SANOOK KITCHEN - BEDOK MALL","311 NEW UPPER CHANGI ROAD #B2-44 SINGAPORE 078884"
"Street","Lorong Mambong","RESTAURANT","SANOOK KICTHEN-HOLLAND V","16 LORONG MAMBONG SINGAPORE 018981"
"In-Mall & Building","Parkway Parade","RESTAURANT","SANOOK KITCHEN - PARKWAY PARADE","80 MARINE PARADE ROAD #01-17 SINGAPORE 059491"
"In-Mall & Building","Plaza Singapura","RESTAURANT","GO-ANG PRATUNAM CHICKEN RICE - PLAZA","68 ORCHARD ROAD #03-24 SINGAPORE 078992"
"In-Mall & Building","Northpoint City","RESTAURANT","XIN WANG - NORTHPOINT","930 YISHUN AVENUE 2 #01-40 SINGAPORE 089669"
"In-Mall & Building","West Mall","RESTAURANT","SANOOK KITCHEN - WEST MALL","1 BUKIT BATOK CENTRAL LINK #03-03 SINGAPORE 088479"
"In-Mall & Building","Northpoint City","RESTAURANT","SUBWAY - NORTHPOINT","930 YISHUN AVENUE 2 #B2-03 SINGAPORE 079331"
"In-Mall & Building","Lot One","RESTAURANT","DIAN XIAO ER- LOT ONE","21 CHOA CHU KANG AVENUE 4 #B1-32/33 SINGAPORE 069535"
"In-Mall & Building","Junction 8","RESTAURANT","DIAN XIAO ER- JUNCTION 8","9 BISHAN PLACE #B1-07 SINGAPORE 048470"
"In-Mall & Building","NEX","RESTAURANT","DIAN XIAO ER- NEX","23 SERANGOON CENTRAL #02-09/10 SINGAPORE 088494"
"In-Mall & Building","Punggol Waterway Point","RESTAURANT","DIAN XIAO ER- WATERWAY POINT","83 PUNGGOL CENTRAL #01-30 SINGAPORE 059029"
"In-Mall & Building","Bedok Mall","RESTAURANT","DIAN XIAO ER- BEDOK MALL","311 NEW UPPER CHANGI ROAD #01-73/74 SINGAPORE 058686"
"In-Mall & Building","NEX","RESTAURANT","HOT TOMATO - NEX","23 SERANGOON CENTRAL #B1-47 SINGAPORE 080333"
"In-Mall & Building","Bedok Mall","RESTAURANT","HOT TOMATO - BEDOK MALL","311 NEW UPPER CHANGI ROAD #B1-37/38 SINGAPORE 089859"
"Street","Joo Chiat Road","RESTAURANT","EAST TREASURE PRAWN NOODLE - JCR","328 JOO CHIAT ROAD #01-01 SINGAPORE 018987"
"In-Mall & Building","NEX","RESTAURANT","THE COFFEE BEAN - NEX","23 SERANGOON CENTRAL #02-K10 SINGAPORE 048622"
"In-Mall & Building","NEX","RESTAURANT","GO-ANG PRATUNAM CHICKEN RICE - NEX","23 SERANGOON CENTRAL #B1-05/06 SINGAPORE 058926"
"In-Mall & Building","Westgate","RESTAURANT","SUSHI EXPRESS WESTGATE","3 GATEWAY DRIVE #B1-26 SINGAPORE 078883"
"In-Mall & Building","NEX","RESTAURANT","SUSHI EXPRESS NEX","23 SERANGOON CENTRAL #B1-38/39/40 SINGAPORE 069115"
"In-Mall & Building","Punggol Waterway Point","RESTAURANT","SUSHI EXPRESS WATERWAY POINT","83 PUNGGOL CENTRAL #01-25 SINGAPORE 068729"
"In-Mall & Building","Northpoint City","RESTAURANT","SUSHI EXPRESS NORTH POINT","1 NORTHPOINT DRIVE #B1-150 SINGAPORE 048616"
"In-Mall & Building","Bugis+","RESTAURANT","POULET - BUGIS PLUS","201 VICTORIA STREET #04-12 SINGAPORE 059509"
"Street","Lorong Liput","RESTAURANT","SUBWAY - HOLLAND VILLAGE","25B LORONG LIPUT SINGAPORE 068615"
"In-Mall & Building","Raffles Xchange","RESTAURANT","THE SOUP SPOON RAFFLES XCHANGE","5 RAFFLES PLACE #B1-65 SINGAPORE 069115"
"In-Mall & Building","Bugis Junction","RESTAURANT","THE SOUP SPOON BUGIS JUNCTION","200 VICTORIA STREET #B1-K24A SINGAPORE 068616"
"In-Mall & Building","Northpoint City","RESTAURANT","SONG FA- YISHUN","930 YISHUN AVENUE 2 #B1-48 SINGAPORE 088383"
"In-Mall & Building","100AM","RESTAURANT","SUBWAY - 100 AM","100 TRAS STREET #01-15 SINGAPORE 069887"
"In-Mall & Building","Plaza Singapura","RESTAURANT","BIZEN OKAYAMA WAGYU ST","68 ORCHARD ROAD #03-65/66 SINGAPORE 048761"
"In-Mall & Building","Northpoint City","RESTAURANT","DIAN XIAO ER - NORTHPOINT CITY","930 YISHUN AVENUE 2 #02-06 SINGAPORE 069878"
"In-Mall & Building","Paya Lebar Quarter","RESTAURANT","SUSHI EXPRESS PAYA LEBAR","10 PAYA LEBAR ROAD #04-12 SINGAPORE 078884"
"In-Mall & Building","Bugis Junction","RESTAURANT","TORI-Q BUGIS JUNCTION","200 VICTORIA STREET #B1-K1 SINGAPORE 018987"
"In-Mall & Building","Plaza Singapura","RESTAURANT","TORI-Q PLAZA SINGAPURA","68 ORCHARD ROAD #B2-03/04 SINGAPORE 059190"
"In-Mall & Building","Junction 8","RESTAURANT","TORI-Q BISHAN JUNCTION 8","9 BISHAN PLACE #B1-25 SINGAPORE 068601"
"In-Mall & Building","Tampines Mall","RESTAURANT","TORI-Q TAMPINES MALL","4 TAMPINES CENTRAL 5 #B1-K20 SINGAPORE 048618"
"In-Mall & Building","NEX","RESTAURANT","TORI-Q NEX","23 SERANGOON CENTRAL #B2-52 SINGAPORE 048616"
"In-Mall & Building","Parkway Parade","RESTAURANT","TORI-Q PARKWAY PARADE","80 MARINE PARADE ROAD #01-14C SINGAPORE 048616"
"In-Mall & Building","Punggol Waterway Point","RESTAURANT","TORI-Q WATERWAY POINT","83 PUNGGOL CENTRAL #B1-K12 SINGAPORE 068729"
"In-Mall & Building","Northpoint City","RESTAURANT","TORI-Q NORTHPOINT CITY","1 NORTHPOINT DRIVE #B1-185 SINGAPORE 058811"
"In-Mall & Building","Bugis+","RESTAURANT","XIN WANG - BUGIS PLUS","201 VICTORIA STREET #01-02/K1 SINGAPORE 058698"
"In-Mall & Building","One Raffles Place","RESTAURANT","SUBWAY - ONE RAFFLES PLACE","1 RAFFLES PLACE #02-24 SINGAPORE 088328"
"In-Mall & Building","Holland Xchange","RESTAURANT","UMISUSHI - HV","200 HOLLAND AVENUE #B1-10 SINGAPORE 068733"
"In-Mall & Building","One Raffles Place","RESTAURANT","UMISUSHI&NANAMI UDON-ORP","1 RAFFLES PLACE #B1-24/25 SINGAPORE 048616"
"In-Mall & Building","Punggol Waterway Point","RESTAURANT","UMISUSHI - WP","83 PUNGGOL CENTRAL #B2-02 SINGAPORE 048616"
"In-Mall & Building","Bugis Junction","RESTAURANT","SUSHI PLUS BUGIS JUNCTION","200 VICTORIA STREET #02-53 SINGAPORE 048616"
"In-Mall & Building","Plaza Singapura","RESTAURANT","FIVE GUYS SINGAPORE PTE LTD","68 ORCHARD ROAD #01-32/33/34C/35 SINGAPORE 058807"
"In-Mall & Building","Northpoint City","RESTAURANT","THE SOUP SPOON NORTHPOINT CITY","1 NORTHPOINT DRIVE #B2-113 SINGAPORE 049965"
"In-Mall & Building","Raffles Xchange","RESTAURANT","THE GRILL KNIFE - RX","5 RAFFLES PLACE #B1-64 SINGAPORE 088865"
"In-Mall & Building","Paya Lebar Quarter","RESTAURANT","SUKIYA PLQ","10 PAYA LEBAR ROAD #B1-15/16 SINGAPORE 059021"
"In-Mall & Building","Bedok Mall","RESTAURANT","TORI-Q BEDOK MALL","311 NEW UPPER CHANGI ROAD #B2-28 SINGAPORE 068589"
"In-Mall & Building","Plaza Singapura","RESTAURANT","SWENSEN'S - PLAZA SINGAPURA","68 ORCHARD ROAD #03-23 SINGAPORE 089265"
"In-Mall & Building","Punggol Waterway Point","RESTAURANT","SONG FA BAK KUT TEH - WATERWAY POINT","83 PUNGGOL CENTRAL #01-24 SINGAPORE 069889"
"In-Mall & Building","Tampines Mrt Station","RESTAURANT","SUSHI EXPRESS TAMPINES SMRT","20 TAMPINES CENTRAL 1 #01-29 SINGAPORE 088533"
"In-Mall & Building","NEX","RESTAURANT","UMISUSHI - NEX","23 SERANGOON CENTRAL #B2-40 SINGAPORE 079903"
"In-Mall & Building","Parkway Parade","RESTAURANT","SUSHI EXPRESS - PARKWAY","80 MARINE PARADE ROAD #01-K33 & K34 SINGAPORE 048472"
"In-Mall & Building","Westgate","RESTAURANT","POULET - WESTGATE B1","3 GATEWAY DRIVE #B1-09 SINGAPORE 058464"
"In-Mall & Building","Westgate","RESTAURANT","TOKYO SHOKUDO - WESTGATE","3 GATEWAY DRIVE #03-09 SINGAPORE 088379"
"In-Mall & Building","Westgate","RESTAURANT","LONG JOHN SILVER","3 GATEWAY DRIVE #B1-10 SINGAPORE 069893"
"In-Mall & Building","Northpoint City","RESTAURANT","LONG JOHN SILVER","930 YISHUN AVENUE 2 #01-14 SINGAPORE 049315"
"In-Mall & Building","Bugis Junction","RESTAURANT","YOSHINOYA BJ","230 VICTORIA STREET #B1-10 SINGAPORE 069622"
"In-Mall & Building","Junction 8","RESTAURANT","YOSHINOYA - J8","9 BISHAN PLACE #01-49/50 SINGAPORE 069047"
"In-Mall & Building","NEX","RESTAURANT","YOSHINOYA - NEX","23 SERANGOON CENTRAL #B1-36/37 SINGAPORE 058829"
"In-Mall & Building","Bedok Mall","RESTAURANT","YOSHINOYA - BDM","311 NEW UPPER CHANGI ROAD #B2-30 SINGAPORE 089857"
"In-Mall & Building","Northpoint City","RESTAURANT","A-ONE SIGNATURE","1 NORTHPOINT DRIVE #01-128 SINGAPORE 089816"
"In-Mall & Building","Northpoint City","RESTAURANT","TOKYO SHOKUDO - NORTHPOINT","1 NORTHPOINT DRIVE #01-175 SINGAPORE 089597"
"Street","Joo Chiat Road","RESTAURANT","ASTONS PRIME - JCR","357/359 JOO CHIAT ROAD SINGAPORE 069621"
"In-Mall & Building","Ocean Financial Centre","RESTAURANT","SUBWAY - OCEAN FINANCIAL CENTRE","10 COLLYER QUAY #B1-05 SINGAPORE 069455"
"In-Mall & Building","Punggol Waterway Point","RESTAURANT","SUKIYA - WATERWAY POINT","83 PUNGGOL CENTRAL #B1-23 SINGAPORE 088390"
"In-Mall & Building","Northpoint City","RESTAURANT","YAKINIKU SHOKUDO","1 NORTHPOINT DRIVE #02-130/131 SINGAPORE 048774"
"In-Mall & Building","Lot One","RESTAURANT","YAKINIKU SHOKUDO","21 CHOA CHU KANG AVENUE 4 #02-25 SINGAPORE 068721"
"In-Mall & Building","Junction 8","RESTAURANT","SUSHI EXPRESS JUNCTION 8","9 BISHAN PLACE #B1-23 SINGAPORE 089813"
"In-Mall & Building","Northpoint City","RESTAURANT","RIVERSIDE GRILLED FISH - NORTHPOINT","1 NORTHPOINT DRIVE #B1-196/197 SINGAPORE 089003"
"In-Mall & Building","Paya Lebar Quarter","RESTAURANT","SANOOK KITCHEN - PLQ","10 PAYA LEBAR ROAD #03-28/29 SINGAPORE 069932"
"In-Mall & Building","Guoco Tower","RESTAURANT","DA XI - GUOCO TOWER","7 WALLICH STREET #B2-33 SINGAPORE 069935"
"In-Mall & Building","NEX","RESTAURANT","JOLLIBEE - NEX","23 SERANGOON CENTRAL #B1-28/29 SINGAPORE 069923"
"Street","Bugis Village","RESTAURANT","JOLLIBEE - BUGIS VILLAGE","165/166 ROCHOR ROAD SINGAPORE 048441"
"In-Mall & Building","Bedok Mall","RESTAURANT","JOLLIBEE - BEDOK MALL","311 NEW UPPER CHANGI ROAD #B2-06 SINGAPORE 069333"
"In-Mall & Building","Punggol Waterway Point","RESTAURANT","JOLLIBEE - WATERWAY POINT","83 PUNGGOL CENTRAL #B2-06 SINGAPORE 058456"
"In-Mall & Building","Junction 8","RESTAURANT","MILAN SHOKUDO J8","9 BISHAN PLACE #02-34/35/35A SINGAPORE 069695"
"In-Mall & Building","West Mall","RESTAURANT","A-ONE SIGNATURE","1 BUKIT BATOK CENTRAL LINK #01-38 SINGAPORE 069431"
"In-Mall & Building","Punggol Waterway Point","RESTAURANT","SANOOK KITCHEN - WATERWAY POINT","83 PUNGGOL CENTRAL #B1-13 SINGAPORE 089837"
"In-Mall & Building","Punggol Waterway Point","RESTAURANT","TOKYO SHOKUDO","83 PUNGGOL CENTRAL #B1-14 SINGAPORE 068732"
"In-Mall & Building","Plaza Singapura","RESTAURANT","MAMMA MIA! - PLAZA SINGAPURA","68 ORCHARD ROAD #03-79/83 SINGAPORE 088518"
"In-Mall & Building","Tampines Mall","RESTAURANT","TOKYO SHOKUDO","4 TAMPINES CENTRAL 5 #04-02 SINGAPORE 018981"
"In-Mall & Building","Bugis+","RESTAURANT","ASTONS SPECIALITIES - BUG+","201 VICTORIA STREET #05-08/09A SINGAPORE 059505"
"In-Mall & Building","Bedok Mall","RESTAURANT","YAKINIKU SHOKUDO - BEDOK MALL","311 NEW UPPER CHANGI ROAD #B1-51 SINGAPORE 081007"
"Street","Ann Siang Road","RESTAURANT","BLUE LABEL PIZZA & WINE","28 ANN SIANG ROAD #B1-01 SINGAPORE 089109"
"In-Mall & Building","Chijmes","RESTAURANT","LEI GARDEN RESTAURANT PTE LTD","30 VICTORIA STREET #01-24 SINGAPORE 089589"
"Street","Club Street","RESTAURANT","BOCHINCHE","27 CLUB STREET SINGAPORE 089676"
"In-Mall & Building","Punggol Waterway Point","RESTAURANT","DAILY CHICKEN WWP","83 PUNGGOL CENTRAL #01-66 SINGAPORE 069435"
"Street","East Coast Park","RESTAURANT","JYPSY PARKLAND GREEN","920 EAST COAST PARKWAY #01-25/26/27 SINGAPORE 069892"
"In-Mall & Building","Westgate","RESTAURANT","GUZMAN Y GOMEZ WESTGATE","3 GATEWAY DRIVE #02-06 SINGAPORE 069897"
"Street","Kandahar Street","RESTAURANT","CICHETI VENTURES PTE.LTD.","52 KANDAHAR STREET SINGAPORE 048581"
"In-Mall & Building","IMM Building","RESTAURANT","THE COFFEE BEAN - IMM BLDG","2 JURONG EAST STREET 21 #01-126 SINGAPORE 069449"
"In-Mall & Building","Punggol Waterway Point","RESTAURANT","SO PHO WATERWAY POINT","83 PUNGGOL CENTRAL #01-28 SINGAPORE 079020"
"In-Mall & Building","Bugis Junction","RESTAURANT","DAILY CHICKEN BUGIS","200 VICTORIA STREET #B1-06 SINGAPORE 088534"
"In-Mall & Building","Tampines Mall","RESTAURANT","SO PHO TAMPINES MALL","4 TAMPINES CENTRAL 5 #04-30/31 SINGAPORE 088441"
"In-Mall & Building","Punggol Waterway Point","RESTAURANT","THE COFFEE BEAN - WWP","83 PUNGGOL CENTRAL #01-27 SINGAPORE 069871"
"Street","East Coast Park","RESTAURANT","THE COFFEE BEAN - MARINE COVE","1000 EAST COAST PARKWAY #01-01 SINGAPORE 089158"
"Street","One Fullerton","RESTAURANT","PS CAFE-ONE FULLERTON","1 FULLERTON ROAD #02-03B/04 SINGAPORE 089158"
"Street","Stanley Street","RESTAURANT","COMMON MAN STAN","11/12 STANLEY STREET SINGAPORE 069115"
"In-Mall & Building","Plaza Singapura","RESTAURANT","THE COFFEE BEAN - PLAZA SINGAPURA","68 ORCHARD ROAD #05-20 SINGAPORE 089618"
"In-Mall & Building","Northpoint City","RESTAURANT","THE COFFEE BEAN - NORTHPOINT CITY","1 NORTHPOINT DRIVE #01-110 SINGAPORE 089757"
"Street","Jalan Merah Saga","RESTAURANT","TIONG BAHRU BAKERY - CHIP B","43 JALAN MERAH SAGA #01-74 SINGAPORE 089617"
"In-Mall & Building","Lot One","RESTAURANT","THE COFFEE BEAN - LOT 1","21 CHOA CHU KANG AVENUE 4 #01-01 SINGAPORE 069451"
"In-Mall & Building","Northpoint City","RESTAURANT","GUZMAN Y GOMEZ NORTHPOINT CITY","1 NORTHPOINT DRIVE #01-176/177/178 SINGAPORE 089109"
"In-Mall & Building","The Star Vista","RESTAURANT","GUZMAN Y GOMEZ STAR VISTA","1 VISTA EXCHANGE GREEN #01-32 SINGAPORE 069906"
"In-Mall & Building","Bugis Junction","RESTAURANT","THE COFFEE BEAN - BJ","200 VICTORIA STREET #03-10H SINGAPORE 069911"
"In-Mall & Building","Ocean Financial Centre","RESTAURANT","GUZMAN Y GOMEZ OFC","10 COLLYER QUAY #B1-06 SINGAPORE 089128"
"Street","East Coast Park","RESTAURANT","PS CAFE - EAST COAST PARK","1110 EAST COAST PARKWAY #01-05/06/07 SINGAPORE 089158"
"In-Mall & Building","Change Alley","RESTAURANT","THE COFFEE BEAN - CAM","30 RAFFLES PLACE #01-09 SINGAPORE 059521"
"In-Mall & Building","International Plaza","RESTAURANT","THE COFFEE BEAN - INTERNATIONAL PLAZA","10 ANSON ROAD #01-32 SINGAPORE 058826"
"In-Mall & Building","Junction 8","RESTAURANT","THE COFFEE BEAN - JUNCTION 8","9 BISHAN PLACE #01-34/2 SINGAPORE 089142"
"In-Mall & Building","West Mall","RESTAURANT","THE COFFEE BEAN - WEST MALL","1 BUKIT BATOK CENTRAL LINK #01-09 SINGAPORE 048581"
"In-Mall & Building","Parkway Parade","RESTAURANT","THE COFFEE BEAN - PARKWAY PARADE","80 MARINE PARADE ROAD #B1-83H SINGAPORE 068624"
"Street","Upper East Coast Road","RESTAURANT","ETNA RESTAURANT & PIZZERIA","110 UPPER EAST COAST ROAD SINGAPORE 018987"
"In-Mall & Building","Bugis+","RESTAURANT","THE COFFEE BEAN - BUGIS+","201 VICTORIA STREET #01-06 SINGAPORE 049315"
"Street","Eng Hoon Street","RESTAURANT","TIONG BAHRU BAKERY - EH","56 ENG HOON STREET #01-70 SINGAPORE 059486"
"Street","Joo Chiat Road","RESTAURANT","COMMON MAN JOO CHIAT","185/187 JOO CHIAT ROAD SINGAPORE 059523"
"In-Mall & Building","I12 Katong","RESTAURANT","GUZMAN Y GOMEZ I12 KATONG","112 EAST COAST ROAD #01-27 SINGAPORE 059528"
"Street","Maju Avenue","RESTAURANT","TIONG BAHRU BAKERY - MAJU AVE","8 MAJU AVENUE SINGAPORE 048583"
"In-Mall & Building","Punggol Waterway Point","RESTAURANT","GUZMAN Y GOMEZ WATERWAY POINT","83 PUNGGOL CENTRAL #B2-05 SINGAPORE 081007"
"Street","Upper East Coast Road","RESTAURANT","TIONG BAHRU BAKERY - EC","77 UPPER EAST COAST ROAD #01-01 SINGAPORE 058591"
"Street","One Fullerton","RESTAURANT","JYPSY FULLERTON","1 FULLERTON ROAD #01-02/03 SINGAPORE 058959"
"In-Mall & Building","Guoco Tower","RESTAURANT","GUZMAN Y GOMEZ TANJONG PAGAR","7 WALLICH STREET #B2-14 SINGAPORE 088499"
"In-Mall & Building","Northpoint City","RESTAURANT","HOT TOMATO","1 NORTHPOINT DRIVE #02-138 SINGAPORE 059231"
"In-Mall & Building","NEX","RESTAURANT","GUZMAN Y GOMEZ NEX SINGAPORE","23 SERANGOON CENTRAL #02-14 SINGAPORE 089837"
"In-Mall & Building","Plaza Singapura","RESTAURANT","TIONG BAHRU BAKERY PLAZA SING","68 ORCHARD ROAD #01-23 SINGAPORE 059484"
"In-Mall & Building","Bedok Mall","RESTAURANT","THE COFFEE BEAN - BEDOK MALL","311 NEW UPPER CHANGI ROAD #01-01 SINGAPORE 079903"
"In-Mall & Building","Plaza Singapura","RESTAURANT","HOSHINO COFFEE","68 ORCHARD ROAD #03-84 SINGAPORE 049513"
"In-Mall & Building","NEX","RETAIL","SPECTACLE HUT - NEX","23 SERANGOON CENTRAL #B2-23/24 SINGAPORE 059511"
"In-Mall & Building","I12 Katong","RETAIL","SPECTACLE HUT- I12 KATONG","112 EAST COAST ROAD #01-06/07 SINGAPORE 059492"
"In-Mall & Building","Punggol Waterway Point","RETAIL","SPECTACLE HUT - WATERWAY POINT","83 PUNGGOL CENTRAL #01-07 SINGAPORE 048616"
"In-Mall & Building","Plaza Singapura","RETAIL","SPECTACLE HUT - PS","68 ORCHARD ROAD #02-29/29A SINGAPORE 078884"
"In-Mall & Building","Lot One","RETAIL","SPECTACLE HUT - LOT ONE","21 CHOA CHU KANG AVENUE 4 #B1-18 SINGAPORE 068625"
"In-Mall & Building","IMM Building","RETAIL","SUNGLASS HUT - IMM","2 JURONG EAST STREET 21 #01-K28/K29 SINGAPORE 058595"
"In-Mall & Building","Parkway Parade","RETAIL","SPECTACLE HUT - MARINE PARADE","80 MARINE PARADE ROAD #B1-76A/77 SINGAPORE 059220"
"In-Mall & Building","IMM Building","RETAIL","SPECTACLE HUT - IMM","2 JURONG EAST STREET 21 #01-71 SINGAPORE 058571"
"In-Mall & Building","Bugis Junction","RETAIL","SPECTACLE HUT - BUGIS JUNCTION","200 VICTORIA STREET #01-43/44 SINGAPORE 079903"
"In-Mall & Building","West Mall","RETAIL","SPECTACLE HUT - WEST MALL","1 BUKIT BATOK CENTRAL LINK #02-06 SINGAPORE 059501"
"In-Mall & Building","Westgate","RETAIL","SPECTACLE HUT - WEST GATE","3 GATEWAY DRIVE #B1-33/34 SINGAPORE 089110"
"In-Mall & Building","Plaza Singapura","RETAIL","RAY-BAN - PLAZA SINGAPURA","62 ORCHARD ROAD #01-25 SINGAPORE 059233"
"In-Mall & Building","Northpoint City","RETAIL","SPECTACLE HUT - NORTHPOINT","930 YISHUN AVENUE 2 #B1-32 SINGAPORE 059487"
"In-Mall & Building","IMM Building","RETAIL","OAKLEY - IMM","2 JURONG EAST STREET 21 #01-15/16 SINGAPORE 059235"
"In-Mall & Building","NEX","RETAIL","RAY-BAN-NEX","23 SERANGOON CENTRAL #B1-26 SINGAPORE 058831"
"In-Mall & Building","Bedok Mall","RETAIL","SPECTACLE HUT - BEDOK MALL","311 NEW UPPER CHANGI ROAD #01-79 SINGAPORE 048616"
"In-Mall & Building","One Raffles Place","RETAIL","AO3 BY AVENUE ON 3","1 RAFFLES PLACE #B1-27 SINGAPORE 069613"
"In-Mall & Building","Bugis Junction","RETAIL","SANS & SANS - BUGIS","200 VICTORIA STREET #01-48/49 SINGAPORE 068638"
"In-Mall & Building","Bugis Junction","RETAIL","IORA - BUGIS JUNCTION","200 VICTORIA STREET #01-04 SINGAPORE 089111"
"In-Mall & Building","Junction 8","RETAIL","SANS & SANS - JUNCTION 8","9 BISHAN PLACE #02-02 SINGAPORE 068729"
"In-Mall & Building","Junction 8","RETAIL","IORA - JUNCTION 8","9 BISHAN PLACE #01-25/26 SINGAPORE 049705"
"In-Mall & Building","West Mall","RETAIL","IORA - WEST MALL","1 BUKIT BATOK CENTRAL LINK #01-20/21/22/23 SINGAPORE 048581"
"In-Mall & Building","Bedok Mall","RETAIL","IORA - BEDOK MALL","311 NEW UPPER CHANGI ROAD #01-29 SINGAPORE 068610"
"In-Mall & Building","Paya Lebar Quarter","RETAIL","TRT- PLQ","10 PAYA LEBAR ROAD #01-17/18/19 SINGAPORE 079027"
"In-Mall & Building","Bugis Junction","RETAIL","TRT - BUGIS JUNCTION","200 VICTORIA STREET #01-45/46 SINGAPORE 068622"
"In-Mall & Building","Westgate","RETAIL","IORA","3 GATEWAY DRIVE #02-45 SINGAPORE 069911"
"In-Mall & Building","Lot One","RETAIL","GIORDANO ORIGINALS - LOT 1","21 CHOA CHU KANG AVENUE 4 #01-15/16/17 SINGAPORE 018982"
"In-Mall & Building","West Mall","RETAIL","GIORDANO - WEST MALL","1 BUKIT BATOK CENTRAL LINK #01-12/13 SINGAPORE 068723"
"In-Mall & Building","Northpoint City","RETAIL","GIORDANO ORIGINALS - NORTHPOINT 2","930 YISHUN AVENUE 2 #02-12/13 SINGAPORE 069614"
"In-Mall & Building","Tampines Mall","RETAIL","GIORDANO ORIGINALS - TAMPINES MALL","4 TAMPINES CENTRAL 5 #02-04/05 SINGAPORE 089487"
"In-Mall & Building","NEX","RETAIL","GIORDANO ORIGINALS - NEX","23 SERANGOON CENTRAL #02-36 SINGAPORE 018984"
"In-Mall & Building","Bedok Mall","RETAIL","GIORDANO ORIGINALS - BEDOK MALL","311 NEW UPPER CHANGI ROAD #01-50/51 SINGAPORE 078978"
"In-Mall & Building","Bugis Junction","RETAIL","GIORDANO ORIGINALS - BUGIS JUNCTION","230 VICTORIA STREET #01-52 SINGAPORE 089662"
"In-Mall & Building","IMM Building","RETAIL","GIORDANO ORIGINALS - IMM","2 JURONG EAST STREET 21 #01-74 SINGAPORE 048774"
"In-Mall & Building","Plaza Singapura","RETAIL","CROCS - PLAZA SINGAPURA","68 ORCHARD ROAD #02-06 SINGAPORE 079903"
"In-Mall & Building","Punggol Waterway Point","RETAIL","UAS-WATERWAY POINT","83 PUNGGOL CENTRAL #01-05 SINGAPORE 058456"
"In-Mall & Building","Junction 8","RETAIL","UNDER ARMOUR","9 BISHAN PLACE #01-03/04 SINGAPORE 048581"
"In-Mall & Building","Bugis Junction","RETAIL","UNDER ARMOUR - BUGIS JUNCTION","200 VICTORIA STREET #01-77/78/79/80 SINGAPORE 088525"
"In-Mall & Building","Parkway Parade","RETAIL","UNDER ARMOUR - PARKWAY PARADE","80 MARINE PARADE ROAD #01-37/40/56/57 SINGAPORE 079027"
"In-Mall & Building","I12 Katong","RETAIL","LULULEMON I12 KATONG","112 EAST COAST ROAD #01-25/26 SINGAPORE 068594"
"In-Mall & Building","Punggol Waterway Point","RETAIL","TWENTY LOAF TOASTIES - TWW","83 PUNGGOL CENTRAL #B2-K9 SINGAPORE 079027"
"In-Mall & Building","Bedok Mall","RETAIL","BEE CHENG HIANG - BEDOK MALL","311 NEW UPPER CHANGI ROAD #B2-23 SINGAPORE 088522"
"In-Mall & Building","NEX","RETAIL","BEE CHENG HIANG - NEX","23 SERANGOON CENTRAL #B2-11 SINGAPORE 079017"
"In-Mall & Building","Northpoint City","RETAIL","BEE CHENG HIANG NETWORK - NP","930 YISHUN AVENUE 2 #B2-155 SINGAPORE 079903"
"In-Mall & Building","Bugis Junction","RETAIL","IRVINS SALTED EGG - BUGIS JUNCTON","200 VICTORIA STREET #01-K12 - K14 SINGAPORE 078884"
"In-Mall & Building","Northpoint City","RETAIL","FRAGRANCE FOODSTUFF - NORTHPOINT","930 YISHUN AVENUE 2 #B2-15 SINGAPORE 068736"
"In-Mall & Building","NEX","RETAIL","FRAGRANCE FOODSTUFF PTE LTD","23 SERANGOON CENTRAL #03-14 SINGAPORE 088444"
"In-Mall & Building","West Mall","RETAIL","BEE CHENG HIANG - WESTMALL","1 BUKIT BATOK CENTRAL LINK #B1-07 SINGAPORE 089679"
"Street","Bugis Village","RETAIL","BEE CHENG HIANG - VICTORIAF P L","237/238/239 VICTORIA STREET SINGAPORE 088820"
"In-Mall & Building","Parkway Parade","RETAIL","BEE CHENG HIANG - PARKWAY PARADE","80 MARINE PARADE ROAD #B1-88 SINGAPORE 069458"
"In-Mall & Building","Junction 8","RETAIL","BEE CHENG HIANG - JUNCTION 8","9 BISHAN PLACE #B1-13 SINGAPORE 089813"
"In-Mall & Building","Lot One","RETAIL","BEE CHENG HIANG - 1 SHOPPES","21 CHOA CHU KANG AVENUE 4 #B1-K11/K12 SINGAPORE 088875"
"Street","Pagoda Street","RETAIL","BEE CHENG HIANG","69 - 71 PAGODA STREET SINGAPORE 089134"
"In-Mall & Building","Tampines Mall","RETAIL","BEE CHENG HIANG -TAMPINES MALL","4 TAMPINES CENTRAL 5 #B1-14 SINGAPORE 079027"
"In-Mall & Building","Punggol Waterway Point","RETAIL","BEE CHENG HIANG - WATERWAY POINT","83 PUNGGOL CENTRAL #B2-K5/K6 SINGAPORE 069612"
"In-Mall & Building","IMM Building","RETAIL","FRAGRANCE","2 JURONG EAST STREET 21 #01-43 SINGAPORE 068610"
"In-Mall & Building","Punggol Waterway Point","RETAIL","EPITEX - WATERWAY PT","83 PUNGGOL CENTRAL #B1-27 SINGAPORE 069907"
"In-Mall & Building","Lot One","RETAIL","EPITEX - LOT ONE","21 CHOA CHU KANG AVENUE 4 #03-16 SINGAPORE 088892"
"In-Mall & Building","Westgate","RETAIL","EPITEX - WESTGATE","3 GATEWAY DRIVE #03-41 SINGAPORE 068625"
"In-Mall & Building","Northpoint City","RETAIL","EPITEX - NORTHPOINT CITY","930 YISHUN AVENUE 2 #B1-26 SINGAPORE 088467"
"In-Mall & Building","Parkway Parade","RETAIL","EPITEX - PARKWAY PARADE","80 MARINE PARADE ROAD #03-23 SINGAPORE 088516"
"In-Mall & Building","Junction 8","RETAIL","EPITEX - JUNCTION 8","9 BISHAN PLACE #04-07 SINGAPORE 088536"
"In-Mall & Building","Tampines Mall","RETAIL","EPITEX - TAMPINES MALL","4 TAMPINES CENTRAL 5 #03-28/29 SINGAPORE 069116"
"In-Mall & Building","Parkway Parade","RETAIL","SLEEPTEC PARKWAY PARADE","80 MARINE PARADE ROAD #03-30F SINGAPORE 089000"
"In-Mall & Building","Plaza Singapura","RETAIL","EPITEX - PLAZA SINGAPURA","68 ORCHARD ROAD #04-08 SINGAPORE 068611"
"In-Mall & Building","NEX","RETAIL","EPITEX - NEX","23 SERANGOON CENTRAL #03-25/26 SINGAPORE 068630"
"In-Mall & Building","IMM Building","RETAIL","HOOGA SCENT -IMM","2 JURONG EAST STREET 21 #01-124A SINGAPORE 048616"
"In-Mall & Building","IMM Building","RETAIL","AARTICAL","2 JURONG EAST STREET 21 #03-21 SINGAPORE 068597"
"In-Mall & Building","IMM Building","RETAIL","MONDI LIFESTYLE - IMM BLDG","2 JURONG EAST STREET 21 #03-25 SINGAPORE 068727"
"In-Mall & Building","Plaza Singapura","RETAIL","AKEMIUCHI - PLAZA SINGAPURA","68 ORCHARD ROAD #05-08/09 SINGAPORE 018984"
"In-Mall & Building","NEX","RETAIL","AKEMIUCHI - NEX","23 SERANGOON CENTRAL #02-55 SINGAPORE 088502"
"In-Mall & Building","Westgate","RETAIL","HOOGA - WESTGATE","3 GATEWAY DRIVE #01-30/31/32 SINGAPORE 069913"
"In-Mall & Building","Plaza Singapura","RETAIL","HOOGA - PLAZA SINGAPURA","68 ORCHARD ROAD #05-04/05 SINGAPORE 069895"
"In-Mall & Building","Parkway Parade","RETAIL","SCOOP WHOLEFOODS-PP","80 MARINE PARADE ROAD #01-32 SINGAPORE 069901"
"In-Mall & Building","Punggol Waterway Point","RETAIL","SCOOP WHOLEFOODS - WATERWAY POINT","83 PUNGGOL CENTRAL #01-02/03 SINGAPORE 069115"
"In-Mall & Building","Punggol Waterway Point","RETAIL","HOOGA SCENT","83 PUNGGOL CENTRAL #01-K10 SINGAPORE 088450"
"In-Mall & Building","IMM Building","RETAIL","STAR LIVING - IMM BRANCH","2 JURONG EAST STREET 21 #03-20 SINGAPORE 068592"
"In-Mall & Building","Parkway Parade","RETAIL","HOOGA","80 MARINE PARADE ROAD #01-33 SINGAPORE 088854"
"In-Mall & Building","Bugis Junction","RETAIL","NBC STATIONERY & GIFTS BJ","200 VICTORIA STREET #03-05A SINGAPORE 069618"
"In-Mall & Building","Bugis Junction","RETAIL","BOOKS KINOKUNIYA - BJ","200 VICTORIA STREET #03-10 SINGAPORE 088496"
"In-Mall & Building","IMM Building","RETAIL","SECRET FURNISHING - IMM","2 JURONG EAST STREET 21 #03-25A SINGAPORE 088998"
"In-Mall & Building","Westgate","RETAIL","YAMAHA MUSIC - WESTGATE","3 GATEWAY DRIVE #04-40 SINGAPORE 069623"
"In-Mall & Building","West Mall","RETAIL","CRISTOFORI MUSIC - BUKIT BATOK","1 BUKIT BATOK CENTRAL LINK #04-13/14 SINGAPORE 049705"
"In-Mall & Building","Plaza Singapura","RETAIL","YAMAHA MUSIC - PLAZA AV","68 ORCHARD ROAD #06-02 SINGAPORE 079323"
"In-Mall & Building","Plaza Singapura","RETAIL","YAMAHA MUSIC - BEATSPOT","68 ORCHARD ROAD #06-21 SINGAPORE 068623"
"In-Mall & Building","Plaza Singapura","RETAIL","YAMAHA MUSIC - PLAZA SINGAPURA","68 ORCHARD ROAD #06-01 SINGAPORE 088509"
"In-Mall & Building","Westgate","RETAIL","SSS WESTGATE","3 GATEWAY DRIVE #01-35/36 SINGAPORE 058460"
"In-Mall & Building","Tampines Mall","RETAIL","AVENUE-TAMPINES","4 TAMPINES CENTRAL 5 #02-20/21 SINGAPORE 088443"
"In-Mall & Building","NEX","RETAIL","JD KING OF TRAINERS - NEX","23 SERANGOON CENTRAL #01-42/43/44 SINGAPORE 018982"
"In-Mall & Building","Junction 8","RETAIL","ANTA SINGAPORE","9 BISHAN PLACE #01-06 - 09 SINGAPORE 058688"
"In-Mall & Building","Northpoint City","RETAIL","ADIDAS NORTHPOINT","930 YISHUN AVENUE 2 #02-39 SINGAPORE 048616"
"In-Mall & Building","Punggol Waterway Point","RETAIL","ADIDAS WATERWAY POINT","83 PUNGGOL CENTRAL #01-04 SINGAPORE 068621"
"In-Mall & Building","Bugis Junction","RETAIL","ADIDAS BUGIS JUNCTION","200 VICTORIA STREET #02-12/13 SINGAPORE 059019"
"In-Mall & Building","IMM Building","RETAIL","WILSON SINGAPORE","2 JURONG EAST STREET 21 #01-111/111A SINGAPORE 059014"
"In-Mall & Building","IMM Building","RETAIL","TIMBERLAND - IMM","2 JURONG EAST STREET 21 #01-02/03/04 SINGAPORE 048770"
"In-Mall & Building","Bugis+","RETAIL","ADIDAS - BUGIS PLUS PD","201 VICTORIA STREET #02-10/11 SINGAPORE 018986"
"In-Mall & Building","Tampines Mall","RETAIL","WESTON CORP TAMPINES PD","4 TAMPINES CENTRAL 5 #02-18B SINGAPORE 018984"
"In-Mall & Building","Tampines Mall","RETAIL","NEW ERA TAMPINES PD","4 TAMPINES CENTRAL 5 #02-19 SINGAPORE 018984"
"In-Mall & Building","Bugis Junction","RETAIL","LFC BUGIS JUNCTION PD","200 VICTORIA STREET #01-73/74/75/76 SINGAPORE 069547"
"In-Mall & Building","Bugis Junction","RETAIL","FILA SINGAPORE","200 VICTORIA STREET #01-107/108 SINGAPORE 048581"
"In-Mall & Building","Plaza Singapura","RETAIL","ANTA SINGAPORE","68 ORCHARD ROAD #02-09 SINGAPORE 079027"
"In-Mall & Building","NEX","RETAIL","RSH - NEX","23 SERANGOON CENTRAL #02-20/21 SINGAPORE 048619"
"In-Mall & Building","Bugis Junction","RETAIL","SALOMON SINGAPORE","200 VICTORIA STREET #01-51/51A/51B SINGAPORE 059221"
"In-Mall & Building","Westgate","RETAIL","ANTA SINGAPORE","3 GATEWAY DRIVE #01-29 SINGAPORE 088511"
"In-Mall & Building","Westgate","RETAIL","FILA WESTGATE","3 GATEWAY DRIVE #01-41 SINGAPORE 089525"
"In-Mall & Building","Bugis+","RETAIL","JD KING OF TRAINERS - BUGIS","201 VICTORIA STREET #02-25/26/27 SINGAPORE 079903"
"In-Mall & Building","Junction 8","RETAIL","RSH JUNCTION 8","9 BISHAN PLACE #02-13/14/15 SINGAPORE 069542"
"In-Mall & Building","Northpoint City","RETAIL","NEW BALANCE - NORTHPOINT","1 NORTHPOINT DRIVE #02-173 SINGAPORE 069047"
"In-Mall & Building","Bugis Junction","RETAIL","CONVERSE - BUGIS JUNCTION","200 VICTORIA STREET #02-19 SINGAPORE 078881"
"In-Mall & Building","IMM Building","RETAIL","SPERRY - IMM","2 JURONG EAST STREET 21 #01-124 SINGAPORE 049964"
"In-Mall & Building","Bugis Junction","RETAIL","TEVA BUGIS JUNCTION","200 VICTORIA STREET #02-10C SINGAPORE 079027"
"In-Mall & Building","Tampines Mall","RETAIL","FITFLOP - TAMPINES","4 TAMPINES CENTRAL 5 #02-22 SINGAPORE 069547"
"In-Mall & Building","Bugis Junction","RETAIL","NEW BALANCE CONCEPT - BUGIS JUNCTION","200 VICTORIA STREET #02-10 SINGAPORE 058971"
"In-Mall & Building","Bugis Junction","RETAIL","SPERRY BUGIS JUNCTION","200 VICTORIA STREET #02-18D SINGAPORE 078884"
"In-Mall & Building","Northpoint City","RETAIL","AVENUE - NORTHPOINT","930 YISHUN AVENUE 2 #02-30 SINGAPORE 048616"
"In-Mall & Building","Bugis+","RETAIL","SUN AND SAND SPORT BUGIS+","201 VICTORIA STREET #01-04/05 SINGAPORE 079027"
"In-Mall & Building","Bugis Junction","RETAIL","TOYS R US - BUGIS JUNCTION ","200 VICTORIA STREET #03-13A SINGAPORE 079027"
"In-Mall & Building","NEX","RETAIL","THE BRICK SHOP","23 SERANGOON CENTRAL #04-52/53 SINGAPORE 048622"
"In-Mall & Building","Parkway Parade","RETAIL","TOYS R US - PARKWAY PARADE ","80 MARINE PARADE ROAD #02-33 SINGAPORE 078884"
"In-Mall & Building","Punggol Waterway Point","RETAIL","TOYS R US - WATERWAY POINT ","83 PUNGGOL CENTRAL #02-27 SINGAPORE 048616"
"In-Mall & Building","Tampines Mall","RETAIL","THE BRICK SHOP - TM","4 TAMPINES CENTRAL 5 #03-20/21 SINGAPORE 079027"
"In-Mall & Building","Plaza Singapura","RETAIL","LEGO CERTIFIED STORE - PS","68 ORCHARD ROAD #03-17 SINGAPORE 069538"
"In-Mall & Building","Tampines Mall","RETAIL","TOYS R US- TAMPINES MALL ","4 TAMPINES CENTRAL 5 #03-17A SINGAPORE 049213"
"In-Mall & Building","Tampines Mall","RETAIL","ECCO SHOES - TAMPINES MALL","4 TAMPINES CENTRAL 5 #01-01/02 SINGAPORE 068590"
"In-Mall & Building","Punggol Waterway Point","RETAIL","CROCS - WATERWAY POINT","83 PUNGGOL CENTRAL #01-69/70 SINGAPORE 059028"
"In-Mall & Building","Plaza Singapura","RETAIL","ECCO SHOES - PLAZA SING","68 ORCHARD ROAD #01-08 SINGAPORE 048619"
"In-Mall & Building","Westgate","RETAIL","ECCO SHOES WESTGATE","3 GATEWAY DRIVE #01-19 SINGAPORE 078884"
"In-Mall & Building","IMM Building","RETAIL","ECCO SHOES IMM","2 JURONG EAST STREET 21 #01-58(P) SINGAPORE 048619"
"In-Mall & Building","NEX","RETAIL","CROCS - NEX","23 SERANGOON CENTRAL #01-46/47 SINGAPORE 048619"
"In-Mall & Building","Parkway Parade","RETAIL","CROCS - PARKWAY PARADE","80 MARINE PARADE ROAD #02-37/38/39 SINGAPORE 048616"
"In-Mall & Building","Junction 8","RETAIL","CROCS - JUNCTION 8","9 BISHAN PLACE #02-07 SINGAPORE 018984"
"In-Mall & Building","Tampines Mall","RETAIL","CROCS - TAMPINES","4 TAMPINES CENTRAL 5 #01-17 SINGAPORE 018984"
"In-Mall & Building","Junction 8","RETAIL","SKECHERS - JUNCTION 8 - BR60","9 BISHAN PLACE #01-05 SINGAPORE 059189"
"In-Mall & Building","Punggol Waterway Point","RETAIL","SKECHERS - WATERWAY POINT - BR21","83 PUNGGOL CENTRAL #01-10 SINGAPORE 088321"
"In-Mall & Building","Northpoint City","RETAIL","SKECHERS - NORTHPOINT - BR30","930 YISHUN AVENUE 2 #01-122/123/132 SINGAPORE 048616"
"In-Mall & Building","Lot One","RETAIL","SKECHERS - LOT ONE - BR44","21 CHOA CHU KANG AVENUE 4 #01-10/11 SINGAPORE 049215"
"In-Mall & Building","Parkway Parade","RETAIL","SKECHERS - PARKWAY PARADE - BR08","80 MARINE PARADE ROAD #02-42/43 SINGAPORE 048618"
"In-Mall & Building","NEX","RETAIL","SKECHERS - NEX - BR28","23 SERANGOON CENTRAL #01-07/08 SINGAPORE 048616"
"In-Mall & Building","Parkway Parade","RETAIL","ASICS - PARKWAY","80 MARINE PARADE ROAD #01-49/50/51/52 SINGAPORE 048616"
"In-Mall & Building","Bugis Junction","RETAIL","ASICS - BUGIS JUNCTION","200 VICTORIA STREET #01-53/53A/54/54A SINGAPORE 078883"
"In-Mall & Building","Bedok Mall","RETAIL","SKECHERS - BEDOK MALL - BR59","311 NEW UPPER CHANGI ROAD #B1-68/69 SINGAPORE 088822"
"In-Mall & Building","IMM Building","RETAIL","ALDO - IMM","2 JURONG EAST STREET 21 #01-77 SINGAPORE 089142"
"In-Mall & Building","Plaza Singapura","RETAIL","ASICS PLAZA SING","68 ORCHARD ROAD #02-04 SINGAPORE 069333"
"In-Mall & Building","NEX","RETAIL","ASICS NEX","23 SERANGOON CENTRAL #01-09 SINGAPORE 069333"
"In-Mall & Building","Westgate","RETAIL","ASICS WESTGATE","3 GATEWAY DRIVE #01-40 SINGAPORE 069547"
"In-Mall & Building","Bugis Junction","RETAIL","SKECHERS - BUGIS JUNCTION - BR37","200 VICTORIA STREET #02-11 SINGAPORE 048583"
"In-Mall & Building","Bugis Junction","RETAIL","NIKE - BUGIS","200 VICTORIA STREET #01-112 SINGAPORE 079903"
"In-Mall & Building","Plaza Singapura","RETAIL","ALDO - PLAZA SINGAPURA","68 ORCHARD ROAD #01-24 SINGAPORE 018982"
"In-Mall & Building","Bugis Junction","RETAIL","ALDO - BUGIS JUNCTION","200 VICTORIA STREET #01-39/40 SINGAPORE 078884"
"In-Mall & Building","Bugis Junction","RETAIL","PAZZION - BUGIS JUNCTION","200 VICTORIA STREET #02-07/08 SINGAPORE 048616"
"In-Mall & Building","Junction 8","RETAIL","PAZZION - JUNCTION 8","9 BISHAN PLACE #01-23A SINGAPORE 048616"
"In-Mall & Building","NEX","RETAIL","L'OCCITANE - NEX","23 SERANGOON CENTRAL #01-75 SINGAPORE 058348"
"In-Mall & Building","Bugis Junction","RETAIL","KIEHL'S - BUGIS JUNCTION PD","200 VICTORIA STREET #01-13 SINGAPORE 068738"
"In-Mall & Building","Northpoint City","RETAIL","KIEHL'S - NORTHPOINT CITY PD","1 NORTHPOINT DRIVE #01-140A SINGAPORE 078994"
"In-Mall & Building","Parkway Parade","RETAIL","KIEHL'S - PARKWAY PARADE PD","80 MARINE PARADE ROAD #01-19 SINGAPORE 088464"
"In-Mall & Building","Plaza Singapura","RETAIL","KIEHL'S - PLAZA SINGAPURA PD","68 ORCHARD ROAD #01-66 SINGAPORE 089516"
"In-Mall & Building","Tampines Mall","RETAIL","KIEHL'S - TAMPINES MALL PD","4 TAMPINES CENTRAL 5 #01-29 SINGAPORE 078884"
"In-Mall & Building","Punggol Waterway Point","RETAIL","KIEHL'S - WATERWAY POINT PD","83 PUNGGOL CENTRAL #01-56 SINGAPORE 048619"
"In-Mall & Building","Westgate","RETAIL","KIEHL'S - WEST GATE PD","3 GATEWAY DRIVE #01-34 SINGAPORE 069547"
"In-Mall & Building","NEX","RETAIL","KIEHL'S - NEX PD","23 SERANGOON CENTRAL #01-76 SINGAPORE 048616"
"In-Mall & Building","Bugis Junction","RETAIL","SHU UEMURA - BUGIS JUNCTION PD","200 VICTORIA STREET #01-12 SINGAPORE 048622"
"In-Mall & Building","Tampines Mall","RETAIL","AESOP - TAMPINES PD","4 TAMPINES CENTRAL 5 #01-08/09 SINGAPORE 058479"
"In-Mall & Building","Westgate","RETAIL","AESOP - WESTGATE PD","3 GATEWAY DRIVE #01-27 SINGAPORE 068605"
"In-Mall & Building","Westgate","RETAIL","OROGOLD COSMETICS - WESTGATE","3 GATEWAY DRIVE #02-36 SINGAPORE 081007"
"In-Mall & Building","Punggol Waterway Point","RETAIL","THE BODY SHOP - WATERWAY POINT 6771","83 PUNGGOL CENTRAL #01-55 SINGAPORE 089822"
"In-Mall & Building","Westgate","RETAIL","AVINICHI WESTGATE","3 GATEWAY DRIVE #03-17 SINGAPORE 068601"
"In-Mall & Building","Tampines Mall","RETAIL","L'OCCITANE - TAMPINES","4 TAMPINES CENTRAL 5 #01-31A SINGAPORE 068602"
"In-Mall & Building","Northpoint City","RETAIL","L'OCCITANE - NORTHPOINT","930 YISHUN AVENUE 2 #01-140 SINGAPORE 048616"
"In-Mall & Building","NEX","RETAIL","THE BODY SHOP - NEX 6188","23 SERANGOON CENTRAL #01-45 SINGAPORE 048581"
"In-Mall & Building","Bugis Junction","RETAIL","MAC - BUGIS JUNCTION","200 VICTORIA STREET #01-17 SINGAPORE 049318"
"In-Mall & Building","Northpoint City","RETAIL","THE BODY SHOP - NORTHPOINT 5505","930 YISHUN AVENUE 2 #01-09 SINGAPORE 089691"
"In-Mall & Building","Junction 8","RETAIL","THE BODY SHOP - JUNCTION 8 5497","9 BISHAN PLACE #01-44 SINGAPORE 069046"
"In-Mall & Building","Plaza Singapura","RETAIL","L'OCCITANE - PLAZA SINGAPURA","68 ORCHARD ROAD #01-65 SINGAPORE 048622"
"In-Mall & Building","Westgate","RETAIL","L'OCCITANE - WESTGATE","3 GATEWAY DRIVE #01-15 SINGAPORE 089144"
"In-Mall & Building","Bedok Mall","RETAIL","THE BODY SHOP- BEDOK MALL 6362","311 NEW UPPER CHANGI ROAD #01-26 SINGAPORE 058809"
"In-Mall & Building","Tampines Mall","RETAIL","THE BODY SHOP - TAMPINES MALL 5511","4 TAMPINES CENTRAL 5 #01-30 SINGAPORE 048616"
"In-Mall & Building","Bugis Junction","RETAIL","THE BODY SHOP - BUGIS JUNCTION 5507","200 VICTORIA STREET #01-26/26A/27/27A SINGAPORE 068615"
"In-Mall & Building","Lot One","RETAIL","THE BODY SHOP - LOT 1 5501","21 CHOA CHU KANG AVENUE 4 #01-14 SINGAPORE 088512"
"In-Mall & Building","Parkway Parade","RETAIL","THE BODY SHOP - PARKWAY PARADE 5508","80 MARINE PARADE ROAD #B1-50/66 SINGAPORE 049325"
"In-Mall & Building","Plaza Singapura","RETAIL","THE BODY SHOP - PLAZA SINGAPURA 5528","68 ORCHARD ROAD #01-02 SINGAPORE 069705"
"In-Mall & Building","IMM Building","RETAIL","ZTP GINSENG BIRDNEST PTE LTD - IMM","2 JURONG EAST STREET 21 #01-86A SINGAPORE 049317"
"In-Mall & Building","Bugis Junction","RETAIL","CHOW TAI FOOK - BUGIS JUNCTION","200 VICTORIA STREET #01-38/41/42 SINGAPORE 069791"
"In-Mall & Building","Northpoint City","RETAIL","CASIO G - SHOCK - NORTHPOINT","930 YISHUN AVENUE 2 #01-34 SINGAPORE 069900"
"Street","Ann Siang Road","RETAIL","MADLY GEMS","13 ANN SIANG ROAD #01-01 SINGAPORE 068585"
"In-Mall & Building","NEX","RETAIL","CHOW TAI FOOK - NEX","23 SERANGOON CENTRAL #01-80/81 SINGAPORE 079903"
"In-Mall & Building","Lot One","RETAIL","POH HENG JEWELLERY - LOT ONE","21 CHOA CHU KANG AVENUE 4 #01-21 SINGAPORE 018984"
"In-Mall & Building","Bugis Junction","RETAIL","MEYSON JEWELLERY PTE LTD","200 VICTORIA STREET #01-29/30 SINGAPORE 069427"
"In-Mall & Building","Parkway Parade","RETAIL","POH HENG JEWELLERY - PARKWAY PARADE","80 MARINE PARADE ROAD #B1-109/110 SINGAPORE 059200"
"In-Mall & Building","Northpoint City","RETAIL","POH HENG JEWELLERY - NORTHPOINT","930 YISHUN AVENUE 2 #01-23 SINGAPORE 069405"
"In-Mall & Building","Tampines Mall","RETAIL","POH HENG JEWELLERY - TAMPINES MALL","4 TAMPINES CENTRAL 5 #01-04 SINGAPORE 089137"
"In-Mall & Building","Parkway Parade","RETAIL","MEYSON JEWELLERY - P'WAY PARADE","80 MARINE PARADE ROAD #B1-150/151/152 SINGAPORE 049317"
"In-Mall & Building","IMM Building","RETAIL","POH HENG JEWELLERY - IMM","2 JURONG EAST STREET 21 #01-25 SINGAPORE 049317"
"In-Mall & Building","Bugis Junction","RETAIL","CASIO G - SHOCK - BUGIS JUNCTION","200 VICTORIA STREET #01-23/23A SINGAPORE 049317"
"In-Mall & Building","Plaza Singapura","RETAIL","BELLROY","68 ORCHARD ROAD #01-30A SINGAPORE 079903"
"In-Mall & Building","Bedok Mall","RETAIL","BOARDING GATE","311 NEW UPPER CHANGI ROAD #01-31A SINGAPORE 018981"
"In-Mall & Building","Punggol Waterway Point","RETAIL","THE WALLET SHOP - CCP","83 PUNGGOL CENTRAL #01-75 SINGAPORE 048619"
"In-Mall & Building","Bedok Mall","RETAIL","BOARDING GATE - BEDOK","311 NEW UPPER CHANGI ROAD #01-57/58/59 SINGAPORE 018984"
"In-Mall & Building","Westgate","RETAIL","THE PLANET TRAVELLER","3 GATEWAY DRIVE #01-37 SINGAPORE 058833"
"In-Mall & Building","Bugis+","RETAIL","SAMSONITE SINGAPORE P L - BUGIS","201 VICTORIA STREET #01-18 SINGAPORE 078884"
"In-Mall & Building","Parkway Parade","RETAIL","THE WALLET SHOP - PARKWAY","80 MARINE PARADE ROAD #01-31 SINGAPORE 058660"
"In-Mall & Building","Bedok Mall","RETAIL","THE WALLET SHOP - BEDOK","311 NEW UPPER CHANGI ROAD #01-54 SINGAPORE 088808"
"In-Mall & Building","Bugis Junction","RETAIL","THE WALLET SHOP - BUGIS","200 VICTORIA STREET #02-18E SINGAPORE 059015"
"In-Mall & Building","Tampines Mall","RETAIL","THE WALLET SHOP - TAMPINES","4 TAMPINES CENTRAL 5 #02-09 SINGAPORE 079009"
"In-Mall & Building","Northpoint City","RETAIL","THE WALLET SHOP - NORTH POINT","930 YISHUN AVENUE 2 #01-20 SINGAPORE 058779"
"In-Mall & Building","Westgate","RETAIL","THE WALLET SHOP - WESTGATE","3 GATEWAY DRIVE #02-33 SINGAPORE 058568"
"In-Mall & Building","Bugis Junction","RETAIL","BOARDING GATE - BUGIS","200 VICTORIA STREET #03-10 SINGAPORE 058559"
"In-Mall & Building","Punggol Waterway Point","RETAIL","BOARDING GATE - WWP","83 PUNGGOL CENTRAL #01-74 SINGAPORE 089839"
"In-Mall & Building","IMM Building","RETAIL","TUMI SINGAPORE","2 JURONG EAST STREET 21 #01-107 SINGAPORE 089486"
"In-Mall & Building","Parkway Parade","RETAIL","SAMSONITE SINGAPORE P L - PARKWAY","80 MARINE PARADE ROAD #02-23/23A SINGAPORE 058823"
"In-Mall & Building","Plaza Singapura","RETAIL","SAMSONITE SINGAPORE P L - PS","68 ORCHARD ROAD #04-04 SINGAPORE 088454"
"In-Mall & Building","I12 Katong","RETAIL","1855 THE BOTTLE SHOP","112 EAST COAST ROAD #B1-21 SINGAPORE 088462"
"In-Mall & Building","Guoco Tower","RETAIL","BOTTLES & BOTTLES","7 WALLICH STREET #B1-12 SINGAPORE 069114"
"In-Mall & Building","Paya Lebar Quarter","RETAIL","BOTTLES & BOTTLES - PLQ","1 PAYA LEBAR LINK #01-03A SINGAPORE 059243"
"In-Mall & Building","One Raffles Place","RETAIL","BOTTLES & BOTTLES - RAFFLES PLACE","1 RAFFLES PLACE #01-13 SINGAPORE 058569"
"In-Mall & Building","Parkway Parade","RETAIL","BOTTLES & BOTTLES - PARKWAY PARADE","80 MARINE PARADE ROAD #B1-83K/L SINGAPORE 048618"
"In-Mall & Building","Tampines Mall","RETAIL","OTTNO SAMSUNG - TM","4 TAMPINES CENTRAL 5 #02-29 SINGAPORE 048616"
"In-Mall & Building","Northpoint City","RETAIL","ISTUDIO - NORTHPOINT CITY","930 YISHUN AVENUE 2 #01-182/183/184 SINGAPORE 079903"
"In-Mall & Building","Parkway Parade","RETAIL","OTTNO SAMSUNG - PP","80 MARINE PARADE ROAD #B1-106 SINGAPORE 058813"
"In-Mall & Building","Junction 8","RETAIL","OTTNO SAMSUNG - J8","9 BISHAN PLACE #02-41 SINGAPORE 082001"
"In-Mall & Building","Bugis Junction","RETAIL","ISTUDIO - BUGIS","200 VICTORIA STREET #01-83/84A SINGAPORE 048616"
"In-Mall & Building","Bedok Mall","RETAIL","ISTUDIO-BEDOK","311 NEW UPPER CHANGI ROAD #01-02 SINGAPORE 049317"
"In-Mall & Building","NEX","RETAIL","ISTUDIO- NEX","23 SERANGOON CENTRAL #02-45/46 SINGAPORE 018984"
"In-Mall & Building","Tampines Mall","RETAIL","ISTUDIO - TAMPINES","4 TAMPINES CENTRAL 5 #01-49 SINGAPORE 079903"
"In-Mall & Building","Paya Lebar Quarter","RETAIL","ISTUDIO-PLQ","10 PAYA LEBAR ROAD #01-04 SINGAPORE 048581"
"In-Mall & Building","Junction 8","RETAIL","ISTUDIO - JUNCTION 8","9 BISHAN PLACE #02-38 SINGAPORE 058463"
"In-Mall & Building","Plaza Singapura","RETAIL","ISTUDIO - PLAZA SINGAPURA","68 ORCHARD ROAD #B1-04 SINGAPORE 018984"
"In-Mall & Building","Punggol Waterway Point","RETAIL","BENJAMIN BARKER - WATERWAY PT","83 PUNGGOL CENTRAL #01-68 SINGAPORE 078884"
"In-Mall & Building","IMM Building","RETAIL","BENJAMIN BARKER IMM","2 JURONG EAST STREET 21 #01-17/18/19 SINGAPORE 059221"
"In-Mall & Building","Bugis Junction","RETAIL","BENJAMIN BARKER-BUGIS","200 VICTORIA STREET #01-05 SINGAPORE 059213"
"In-Mall & Building","Plaza Singapura","RETAIL","BENJAMIN BARKER","68 ORCHARD ROAD #01-09 SINGAPORE 059219"
"Street","Duxton Road","RETAIL","BENJAMIN BARKER STUDIOS","78 DUXTON ROAD SINGAPORE 059226"
"In-Mall & Building","IMM Building","RETAIL","IROO - IMM BUILDING","2 JURONG EAST STREET 21 #01-112 SINGAPORE 058781"
"In-Mall & Building","One Raffles Place","RETAIL","IROO - ONE RAFFLES PLACE","1 RAFFLES PLACE #02-16/17 SINGAPORE 079903"
"In-Mall & Building","Lot One","RETAIL","7946 - COTTON ON - LOT ONE","21 CHOA CHU KANG AVENUE 4 #01-03/04 SINGAPORE 058457"
"In-Mall & Building","Westgate","RETAIL","CALVIN KLEIN JEANS-WESTGATE","3 GATEWAY DRIVE #01-43 SINGAPORE 069333"
"In-Mall & Building","IMM Building","RETAIL","CALVIN KLEIN JEANS","2 JURONG EAST STREET 21 #01-120 SINGAPORE 088996"
"In-Mall & Building","Punggol Waterway Point","RETAIL","7294 - KIDS - WATERWAY POINT","83 PUNGGOL CENTRAL #02-09 SINGAPORE 059204"
"In-Mall & Building","Plaza Singapura","RETAIL","7707 - TYPO - SINGAPURA PLAZA","68 ORCHARD ROAD #02-30 SINGAPORE 058800"
"In-Mall & Building","Parkway Parade","RETAIL","7215 - KIDS - PARKWAY PARADE","80 MARINE PARADE ROAD #02-48/49/50/51 SINGAPORE 058752"
"In-Mall & Building","NEX","RETAIL","7916 - SERANGOON MEGA","23 SERANGOON CENTRAL #01-01/02 SINGAPORE 079903"
"In-Mall & Building","Plaza Singapura","RETAIL","7414 - BODY - PLAZA SINGAPURA","68 ORCHARD ROAD #02-10 SINGAPORE 058607"
"In-Mall & Building","Northpoint City","RETAIL","7222 - KIDS - NORTHPOINT CITY","930 YISHUN AVENUE 2 #02-160 SINGAPORE 049317"
"In-Mall & Building","IMM Building","RETAIL","TOMMY HILFIGER - IMM","2 JURONG EAST STREET 21 #01-102 SINGAPORE 088326"
"In-Mall & Building","Westgate","RETAIL","TOMMY HILFIGER - WESTGATE","3 GATEWAY DRIVE #01-43 SINGAPORE 048616"
"In-Mall & Building","Tampines Mall","RETAIL","7934 - TAMPINES MEGA","4 TAMPINES CENTRAL 5 #02-17 SINGAPORE 049317"
"In-Mall & Building","Plaza Singapura","RETAIL","7203 - KIDS - PLAZA SINGAPURA","68 ORCHARD ROAD #03-20 SINGAPORE 048618"
"In-Mall & Building","Northpoint City","RETAIL","7016 - COTTON ON - NORTHPOINT","930 YISHUN AVENUE 2 #02-37/38 SINGAPORE 048618"
"In-Mall & Building","Bugis Junction","RETAIL","7915 - BUGIS (MEGA)","200 VICTORIA STREET #02-14A SINGAPORE 082001"
"In-Mall & Building","Parkway Parade","RETAIL","7900 - COTTON ON - PARKWAY PARADE","80 MARINE PARADE ROAD #01-80/81/82 SINGAPORE 058805"
"In-Mall & Building","IMM Building","RETAIL","7182 - IMM MEGA","2 JURONG EAST STREET 21 #01-59/60/61 SINGAPORE 089607"
"In-Mall & Building","IMM Building","RETAIL","OPTICAL 88 - IMM","2 JURONG EAST STREET 21 #01-68/69 SINGAPORE 082001"
"In-Mall & Building","Plaza Singapura","RETAIL","OWNDAYS PLAZA SINGAPURA","68 ORCHARD ROAD #03-04 SINGAPORE 058461"
"In-Mall & Building","Bedok Mall","RETAIL","OWNDAYS BEDOK MALL","311 NEW UPPER CHANGI ROAD #01-60/61 SINGAPORE 049317"
"In-Mall & Building","NEX","RETAIL","OWNDAYS NEX","23 SERANGOON CENTRAL #B2-30 SINGAPORE 058770"
"In-Mall & Building","Bugis+","RETAIL","OWNDAYS BUGIS","201 VICTORIA STREET #03-02/03/04 SINGAPORE 049318"
"In-Mall & Building","IMM Building","RETAIL","OWNDAYS IMM OUTLET","2 JURONG EAST STREET 21 #01-11/12 SINGAPORE 018984"
"In-Mall & Building","Punggol Waterway Point","RETAIL","OWNDAYS WATERWAY POINT","83 PUNGGOL CENTRAL #01-58/59/60 SINGAPORE 079903"
"In-Mall & Building","Westgate","RETAIL","OWNDAYS WESTGATE","3 GATEWAY DRIVE #02-42 SINGAPORE 069696"
"In-Mall & Building","100AM","RETAIL","OWNDAYS 100AM","100 TRAS STREET #01-02 SINGAPORE 049317"
"In-Mall & Building","Northpoint City","RETAIL","OWNDAYS NORTHPOINT CITY","1 NORTHPOINT DRIVE #01-164/165 SINGAPORE 079007"
"In-Mall & Building","Junction 8","RETAIL","CAPITOL OPTICAL - J8","9 BISHAN PLACE #01-16 SINGAPORE 048616"
"In-Mall & Building","Parkway Parade","RETAIL","OWNDAYS - PARKWAY PARADE","80 MARINE PARADE ROAD #B1-96/97/98 SINGAPORE 088993"
"In-Mall & Building","Bugis Junction","RETAIL","OWNDAYS SINGAPORE - BUGIS JUNCTION","200 VICTORIA STREET #01-58/58A/59/59A SINGAPORE 088506"
"In-Mall & Building","Bedok Mall","RETAIL","W OPTICS-BEDOK MALL","311 NEW UPPER CHANGI ROAD #01-81/82 SINGAPORE 080333"
"In-Mall & Building","Northpoint City","RETAIL","CAPITOL OPTICAL NPT","930 YISHUN AVENUE 2 #B1-65 SINGAPORE 049317"
"In-Mall & Building","Tampines Mall","RETAIL","CAPITOL OPTICAL TAM","4 TAMPINES CENTRAL 5 #02-03 SINGAPORE 048616"
"In-Mall & Building","Lot One","RETAIL","CAPITOL OPTICAL LOT1","21 CHOA CHU KANG AVENUE 4 #B1-01 SINGAPORE 049317"
"In-Mall & Building","Northpoint City","RETAIL","PRISM+ NORTHPOINT","930 YISHUN AVENUE 2 #B1-134 SINGAPORE 079903"
"In-Mall & Building","Tampines Mall","RETAIL","PRISM+ TAMPINES MALL","4 TAMPINES CENTRAL 5 #03-22/23 SINGAPORE 058772"
"In-Mall & Building","Westgate","RETAIL","SONY STORE WESTGATE","3 GATEWAY DRIVE #01-39 SINGAPORE 048762"
"In-Mall & Building","Junction 8","RETAIL","PRISM+ JUNCTION 8","9 BISHAN PLACE #02-24/25 SINGAPORE 048618"
"In-Mall & Building","NEX","RETAIL","PRISM+ NEX","23 SERANGOON CENTRAL #B1-21A SINGAPORE 018984"
"In-Mall & Building","Punggol Waterway Point","RETAIL","THE PET SAFARI","83 PUNGGOL CENTRAL #B2-10 SINGAPORE 049317"
"In-Mall & Building","The Star Vista","RETAIL","THE PET SAFARI - STAR VISTA","1 VISTA EXCHANGE GREEN #01-14/15 SINGAPORE 059025"
"In-Mall & Building","NEX","RETAIL","PET LOVERS CENTRE PTE LTD - NEX","23 SERANGOON CENTRAL #04-03 SINGAPORE 049317"
"In-Mall & Building","Lot One","RETAIL","PET LOVERS CENTRE PTE LTD - LOT ONE","21 CHOA CHU KANG AVENUE 4 #B1-19 SINGAPORE 079903"
"In-Mall & Building","Tampines Mall","RETAIL","PET LOVERS CENTRE - TM","4 TAMPINES CENTRAL 5 #B1-25 SINGAPORE 048581"
"Street","Kensington Park Road","RETAIL","PET LOVERS CENTRE PTE LTD","10 KENSINGTON PARK ROAD SINGAPORE 049318"
"In-Mall & Building","Northpoint City","RETAIL","PET LOVERS CENTRE PTE LTD-NORTH POINT","1 NORTHPOINT DRIVE #B1-113 SINGAPORE 048622"
"In-Mall & Building","West Mall","RETAIL","PET LOVERS CENTRE PTE LTD-WEST MALL","1 BUKIT BATOK CENTRAL LINK #04-16 SINGAPORE 048581"
"In-Mall & Building","NEX","RETAIL","THE PET SAFARI","23 SERANGOON CENTRAL #04-03/71 SINGAPORE 058917"
"Street","East Coast Road","RETAIL","PET LOVERS CENTRE PTE LTD","725 EAST COAST ROAD SINGAPORE 058581"
"In-Mall & Building","100AM","RETAIL","PET LOVERS CENTRE PTE LTD","100 TRAS STREET #04-03 SINGAPORE 079903"
"In-Mall & Building","Bedok Mall","RETAIL","PET LOVERS CENTRE PTE LTD","311 NEW UPPER CHANGI ROAD #B2-59 SINGAPORE 049318"
"Street","Lorong Liput","RETAIL","PET LOVERS CENTRE PTE LTD","31A/33A LORONG LIPUT SINGAPORE 058917"
"In-Mall & Building","Bugis Junction","RETAIL","PET LOVERS CENTRE PTE LTD","200 VICTORIA STREET #B1-27 SINGAPORE 079027"
"In-Mall & Building","Parkway Parade","RETAIL","PET LOVERS CENTRE PTE LTD","80 MARINE PARADE ROAD #B1-13 SINGAPORE 069865"
"In-Mall & Building","Junction 8","RETAIL","PET LOVERS CENTRE PTE LTD","9 BISHAN PLACE #B1-14 SINGAPORE 069468"
"In-Mall & Building","Plaza Singapura","RETAIL","PET LOVERS CENTRE PTE LTD","68 ORCHARD ROAD #B2-19A SINGAPORE 088859"
"In-Mall & Building","Tampines Mall","RETAIL","CITY CHAIN STORE - TAMPINES MALL","4 TAMPINES CENTRAL 5 #01-10 SINGAPORE 048616"
"In-Mall & Building","NEX","RETAIL","CITY CHAIN STORES - NEX","23 SERANGOON CENTRAL #01-77 SINGAPORE 058825"
"In-Mall & Building","Bugis Junction","RETAIL","CITY CHAIN STORES - BUGIS JUNCTION","200 VICTORIA STREET #01-65 SINGAPORE 058830"
"In-Mall & Building","IMM Building","RETAIL","CITY CHAIN STORES - IMM","2 JURONG EAST STREET 21 #01-116 SINGAPORE 058345"
"In-Mall & Building","Northpoint City","RETAIL","CITY CHAIN STORES - NORTHPOINT","930 YISHUN AVENUE 2 #01-48 SINGAPORE 050034"
"In-Mall & Building","Bugis Junction","RETAIL","BENGAWAN SOLO - BUGIS","200 VICTORIA STREET #B1-03A SINGAPORE 058964"
"In-Mall & Building","Plaza Singapura","RETAIL","BENGAWAN SOLO - PLS","68 ORCHARD ROAD #B2-59 SINGAPORE 050004"
"In-Mall & Building","Northpoint City","RETAIL","BENGAWAN SOLO - NOP","930 YISHUN AVENUE 2 #B1-19 SINGAPORE 058669"
"In-Mall & Building","NEX","RETAIL","BENGAWAN SOLO - NEX","23 SERANGOON CENTRAL #B2-69 SINGAPORE 058615"
"In-Mall & Building","The Arcade","RETAIL","BENGAWAN SOLO - ARC","11 COLLYER QUAY #01-16 SINGAPORE 079903"
"In-Mall & Building","Parkway Parade","RETAIL","BENGAWAN SOLO - PWY","80 MARINE PARADE ROAD #B1-78/79 SINGAPORE 079903"
"In-Mall & Building","West Mall","RETAIL","BENGAWAN SOLO - BBT","1 BUKIT BATOK CENTRAL LINK #B1-02 SINGAPORE 089816"
"In-Mall & Building","Lot One","RETAIL","BENGAWAN SOLO - LOT","21 CHOA CHU KANG AVENUE 4 #B1-14 SINGAPORE 049705"
"In-Mall & Building","Junction 8","RETAIL","BENGAWAN SOLO - JN8","9 BISHAN PLACE #B1-02 SINGAPORE 058476"
"In-Mall & Building","Tampines Mall","RETAIL","BENGAWAN SOLO - TML","4 TAMPINES CENTRAL 5 #B1-15 SINGAPORE 049215"
"In-Mall & Building","Parkway Parade","RETAIL","FISH MART SAKURAYA-PARKWAY PARADE","80 MARINE PARADE ROAD #B1-84D SINGAPORE 059225"
"In-Mall & Building","Parkway Parade","RETAIL","ZTP GINSENG BIRDNEST PTE LTD","80 MARINE PARADE ROAD #B1-75/76 SINGAPORE 058466"
"In-Mall & Building","Parkway Parade","RETAIL","OTO WELLNESS","80 MARINE PARADE ROAD #B1-91/92 SINGAPORE 059229"
"In-Mall & Building","One Raffles Place","RETAIL","ZTP GINSENG BIRDNEST PTE LTD","1 RAFFLES PLACE #B1-14 SINGAPORE 049325"
"In-Mall & Building","Tampines Mall","RETAIL","OTO WELLNESS","4 TAMPINES CENTRAL 5 #B1-20 SINGAPORE 018984"
"In-Mall & Building","NEX","RETAIL","OTO WELLNESS","23 SERANGOON CENTRAL #03-35/36 SINGAPORE 058607"
"In-Mall & Building","Punggol Waterway Point","RETAIL","ZTP GINSENG BIRDNEST-WATERWAY POINT","83 PUNGGOL CENTRAL #B2-27 SINGAPORE 049325"
"In-Mall & Building","Junction 8","RETAIL","OGAWA HEALTH-CARE - JUNCTION 8-2","9 BISHAN PLACE #03-02B SINGAPORE 068600"
"In-Mall & Building","Northpoint City","RETAIL","OGAWA HEALTH CARE - NORTH POINT","930 YISHUN AVENUE 2 #01-41 SINGAPORE 018984"
"In-Mall & Building","Lot One","RETAIL","OTO","21 CHOA CHU KANG AVENUE 4 #01-19A SINGAPORE 069690"
"In-Mall & Building","Tanjong Pagar Plaza","RETAIL","ZTP GINSENG BIRDNEST PTE LTD","1 TANJONG PAGAR PLAZA #01-38 SINGAPORE 048622"
"In-Mall & Building","Northpoint City","RETAIL","ZTP GINSENG BIRDNEST PTE LTD","930 YISHUN AVENUE 2 #B1-28/29 SINGAPORE 082001"
"In-Mall & Building","Junction 8","RETAIL","NATURE'S FARM PTE LTD - J8","9 BISHAN PLACE #03-K1 SINGAPORE 082001"
"In-Mall & Building","Parkway Parade","RETAIL","OGAWA HEALTH-CARE - PARKWAY PARADE","80 MARINE PARADE ROAD #B1-95/95A SINGAPORE 048616"
"In-Mall & Building","Plaza Singapura","RETAIL","OGAWA HEALTH-CARE - PLAZA SINGAPURA","68 ORCHARD ROAD #04-03A SINGAPORE 068632"
"In-Mall & Building","NEX","RETAIL","OGAWA HEALTH-CARE - NEX","23 SERANGOON CENTRAL #02-47 SINGAPORE 079903"
"In-Mall & Building","Parkway Parade","RETAIL","NITORI - PARKWAY PARADE","80 MARINE PARADE ROAD #02-31/32 SINGAPORE 069252"
"In-Mall & Building","Westgate","RETAIL","NITORI RETAIL SINGAPORE - WESTGATE","3 GATEWAY DRIVE #03-44/45 SINGAPORE 079903"
"In-Mall & Building","Junction 8","RETAIL","NITORI RETAIL SINGAPORE - JUNCTION 8","9 BISHAN PLACE #03-01 SINGAPORE 082001"
"In-Mall & Building","IMM Building","RETAIL","SIMMONS GALLERY - IMM","2 JURONG EAST STREET 21 #03-04 SINGAPORE 079903"
"In-Mall & Building","Plaza Singapura","RETAIL","SIMMONS SEA PTE LTD - PLAZA SINGAPURA","68 ORCHARD ROAD #05-21/22 SINGAPORE 079903"
"In-Mall & Building","Bugis Junction","RETAIL","NITORI RETAIL SINGAPORE PTE. LTD.","200 VICTORIA STREET #03-11 SINGAPORE 079903"
"In-Mall & Building","Paya Lebar Quarter","RETAIL","SIMMONS (SOUTHEAST ASIA) PTE LTD","10 PAYA LEBAR ROAD #03-15 SINGAPORE 088441"
"In-Mall & Building","Parkway Parade","RETAIL","HEARING PARTNERS - PARKWAY","80 MARINE PARADE ROAD #03-11 SINGAPORE 079903"
"In-Mall & Building","Northpoint City","RETAIL","PANDORA - NORTH PT CITY","930 YISHUN AVENUE 2 #01-43 SINGAPORE 082001"
"In-Mall & Building","Bugis Junction","RETAIL","PANDORA - BUGIS JUNCTION","200 VICTORIA STREET #01-62/62A SINGAPORE 082001"
"In-Mall & Building","Junction 8","RETAIL","PANDORA - JUNCTION 8","9 BISHAN PLACE #01-13A SINGAPORE 048616"
"In-Mall & Building","Plaza Singapura","RETAIL","PANDORA - PLAZA SING","68 ORCHARD ROAD #01-K5 SINGAPORE 079027"
"In-Mall & Building","Tampines Mall","RETAIL","PANDORA - TAMPINES MALL","4 TAMPINES CENTRAL 5 #01-15B SINGAPORE 089824"
"In-Mall & Building","Westgate","RETAIL","PANDORA - WESTGATE","3 GATEWAY DRIVE #01-45 SINGAPORE 069119"
"In-Mall & Building","IMM Building","RETAIL","PANDORA - IMM","2 JURONG EAST STREET 21 #01-124B SINGAPORE 078884"
"In-Mall & Building","Punggol Waterway Point","RETAIL","PANDORA - WATERWAY PT","83 PUNGGOL CENTRAL #01-08B SINGAPORE 079903"
"In-Mall & Building","NEX","RETAIL","KIDDY PALACE - NEX","23 SERANGOON CENTRAL #04-13/14 SINGAPORE 079027"
"In-Mall & Building","Punggol Waterway Point","RETAIL","KIDDY PALACE - WATERWAY POINT","83 PUNGGOL CENTRAL #02-11 SINGAPORE 079903"
"In-Mall & Building","Northpoint City","RETAIL","KIDDY PALACE - NORTH POINT CITY","1 NORTHPOINT DRIVE #02-158/159 SINGAPORE 049705"
"In-Mall & Building","Westgate","RETAIL","KIDDY PALACE - WESTGATE","3 GATEWAY DRIVE #04-23 SINGAPORE 058007"
"In-Mall & Building","Bedok Mall","RETAIL","KIDDY PALACE - BEDOK MALL","311 NEW UPPER CHANGI ROAD #B1-23/24/25 SINGAPORE 078884"
"In-Mall & Building","Lot One","RETAIL","KIDDY PALACE - LOT ONE","21 CHOA CHU KANG AVENUE 4 #02-08/09 SINGAPORE 079011"
"In-Mall & Building","Junction 8","RETAIL","DORRA SLIMMING PTE LTD","9 BISHAN PLACE #01-05A SINGAPORE 082001"
"In-Mall & Building","Bugis Junction","RETAIL","JEAN YIP SALON- BUGIS","200 VICTORIA STREET #02-43/44 SINGAPORE 069433"
"In-Mall & Building","Northpoint City","RETAIL","JEAN YIP (BEAUTY) - NORTHPOINT CITY","1 NORTHPOINT DRIVE #B1-170/171 SINGAPORE 069333"
"In-Mall & Building","West Mall","RETAIL","JEAN YIP SALON (HAIR) - WEST MALL","1 BUKIT BATOK CENTRAL LINK #05-03/04 SINGAPORE 088509"
"In-Mall & Building","Westgate","RETAIL","JEAN YIP BEAUTY-WG","3 GATEWAY DRIVE #04-21 SINGAPORE 079903"
"In-Mall & Building","Westgate","RETAIL","6 ELEMENTS HAIR SPA - WEST GATE","3 GATEWAY DRIVE #04-01 SINGAPORE 058829"
"In-Mall & Building","Junction 8","RETAIL","SHAKURA PIGMENTATION BEAUTY PTE LTD","9 BISHAN PLACE #02-28/29 SINGAPORE 058592"
"In-Mall & Building","Junction 8","RETAIL","JEAN YIP SALON-J8","9 BISHAN PLACE #03-06/07/08 SINGAPORE 079903"
"In-Mall & Building","Parkway Parade","RETAIL","ORIENTAL HAIR SOLUTIONS-PP","80 MARINE PARADE ROAD #05-17 SINGAPORE 079903"
"In-Mall & Building","Plaza Singapura","RETAIL","VICTORIA FACELIFT PTE LTD","68 ORCHARD ROAD #04-58 SINGAPORE 079903"
"In-Mall & Building","Plaza Singapura","RETAIL","BROWHAUS PLAZA SING","68 ORCHARD ROAD #04-08A SINGAPORE 068593"
"In-Mall & Building","Punggol Waterway Point","RETAIL","VICTORIA FACELIFT PTE LTD","83 PUNGGOL CENTRAL #01-34 SINGAPORE 048261"
"In-Mall & Building","Junction 8","RETAIL","VICTORIA FACELIFT PTE LTD","9 BISHAN PLACE #01-05A SINGAPORE 081007"
"In-Mall & Building","Northpoint City","RETAIL","DORRA SLIMMING PTE LTD","1 NORTHPOINT DRIVE #B1-118/119 SINGAPORE 079327"
"In-Mall & Building","Parkway Parade","RETAIL","JEAN YIP (BEAUTY)","80 MARINE PARADE ROAD #04-05 SINGAPORE 048622"
"In-Mall & Building","NEX","RETAIL","JEAN YIP SALON-NEX","23 SERANGOON CENTRAL #B2-31/32 SINGAPORE 089825"
"In-Mall & Building","Tampines Mall","RETAIL","JEAN YIP SALON (HAIR)","4 TAMPINES CENTRAL 5 #03-13/14/K1 SINGAPORE 058562"
"In-Mall & Building","Junction 8","RETAIL","ORIENTAL HAIR SOLUTIONS-J8","9 BISHAN PLACE #B1-07A SINGAPORE 059190"
"In-Mall & Building","NEX","RETAIL","LONDON WEIGHT MANAGEMENT (S) PTE. LTD.","23 SERANGOON CENTRAL #B1-71/72 SINGAPORE 088526"
"In-Mall & Building","NEX","RETAIL","NEW YORK SKIN SOLUTIONS (S) PTE. LTD.","23 SERANGOON CENTRAL #B1-71/72 SINGAPORE 089680"
"In-Mall & Building","Westgate","RETAIL","NEW YORK SKIN SOLUTIONS (S) PTE. LTD.","3 GATEWAY DRIVE #03-29 SINGAPORE 079027"
"In-Mall & Building","Lot One","RETAIL","YUN NAM HAIR CARE (S) PTE. LTD.","21 CHOA CHU KANG AVENUE 4 #03-02 SINGAPORE 059190"
"In-Mall & Building","Plaza Singapura","RETAIL","YUN NAM HAIR CARE (S) PTE. LTD.","68 ORCHARD ROAD #02-14/15 SINGAPORE 069429"
"In-Mall & Building","Junction 8","RETAIL","JEAN YIP SALON-J8","9 BISHAN PLACE #03-06/07/08 SINGAPORE 058680"
"In-Mall & Building","Plaza Singapura","RETAIL","JEAN YIP SALON-PS","68 ORCHARD ROAD #04-02 SINGAPORE 048616"
"In-Mall & Building","Westgate","RETAIL","CLARINS WESTGATE","3 GATEWAY DRIVE #01-26 SINGAPORE 082001"
"In-Mall & Building","NEX","RETAIL","CHERYL W - NEX MALL","23 SERANGOON CENTRAL #B2-31/32 SINGAPORE 049318"
"In-Mall & Building","Parkway Parade","RETAIL","CLARINS PARKWAY PARADE","80 MARINE PARADE ROAD #01-18 SINGAPORE 048616"
"In-Mall & Building","Parkway Parade","RETAIL","BROWHAUS PARKWAY PARADE","80 MARINE PARADE ROAD #B1-83G SINGAPORE 089824"
"In-Mall & Building","Tampines Mall","RETAIL","JEAN YIP (NAILS)","4 TAMPINES CENTRAL 5 #03-13/14/K1 SINGAPORE 089757"
"In-Mall & Building","NEX","RETAIL","CLARINS NEX","23 SERANGOON CENTRAL #01-K10 SINGAPORE 049318"
"In-Mall & Building","Punggol Waterway Point","RETAIL","6 ELEMENTS HAIR SPA","83 PUNGGOL CENTRAL #B1-06/07 SINGAPORE 078884"
"In-Mall & Building","Punggol Waterway Point","RETAIL","JEAN YIP SALON","83 PUNGGOL CENTRAL #B1-06/07 SINGAPORE 089147"
"In-Mall & Building","Punggol Waterway Point","RETAIL","JEAN YIP BEAUTY","83 PUNGGOL CENTRAL #B1-06/07 SINGAPORE 089495"
"In-Mall & Building","NEX","RETAIL","6 ELEMENTS HAIRSPA","23 SERANGOON CENTRAL #B2-31/32 SINGAPORE 058569"
"In-Mall & Building","Lot One","RETAIL","SHAKURA PIGMENTATION BEAUTY PTE LTD","21 CHOA CHU KANG AVENUE 4 #02-21A/B/C SINGAPORE 079014"
"In-Mall & Building","Change Alley","RETAIL","TRUE YOGA - CIMB PLAZA","30 RAFFLES PLACE #B2-01/03 SINGAPORE 068735"
"In-Mall & Building","Parkway Parade","RETAIL","JEAN YIP SALON-PP","80 MARINE PARADE ROAD #05-17 SINGAPORE 049178"
"In-Mall & Building","Punggol Waterway Point","RETAIL","BROWHAUS - WATERWAY POINT","83 PUNGGOL CENTRAL #01-61 SINGAPORE 089522"
"In-Mall & Building","Punggol Waterway Point","RETAIL","STRIP - WATERWAY POINT","83 PUNGGOL CENTRAL #01-61 SINGAPORE 049705"
"In-Mall & Building","Bedok Mall","RETAIL","6 ELEMENTS HAIRSPA -BM","311 NEW UPPER CHANGI ROAD #B2-38 SINGAPORE 068606"
"In-Mall & Building","Westgate","RETAIL","JONSSON PROTEIN HEALTHY HAIR GROWTH PL","3 GATEWAY DRIVE #03-24 SINGAPORE 088332"
"In-Mall & Building","Bedok Mall","RETAIL","DORRA SLIMMING PTE LTD","311 NEW UPPER CHANGI ROAD #B1-48/49 SINGAPORE 058706"
"In-Mall & Building","Plaza Singapura","RETAIL","JONSSON PROTEIN HEALTHY HAIR GROWTH PL","68 ORCHARD ROAD #04-73A/74 SINGAPORE 058686"
"In-Mall & Building","Plaza Singapura","RETAIL","JEAN YIP BEAUTY-PS","68 ORCHARD ROAD #04-02 SINGAPORE 068589"
"In-Mall & Building","West Mall","RETAIL","JEAN YIP (BEAUTY)","1 BUKIT BATOK CENTRAL LINK #05-02 SINGAPORE 058711"
"In-Mall & Building","Parkway Parade","RETAIL","6 ELEMENTS HAIRSPA-PP","80 MARINE PARADE ROAD #02-08 SINGAPORE 082001"
"In-Mall & Building","Bugis Junction","RETAIL","JEAN YIP BEAUTY-BUGIS","200 VICTORIA STREET #02-43/44 SINGAPORE 058345"
"Street","Lorong Mambong","RETAIL","STRIP HOLLAND","34C LORONG MAMBONG SINGAPORE 079903"
"In-Mall & Building","Tampines Mall","RETAIL","JEAN YIP (BEAUTY)","4 TAMPINES CENTRAL 5 #03-12 SINGAPORE 082001"
"In-Mall & Building","Lot One","RETAIL","DORRA SLIMMING PTE LTD","21 CHOA CHU KANG AVENUE 4 #02-21D/E SINGAPORE 048616"
"In-Mall & Building","Plaza Singapura","RETAIL","DORRA SLIMMING PTE LTD","68 ORCHARD ROAD #04-57 SINGAPORE 079007"
"In-Mall & Building","Plaza Singapura","RETAIL","SHAKURA PIGMENTATION BEAUTY PTE LTD","68 ORCHARD ROAD #03-28 SINGAPORE 078973"
"In-Mall & Building","Westgate","RETAIL","SHAKURA PIGMENTATION BEAUTY PTE LTD","3 GATEWAY DRIVE #03-51 SINGAPORE 078982"
"In-Mall & Building","Plaza Singapura","RETAIL","NK HAIRWORKS - PLAZA SINGAPURA","68 ORCHARD ROAD #B1-14 SINGAPORE 038983"
"In-Mall & Building","Bedok Mall","RETAIL","PHS HAIRSCIENCE CAPSULE","311 NEW UPPER CHANGI ROAD #B2-40/41 SINGAPORE 059422"
"In-Mall & Building","Bedok Mall","RETAIL","NK HAIRWORKS - BEDOK MALL","311 NEW UPPER CHANGI ROAD #B1-56/57 SINGAPORE 079903"
"In-Mall & Building","Punggol Waterway Point","RETAIL","NK HAIRWORKS - WATERWAY POINT","83 PUNGGOL CENTRAL #01-45 SINGAPORE 049705"
"In-Mall & Building","West Mall","RETAIL","ORGANIC HAIR REGROWTH SOLUTIONS","1 BUKIT BATOK CENTRAL LINK #02-12/13/14/15 SINGAPORE 079903"
"In-Mall & Building","Paya Lebar Quarter","RETAIL","ORGANIC HAIR REGROWTH SOLUTIONS","10 PAYA LEBAR ROAD #04-17 SINGAPORE 048616"
"In-Mall & Building","The Star Vista","RETAIL","ORGANIC HAIR REGROWTH SOLUTIONS","1 VISTA EXCHANGE GREEN #B1-22 SINGAPORE 018984"
"In-Mall & Building","Lot One","RETAIL","6 ELEMENTS HAIRSPA-CCK","21 CHOA CHU KANG AVENUE 4 #02-16 SINGAPORE 068592"
"In-Mall & Building","I12 Katong","RETAIL","ORGANIC EXPRESS HAIR COLOR LAB","112 EAST COAST ROAD #03-13 SINGAPORE 069547"
"In-Mall & Building","Northpoint City","RETAIL","JEAN YIP SALON (HAIR)","1 NORTHPOINT DRIVE #B1-170/171 SINGAPORE 049705"
"In-Mall & Building","Lot One","RETAIL","JEAN YIP SALON-CCK","21 CHOA CHU KANG AVENUE 4 #02-22 SINGAPORE 058671"
"In-Mall & Building","Lot One","RETAIL","JEAN YIP BEAUTY-CCK","21 CHOA CHU KANG AVENUE 4 #02-22 SINGAPORE 018984"
"In-Mall & Building","Parkway Parade","RETAIL","NK HAIRWORKS - PARKWAY PARADE","80 MARINE PARADE ROAD #01-63/64 SINGAPORE 079903"
"In-Mall & Building","NEX","RETAIL","NK HAIRWORKS - NEX","23 SERANGOON CENTRAL #B2-56 SINGAPORE 069883"
"In-Mall & Building","IMM Building","RETAIL","YALE SMART SHOP - IMM","2 JURONG EAST STREET 21 #03-28C SINGAPORE 059190"
"In-Mall & Building","Lot One","RETAIL","YALE SMART SHOP - LOT ONE","21 CHOA CHU KANG AVENUE 4 #03-K1 SINGAPORE 079903"
"In-Mall & Building","Northpoint City","RETAIL","YALE SMART SHOP- YISHUN","930 YISHUN AVENUE 2 #03-13 SINGAPORE 088843"
"In-Mall & Building","Bedok Mall","RETAIL","YALE SMART SHOP- BEDOK MALL","311 NEW UPPER CHANGI ROAD #B1-33 SINGAPORE 018984"
"In-Mall & Building","Parkway Parade","RETAIL","YALE SMART SHOP MARINE PARADE","80 MARINE PARADE ROAD #B1-K5 SINGAPORE 079903"
"In-Mall & Building","Tampines Mall","RETAIL","NESPRESSO","4 TAMPINES CENTRAL 5 #02-K10-02/06 SINGAPORE 059029"
"In-Mall & Building","IMM Building","RETAIL","ADIDAS","2 JURONG EAST ST 21 #02-14 TO 16 SINGAPORE 079027"
"In-Mall & Building","IMM Building","RETAIL","THE NORTH FACE","2 JURONG EAST ST 21 #02-05 SINGAPORE 079027"
"In-Mall & Building","IMM Building","RETAIL","NIKE","2 JURONG EAST ST 21 #02-50 SINGAPORE 609601"
"In-Mall & Building","NEX","RETAIL","NESPRESSO ","23 SERANGOON CENTRAL #01-K3 SINGAPORE 556083"
"In-Mall & Building","NEX","RETAIL","NESPRESSO ","23 SERANGOON CENTRAL #01-K3 SINGAPORE 556083"
"In-Mall & Building","Bugis Junction","RETAIL","RUNNING LAB ","200 VICTORIA STREET #02-10B SINGAPORE 188021"
"In-Mall & Building","IMM Building","RETAIL","NEW BALANCE","2 JURONG EAST ST 21 #02-07 SINGAPORE 609601"
"In-Mall & Building","IMM Building","RETAIL","CROCS","2 JURONG EAST ST 21 #02-44 SINGAPORE 609601"
"In-Mall & Building","IMM Building","RETAIL","OTO WELLNESS","2 JURONG EAST ST 21 #02-34/35 SINGAPORE 609601"
"Street","Amoy Street","RESTAURANT","54 STEAK HOUSE","54 AMOY STREET #01-01 SINGAPORE 069880"
"In-Mall & Building","IMM Building","RETAIL","ANTA KIDS","2 JURONG EAST ST 21 #02-22 SINGAPORE 018981"
"In-Mall & Building","IMM Building","RETAIL","ANTA","2 JURONG EAST ST 21 #02-09 SINGAPORE 048622"
"In-Mall & Building","IMM Building","RETAIL","ASICS","2 JURONG EAST ST 21 #02-#02 SINGAPORE 058336"
"In-Mall & Building","Parkway Parade","RETAIL","BENJAMIN BARKER ","80 MARINE PARADE ROAD #01-25/26 SINGAPORE 068739"
"In-Mall & Building","IMM Building","RETAIL","AVE OUTLET","2 JURONG EAST ST 21 #02-02 SINGAPORE 048424"
"In-Mall & Building","Marina Bay Financial Centre","RESTAURANT","DIMBULAH COFFEE","8 MARINA BOULEVARD #01-01A SINGAPORE 048619"
"In-Mall & Building","NEX","RETAIL","DJI ","23 SERANGOON CENTRAL #02-43/44 SINGAPORE 049213"
"In-Mall & Building","IMM Building","RETAIL","EPITEX","2 JURONG EAST ST 21 #02-65 SINGAPORE 088849"
"In-Mall & Building","NEX","RETAIL","LINEN GALLERY BY EPITEX ","23 SERANGOON CENTRAL #04-50 SINGAPORE 078884"
"In-Mall & Building","IMM Building","RETAIL","FILA","2 JURONG EAST ST 21 #02-01 SINGAPORE 018982"
"In-Mall & Building","IMM Building","RETAIL","FILA KIDS","2 JURONG EAST ST 21 #02-21 SINGAPORE 018982"
"In-Mall & Building","IMM Building","RETAIL","FITFLOP","2 JURONG EAST ST 21 #02-#02 SINGAPORE 048622"
"In-Mall & Building","Parkway Parade","RETAIL","ISTUDIO","80 MARINE PARADE ROAD #B1-107/108 SINGAPORE 018984"
"In-Mall & Building","Westgate","RETAIL","NESPRESSO","3 GATEWAY DRIVE #01-K12 SINGAPORE 018984"
"In-Mall & Building","IMM Building","RETAIL","OGAWA","2 JURONG EAST ST 21 #02-57A SINGAPORE 048618"
"In-Mall & Building","IMM Building","RETAIL","ONITSUKA TIGER","2 JURONG EAST ST 21 #02-47 SINGAPORE 048619"
"In-Mall & Building","IMM Building","RETAIL","OTO WELLNESS","2 JURONG EAST ST 21 #02-34/35 SINGAPORE 078881"
"In-Mall & Building","IMM Building","RETAIL","RUNNING LAB","2 JURONG EAST ST 21 #02-10 SINGAPORE 049961"
"In-Mall & Building","IMM Building","RETAIL","SAMSONITE","2 JURONG EAST ST 21 #02-26 SINGAPORE 049959"
"In-Mall & Building","IMM Building","RETAIL","SKECHERS","2 JURONG EAST ST 21 #02-55/56 SINGAPORE 049513"
"In-Mall & Building","IMM Building","RETAIL","SKECHERS","2 JURONG EAST ST 21 #02-55/56 SINGAPORE 018984"
"In-Mall & Building","IMM Building","RESTAURANT","STREATS","2 JURONG EAST ST 21 #02-17/17A SINGAPORE 048619"
"In-Mall & Building","IMM Building","RESTAURANT","SUSHI EXPRESS","2 JURONG EAST ST 21 #02-64 SINGAPORE 048616"
"In-Mall & Building","IMM Building","RETAIL","UNDER ARMOUR","2 JURONG EAST ST 21 #02-04 SINGAPORE 018984"
"In-Mall & Building","IMM Building","RETAIL","VANS","2 JURONG EAST ST 21 #02-04A SINGAPORE 078884"
"In-Mall & Building","IMM Building","RESTAURANT","YAKINIKU SHOKUDO","2 JURONG EAST ST 21 #02-53 SINGAPORE 018984"
"Street","Lorong Mambong","RESTAURANT","YOSHINOYA ","8 LORONG MAMBONG #01-01 SINGAPORE 048581"
"In-Mall & Building","Northpoint City","RETAIL","YUN NAM","1 NORTHPOINT DRIVE #01-150 SINGAPORE 049318"
"In-Mall & Building","The Woodleigh Mall","RESTAURANT","COLLIN'S - WOODLEIGH MALL","11 BIDADARI PARK DRIVE #01-24 SINGAPORE 018982"
"In-Mall & Building","The Woodleigh Mall","RESTAURANT","FISH & CO. WOODLEIGH","11 BIDADARI PARK DRIVE #01-37 SINGAPORE 088521"
"In-Mall & Building","The Woodleigh Mall","RETAIL","IORA - WOODLEIGH","11 BIDADARI PARK DRIVE #01-48 SINGAPORE 069400"
"In-Mall & Building","The Woodleigh Mall","RESTAURANT","SO PHO WOODLEIGH","11 BIDADARI PARK DRIVE #01-29/30 SINGAPORE 048581"
"In-Mall & Building","The Woodleigh Mall","RESTAURANT","THE SOUP SPOON UNION - WOODLEIGH","11 BIDADARI PARK DRIVE #01-39 SINGAPORE 058680"
"In-Mall & Building","The Woodleigh Mall","RETAIL","TRT","11 BIDADARI PARK DRIVE #01-49 SINGAPORE 079027"
"In-Mall & Building","The Woodleigh Mall","RESTAURANT","BREWERKZ - THE WOODLEIGH MALL","11 BIDADARI PARK DRIVE #02-20/20A SINGAPORE 049561"
"In-Mall & Building","The Woodleigh Mall","RETAIL","NK HAIRWORKS - WOODLEIGH MALL","11 BIDADARI PARK DRIVE #02-39 SINGAPORE 049315"
"In-Mall & Building","The Woodleigh Mall","RESTAURANT","TIONG BAHRU BAKERY WOODLEIGH","11 BIDADARI PARK DRIVE #02-47 SINGAPORE 088331"
"In-Mall & Building","The Woodleigh Mall","RESTAURANT","WATAMI - THE WOODLEIGH MALL","11 BIDADARI PARK DRIVE #02-21 SINGAPORE 069255"
"In-Mall & Building","The Woodleigh Mall","RETAIL","BEE CHENG HIANG - WOODLEIGH","11 BIDADARI PARK DRIVE #B1-K42 SINGAPORE 069625"
"In-Mall & Building","The Woodleigh Mall","RETAIL","OWNDAYS WOODLEIGH MALL","11 BIDADARI PARK DRIVE #B1-37 SINGAPORE 058679"
"In-Mall & Building","The Woodleigh Mall","RESTAURANT","POULET - WOODLEIGH MALL","11 BIDADARI PARK DRIVE #B1-26/27 SINGAPORE 058606"
"In-Mall & Building","The Woodleigh Mall","RESTAURANT","SUBWAY - WOODLEIGH MALL","11 BIDADARI PARK DRIVE #B1-05 SINGAPORE 059029"
"In-Mall & Building","The Woodleigh Mall","RETAIL","YALE SMART SHOP - THE WOODLEIGH MALL","11 BIDADARI PARK DRIVE #B1-18 SINGAPORE 049704"
"In-Mall & Building","New Bahru","RETAIL","BEYOND THE VINES DESIGN HOUSE","46 & 58 KIM YAM RD #01-07 SINGAPORE 049704"
"In-Mall & Building","New Bahru","RESTAURANT","SUSHIRO - NB","46 & 58 KIM YAM RD #02-01 SINGAPORE 078972"
"In-Mall & Building","The Woodleigh Mall","RETAIL","OSIM - THE WOODLEIGH MALL","11 BIDADARI PARK DRIVE #B1-31 SINGAPORE 069455"
"In-Mall & Building","Punggol Waterway Point","RETAIL","OSIM - WATERWAY POINT","83 PUNGGOL CENTRAL #B2-23 SINGAPORE 079903"
"In-Mall & Building","NEX","RESTAURANT","GOKOKU JAPANESE BAKERY NEX","23 SERANGOON CENTRAL #B1-K1 SINGAPORE 068579"
"In-Mall & Building","NEX","RESTAURANT","RAMEN KIOU NEX","23 SERANGOON CENTRAL #B1-80 SINGAPORE 088510"
"In-Mall & Building","Plaza Singapura","RETAIL","PEDRO - PLAZA SINGAPURA","68 ORCHARD ROAD #01-03 SINGAPORE 069894"
"In-Mall & Building","West Mall","RESTAURANT","RAMEN KING PTE. LTD","1 BUKIT BATOK CENTRAL LINK #B1-K10 SINGAPORE 068599"
"In-Mall & Building","Bedok Mall","RESTAURANT","HOTPOT - BEDOK MALL","311 NEW UPPER CHANGI ROAD #01-13/14 SINGAPORE 089531"
"In-Mall & Building","The Star Vista","RESTAURANT","BEAUTY IN THE POT - STAR VISTA","1 VISTA EXCHANGE GREEN #02-24 SINGAPORE 088498"
"In-Mall & Building","Westgate","RESTAURANT","DYNASTY - CONGEE WESTGATE","3 GATEWAY DRIVE #02-13 SINGAPORE 088484"
"In-Mall & Building","Punggol Waterway Point","RETAIL","EU YAN SANG - PUNGGOL","83 PUNGGOL CENTRAL #B2-28 SINGAPORE 058710"
"In-Mall & Building","Northpoint City","RETAIL","EU YAN SANG - NORTHPOINT CITY","1 NORTHPOINT DRIVE #B2-163 SINGAPORE 088456"
"In-Mall & Building","Change Alley","RETAIL","EU YAN SANG - CHANGE ALLEY MALL","30 RAFFLES PLACE #02-10/11 SINGAPORE 068627"
"In-Mall & Building","Tampines Mall","RETAIL","EU YAN SANG - TAMPINES MALL","4 TAMPINES CENTRAL 5 #B1-17 SINGAPORE 088461"
"In-Mall & Building","NEX","RETAIL","EU YAN SANG - NEX","23 SERANGOON CENTRAL #03-41 SINGAPORE 048622"
"In-Mall & Building","Junction 8","RETAIL","EU YAN SANG - JUNCTION 8","9 BISHAN PLACE #B1-18 SINGAPORE 069875"
"In-Mall & Building","Bedok Mall","RETAIL","EU YAN SANG - BEDOK MALL","311 NEW UPPER CHANGI ROAD #B2-16 SINGAPORE 018985"
"Street","Upper Cross Street","RETAIL","EU YAN SANG - UPPER CROSS ST","26 UPPER CROSS STREET SINGAPORE 089138"
"In-Mall & Building","Lot One","RETAIL","EU YAN SANG - LOT 1 (CCK)","21 CHOA CHU KANG AVENUE 4 #B1-08/09 SINGAPORE 048622"
"In-Mall & Building","West Mall","RETAIL","EU YAN SANG - WEST MALL","1 BUKIT BATOK CENTRAL LINK #01-08 SINGAPORE 079027"
"In-Mall & Building","Parkway Parade","RETAIL","EU YAN SANG - PARKWAY PARADE","80 MARINE PARADE ROAD #03-26A SINGAPORE 049318"
"In-Mall & Building","Plaza Singapura","RETAIL","EU YAN SANG - PLAZA SINGAPURA","68 ORCHARD ROAD #B2-09/10 SINGAPORE 048619"
"In-Mall & Building","Bugis Junction","RETAIL","EU YAN SANG - BUGIS JUNCTION","230 VICTORIA STREET #B1-03 SINGAPORE 018984"
"Street","Stanley Street","RESTAURANT","BROTZEIT - STANLEY STREET","30 STANLEY STREET SINGAPORE 049213"
"In-Mall & Building","Westgate","RETAIL","WINE CONNECTION BIS - WESTGATE","3 GATEWAY DRIVE #01-03 SINGAPORE 081007"
"In-Mall & Building","The Star Vista","RESTAURANT","CANTON PARADISE - STAR VISTA","1 VISTA EXCHANGE GREEN #B1-45 SINGAPORE 058470"
"In-Mall & Building","Parkway Parade","RESTAURANT","CANTON PARADISE - PARKWAY PARADE","80 MARINE PARADE ROAD #01-34 SINGAPORE 088899"
"In-Mall & Building","Parkway Parade","RESTAURANT","PARADISE CLASSIC - PARKWAY PARADE","80 MARINE PARADE ROAD #01-35 SINGAPORE 069119"
"In-Mall & Building","Punggol Waterway Point","RETAIL","HOCKHUA TONIC-WATERWAY POINT","83 PUNGGOL CENTRAL #B2-30 SINGAPORE 048616"
"In-Mall & Building","IMM Building","RETAIL","CHARLES & KEITH","2 JURONG EAST ST 21 #02-13 SINGAPORE 018984"
"In-Mall & Building","Westgate","RESTAURANT","BROTZEIT-WESTGATE","3 GATEWAY DRIVE #01-04/04A SINGAPORE 058781"
"In-Mall & Building","Bedok Mall","RETAIL","HOCKHUA TONIC-BEDOK MALL","311 NEW UPPER CHANGI ROAD #B2-17/18 SINGAPORE 079903"
"In-Mall & Building","Junction 8","RETAIL","HOCKHUA TONIC-JUNCTION 8","9 BISHAN PLACE #B1-09 SINGAPORE 059514"
"In-Mall & Building","Katong V","RESTAURANT","BURRATA JOY & GUSTAVO LAPASTA","30 EAST COAST ROAD #01-12/13 SINGAPORE 068582"
"In-Mall & Building","IMM Building","RETAIL","PEDRO","2 JURONG EAST ST 21 #02-48 SINGAPORE 048622"
"In-Mall & Building","The Woodleigh Mall","RETAIL","HOCKHUA TONIC - THE WOODLEIGH MALL","11 BIDADARI PARK DRIVE #B1-06 SINGAPORE 088903"
"In-Mall & Building","Tampines Mall","RETAIL","HOCKHUA TONIC - TAMPINES MALL","4 TAMPINES CENTRAL 5 #B1-13A SINGAPORE 058786"
"In-Mall & Building","Lot One","RETAIL","HOCKHUA TONIC-LOT 1","21 CHOA CHU KANG AVENUE 4 #B1-17 SINGAPORE 038988"
"In-Mall & Building","Northpoint City","RETAIL","HOCKHUA TONIC NORTHPOINT CITY","930 YISHUN AVENUE 2 #B1-55 SINGAPORE 058749"
"In-Mall & Building","West Mall","RETAIL","HOCKHUA TONIC-WEST MALL","1 BUKIT BATOK CENTRAL LINK #B1-06 SINGAPORE 058465"
"In-Mall & Building","I12 Katong","RETAIL","HOCKHUA TONIC - I12 KATONG","112 EAST COAST ROAD #B1-27 SINGAPORE 058470"
"In-Mall & Building","Bedok Mall","RETAIL","LAC NUTRITION FOR LIFE - BEDOK MALL","311 NEW UPPER CHANGI ROAD #B2-53 SINGAPORE 068627"
"In-Mall & Building","NEX","RETAIL","HOCKHUA TONIC-SERANGOON(NEX)","23 SERANGOON CENTRAL #03-03 SINGAPORE 079717"
"In-Mall & Building","Tampines Mall","RESTAURANT","TOAST BOX - TAMPINES MALL","4 TAMPINES CENTRAL 5 #01-32 SINGAPORE 078877"
"In-Mall & Building","Northpoint City","RESTAURANT","TOAST BOX - NORTHPOINT CITY","930 YISHUN AVENUE 2 #01-49 SINGAPORE 079717"
"In-Mall & Building","Northpoint City","RESTAURANT","DIN TAI FUNG NPC","1 NORTHPOINT DRIVE #B1-107 SINGAPORE 078877"
"Street","Telok Ayer - Cross Street","RESTAURANT","TOAST BOX - MANULIFE TOWER","8 CROSS STREET #01-K1 SINGAPORE 078877"
"In-Mall & Building","Republic Plaza","RETAIL","LAC NUTRITION FOR LIFE-REPUBLIC PLAZA","9 RAFFLES PLACE #01-11 SINGAPORE 078877"
"In-Mall & Building","Punggol Waterway Point","RETAIL","LAC NUTRITION FOR LIFE-WATERWAY POINT","83 PUNGGOL CENTRAL #B2-29 SINGAPORE 078877"
"In-Mall & Building","Plaza Singapura","RESTAURANT","DIN TAI FUNG PS","68 ORCHARD ROAD #02-32/36 SINGAPORE 078877"
"In-Mall & Building","NEX","RESTAURANT","THYE MOH CHAN - NEX","23 SERANGOON CENTRAL #B2-58/59 SINGAPORE 048581"
"In-Mall & Building","The Woodleigh Mall","RETAIL","LAC NUTRITION FOR LIFE-WOODLEIGH MALL","11 BIDADARI PARK DRIVE #B1-35 SINGAPORE 089535"
"In-Mall & Building","IMM Building","RETAIL","BREADTALK - IMM","2 JURONG EAST STREET 21 #01-97 SINGAPORE 049318"
"In-Mall & Building","NEX","RESTAURANT","SHABU-GO NEX","23 SERANGOON CENTRAL #B1-80 SINGAPORE 078884"
"In-Mall & Building","West Mall","RETAIL","BREADTALK - WEST MALL","1 BUKIT BATOK CENTRAL LINK #01-44/45/46 SINGAPORE 058601"
"Street","Holland Avenue","RETAIL","WU PAO CHUN - HOLLAND AVENUE","245 HOLLAND AVENUE SINGAPORE 048616"
"In-Mall & Building","IMM Building","RESTAURANT","CEDELE - IMM","2 JURONG EAST STREET 21 #01-20 SINGAPORE 089136"
"In-Mall & Building","Bugis Junction","RETAIL","LAC NUTRITION FOR LIFE - BUGIS","230 VICTORIA STREET #B1-16 SINGAPORE 078881"
"Street","One Fullerton","RESTAURANT","SHAKE SHACK SG - FULLERTON PD","1 FULLERTON ROAD #01-05 SINGAPORE 069468"
"Street","Neil Road","RESTAURANT","SHAKE SHACK SG - NEIL PD","89 NEIL ROAD #01-01 SINGAPORE 079903"
"In-Mall & Building","Westgate","RESTAURANT","SHAKE SHACK SG - WESTGATE PD","3 GATEWAY DRIVE #01-20/21/22/23 SINGAPORE 059237"
"In-Mall & Building","Junction 8","RESTAURANT","SHAKE SHACK SG J8 PD","9 BISHAN PLACE #01-51 SINGAPORE 069448"
"In-Mall & Building","Guoco Tower","RESTAURANT","CEDELE BAKERY KITCHEN - GUOCO TOWER","7 WALLICH STREET #B2-04 SINGAPORE 078884"
"In-Mall & Building","Punggol Waterway Point","RESTAURANT","PU TIEN WATERWAY POINT","83 PUNGGOL CENTRAL #B1-21 SINGAPORE 018984"
"In-Mall & Building","Lot One","RETAIL","LAC NUTRITION FOR LIFE - LOT 1","21 CHOA CHU KANG AVENUE 4 #B1-24 SINGAPORE 079008"
"In-Mall & Building","Holland Road Shopping Centre","RETAIL","LAC NUTRITION FOR LIFE - HOLLAND","211 HOLLAND AVENUE #02-04 SINGAPORE 089521"
"In-Mall & Building","Junction 8","RETAIL","BREADTALK-JUNCTION 8","9 BISHAN PLACE #01-35/36 SINGAPORE 069924"
"In-Mall & Building","Parkway Parade","RESTAURANT","CEDELE - PARKWAY PARADE","80 MARINE PARADE ROAD #B1-83D SINGAPORE 018984"
"In-Mall & Building","The Woodleigh Mall","RETAIL","BREADTALK - WOODLEIGH MALL","11 BIDADARI PARK DRIVE #01-35/36 SINGAPORE 058703"
"In-Mall & Building","Northpoint City","RETAIL","BREADTALK-NORTH POINT","930 YISHUN AVENUE 2 #01-49 SINGAPORE 049948"
"In-Mall & Building","NEX","RETAIL","LAC NUTRITION FOR LIFE - NEX","23 SERANGOON CENTRAL #03-40 SINGAPORE 089119"
"In-Mall & Building","Marina Bay Financial Centre","RESTAURANT","CEDELE - MB3","12 MARINA BOULEVARD #01-07 SINGAPORE 059018"
"In-Mall & Building","Plaza Singapura","RETAIL","BREADTALK-PLAZA SINGAPURA","68 ORCHARD ROAD #B2-26 SINGAPORE 059026"
"In-Mall & Building","The Woodleigh Mall","RESTAURANT","TOAST BOX - WOODLEIGH MALL","11 BIDADARI PARK DRIVE #01-35/36 SINGAPORE 018984"
"In-Mall & Building","IMM Building","RESTAURANT","TOAST BOX - IMM","2 JURONG EAST STREET 21 #01-98 SINGAPORE 088895"
"In-Mall & Building","West Mall","RESTAURANT","TOAST BOX - WEST MALL","1 BUKIT BATOK CENTRAL LINK #01-44/45/46 SINGAPORE 089260"
"In-Mall & Building","The Star Vista","RESTAURANT","CEDELE - TSV","1 VISTA EXCHANGE GREEN #01-19 SINGAPORE 088387"
"In-Mall & Building","Marina Bay Financial Centre","RESTAURANT","WORKSPACE - MB8","12 MARINA BOULEVARD #01-08 SINGAPORE 048622"
"In-Mall & Building","Punggol Waterway Point","RESTAURANT","CEDELE - WATERWAY POINT","83 PUNGGOL CENTRAL #01-17 SINGAPORE 058827"
"In-Mall & Building","Paya Lebar Quarter","RESTAURANT","CEDELE - PLQ","10 PAYA LEBAR ROAD #01-20 SINGAPORE 068641"
"In-Mall & Building","Northpoint City","RETAIL","LAC NUTRITION FOR LIFE - NORTHPOINT","930 YISHUN AVENUE 2 #B1-20/21 SINGAPORE 089132"
"Street","Seng Poh Road","RESTAURANT","TOAST BOX - SENG POH","58 SENG POH ROAD #01-31 SINGAPORE 068627"
"In-Mall & Building","IMM Building","RESTAURANT","DIN TAI FUNG IMM","2 JURONG EAST STREET 21 #01-90 SINGAPORE 018985"
"In-Mall & Building","NEX","RETAIL","BREADTALK-NEX","23 SERANGOON CENTRAL #B2-58/59 SINGAPORE 069469"
"In-Mall & Building","Change Alley","RESTAURANT","CEDELE - CIM","30 RAFFLES PLACE #01-11 SINGAPORE 089668"
"In-Mall & Building","The Woodleigh Mall","RETAIL","POPULAR BOOK CO P/L - TWM","11 BIDADARI PARK DRIVE #B1-25 SINGAPORE 018987"
"In-Mall & Building","Punggol Waterway Point","RETAIL","POPULAR BOOK COMPANY-WWP","83 PUNGGOL CENTRAL #B1-09 SINGAPORE 018985"
"In-Mall & Building","Westgate","RETAIL","POPULAR BOOK CO PL - 1140 WGT","3 GATEWAY DRIVE #04-26/27 SINGAPORE 078884"
"In-Mall & Building","West Mall","RETAIL","POPULAR BOOK CO PL - 1161 2WM","1 BUKIT BATOK CENTRAL LINK #04-02 SINGAPORE 018981"
"In-Mall & Building","Paya Lebar Quarter","RETAIL","POPULAR BOOK CO PL - 1175 PLQ","10 PAYA LEBAR ROAD #03-01/02/03 SINGAPORE 059491"
"In-Mall & Building","NEX","RETAIL","POPULAR BOOK CO PL - 1110 NEX","23 SERANGOON CENTRAL #04-59/60 SINGAPORE 078992"
"In-Mall & Building","Bedok Mall","RETAIL","POPULAR BOOK CO PL - 1135 BDM","311 NEW UPPER CHANGI ROAD #B2-02/35/36 SINGAPORE 089669"
"In-Mall & Building","Lot One","RETAIL","POPULAR BOOK CO PL - 1058 2L1","21 CHOA CHU KANG AVENUE 4 #03-13 SINGAPORE 088479"
"In-Mall & Building","Northpoint City","RETAIL","POPULAR BOOK CO PL - 1038 NP","930 YISHUN AVENUE 2 #03-12 SINGAPORE 079331"
"In-Mall & Building","Junction 8","RETAIL","POPULAR BOOK CO PL - 1050 J8","9 BISHAN PLACE #04-02 SINGAPORE 069535"
"In-Mall & Building","Tampines Mall","RETAIL","POPULAR BOOK CO PL - 1065 TML","4 TAMPINES CENTRAL 5 #03-17 SINGAPORE 048470"
"In-Mall & Building","Junction 8","RESTAURANT","DIN TAI FUNG J8","9 BISHAN PLACE #01-41 SINGAPORE 088494"
"In-Mall & Building","Tampines Mall","RESTAURANT","DIN TAI FUNG TM","4 TAMPINES CENTRAL 5 #02-01 SINGAPORE 059029"
"In-Mall & Building","Marina Bay Link Mall","RESTAURANT","DIN TAI FUNG MBLM","8A MARINA BOULEVARD #B2-05/06 SINGAPORE 058686"
"In-Mall & Building","Plaza Singapura","RETAIL","LAC NUTRITION FOR LIFE - PLAZA SGP","68 ORCHARD ROAD #B2-05 SINGAPORE 080333"
"In-Mall & Building","Parkway Parade","RESTAURANT","ICHIBAN BOSHI - PARKWAY PARADE","80 MARINE PARADE ROAD #02-12/12A SINGAPORE 089859"
"In-Mall & Building","NEX","RESTAURANT","PU TIEN - NEX","23 SERANGOON CENTRAL #02-18 SINGAPORE 018987"
"In-Mall & Building","Marina Bay Link Mall","RETAIL","BREADTALK-MARINA BAY LINK MALL","8A MARINA BOULEVARD #B2-18 SINGAPORE 048622"
"In-Mall & Building","Bedok Mall","RETAIL","BREADTALK-BEDOK MALL","311 NEW UPPER CHANGI ROAD #B2-25/26 SINGAPORE 058926"
"In-Mall & Building","Punggol Waterway Point","RESTAURANT","ICHIBAN BOSHI - WATERWAY POINT","83 PUNGGOL CENTRAL #B1-19 SINGAPORE 078883"
"In-Mall & Building","Raffles Xchange","RETAIL","LAC NUTRITION FOR LIFE - SMRT","5 RAFFLES PLACE #B1-47/48 SINGAPORE 069115"
"In-Mall & Building","Tampines Mall","RETAIL","LAC NUTRITION FOR LIFE - TAMPINES MALL","4 TAMPINES CENTRAL 5 #B1-06 SINGAPORE 068729"
"In-Mall & Building","West Mall","RETAIL","LAC NUTRITION FOR LIFE - WEST MALL","1 BUKIT BATOK CENTRAL LINK #B1-08 SINGAPORE 048616"
"In-Mall & Building","Punggol Waterway Point","RETAIL","BREADTALK-WWP","83 PUNGGOL CENTRAL #B1-15 SINGAPORE 059509"
"In-Mall & Building","Westgate","RETAIL","WESTAGE CAFE","3 GATEWAY DRIVE #02-03 SINGAPORE 068615"
"In-Mall & Building","Tampines Mall","RETAIL","BREADTALK-TAMPINES MALL","4 TAMPINES CENTRAL 5 #01-32 SINGAPORE 069115"
"Street","Holland Avenue","RETAIL","SANPOUTEI RAMEN-HV","253 HOLLAND AVENUE #01-01 SINGAPORE 068616"
"In-Mall & Building","IMM Building","RETAIL","OUTLET BY CLUB 21 - IMM","2 JURONG EAST STREET 21 #01-123 SINGAPORE 088383"
"In-Mall & Building","IMM Building","RETAIL","LAC NUTRITION FOR LIFE - IMM","2 JURONG EAST STREET 21 #01-52 SINGAPORE 069887"
"In-Mall & Building","Junction 8","RETAIL","LAC NUTRITION FOR LIFE - JUNCTION 8","9 BISHAN PLACE #B1-17 SINGAPORE 048761"
"In-Mall & Building","Parkway Parade","RETAIL","LAC NUTRITION FOR LIFE-PARKWAYPARADE","80 MARINE PARADE ROAD #B1-K1 SINGAPORE 069878"
"In-Mall & Building","Parkway Parade","RETAIL","VENCHI PARKWAY PARADE PD","80 MARINE PARADE ROAD #01-07/08 SINGAPORE 078884"
"In-Mall & Building","Punggol Waterway Point","RETAIL","CHARLES & KEITH - WATERWAY POINT","83 PUNGGOL CENTRAL #01-51 SINGAPORE 018987"
"In-Mall & Building","West Mall","RESTAURANT","ICHIBAN SUSHI WEST MALL","1 BUKIT BATOK CENTRAL LINK #03-02 SINGAPORE 059190"
"Street","Beach Road","RESTAURANT","BELIMBING RESTAURANT","269A BEACH ROAD SINGAPORE 068601"
"Street","Beach Road","RESTAURANT","THE COCONUT CLUB - BEACH ROAD","269 BEACH ROAD SINGAPORE 048618"
"In-Mall & Building","Republic Plaza","RESTAURANT","BACHA COFFEE RP","9 RAFFLES PLACE #01-08 SINGAPORE 048616"
"In-Mall & Building","NEX","RESTAURANT","TEXAS-NEX","23 SERANGOON CENTRAL #04-18/19/20 SINGAPORE 048616"
"In-Mall & Building","Tampines Mall","RETAIL","CHARLES & KEITH - TAMPINES MALL","4 TAMPINES CENTRAL 5 #01-13/14 SINGAPORE 068729"
"In-Mall & Building","NEX","RETAIL","CHARLES & KEITH - NEX MALL","23 SERANGOON CENTRAL #01-39/40 SINGAPORE 058811"
"In-Mall & Building","Plaza Singapura","RETAIL","CHARLES & KEITH - PLAZA SINGAPURA","68 ORCHARD ROAD #02-28/28A SINGAPORE 058698"
"In-Mall & Building","Bugis Junction","RETAIL","CHARLES & KEITH - BUGIS JUNCTION","200 VICTORIA STREET #01-06/07/08 SINGAPORE 088328"
"In-Mall & Building","Bugis Junction","RETAIL","PEDRO - BUGIS JUNCTION","200 VICTORIA STREET #01-03 SINGAPORE 068733"
"In-Mall & Building","Parkway Parade","RESTAURANT","YAKINIKU-GO","80 MARINE PARADE ROAD #B1-84B SINGAPORE 048616"
"In-Mall & Building","Guoco Tower","RESTAURANT","GOKOKU JAPANESE BAKERY","1 WALLICH STREET #B1-06 SINGAPORE 048616"
"In-Mall & Building","Junction 8","RESTAURANT","MISTER DONUT","9 BISHAN PLACE #02-27A SINGAPORE 048616"
"In-Mall & Building","Northpoint City","RESTAURANT","GOKOKU JAPANESE BAKERY","930 YISHUN AVENUE 2 #B1-57 SINGAPORE 058807"
"Street","East Coast Park","RESTAURANT","JUMBO SEAFOOD EAST COAST","1206 EAST COAST PARKWAY #01-07/08 SINGAPORE 049965"
"In-Mall & Building","Parkway Parade","RESTAURANT","LENU - PARKWAY PARADE","80 MARINE PARADE ROAD #01-34 SINGAPORE 088865"
"Street","Amoy Street","RESTAURANT","CHAO TING TEOCHEW PAO FAN","132 AMOY STREET SINGAPORE 059021"
"Street","Amoy Street","RESTAURANT","ZUI YU XUAN TEOCHEW CUISINE","130 - 132 AMOY STREET #01-01 SINGAPORE 068589"
"Street","Chulia Street","RESTAURANT","PEACH GARDEN - OCBC CENTRE","65 CHULIA STREET #33-01 SINGAPORE 089265"
"Street","East Coast Park","RESTAURANT","JUMBO SEAFOOD EAST COAST","1206 EAST COAST PARKWAY #01-07/08 SINGAPORE 069889"
"In-Mall & Building","NEX","RETAIL","WINE CONNECTION R - NEX","23 SERANGOON CENTRAL #B2-41 SINGAPORE 088533"
"In-Mall & Building","Parkway Parade","RESTAURANT","DIN TAI FUNG PW","80 MARINE PARADE ROAD #01-15 SINGAPORE 079903"
"In-Mall & Building","Punggol Waterway Point","RESTAURANT","DIN TAI FUNG-WATERWAY POINT","83 PUNGGOL CENTRAL #01-22 SINGAPORE 048472"
"In-Mall & Building","Westgate","RESTAURANT","TOAST BOX - WEST GATE L2","3 GATEWAY DRIVE #02-02 SINGAPORE 058464"
"In-Mall & Building","Marina Bay Link Mall","RESTAURANT","TOAST BOX - MARINA BAY LINK MALL","8A MARINA BOULEVARD #B2-18 SINGAPORE 088379"
"In-Mall & Building","Bugis Junction","RESTAURANT","TOAST BOX - BUGIS JUNCTION","200 VICTORIA STREET #01-67 SINGAPORE 069893"
"In-Mall & Building","Bedok Mall","RESTAURANT","TOAST BOX - BEDOK MALL","311 NEW UPPER CHANGI ROAD #B2-25/26 SINGAPORE 049315"
"In-Mall & Building","Myvillage - Serangoon","RESTAURANT","TOAST BOX - MYVILLAGE","1 MAJU AVENUE #01-01 SINGAPORE 069622"
"In-Mall & Building","NEX","RESTAURANT","TOAST BOX - NEX SERANGOON","23 SERANGOON CENTRAL #B2-58/59 SINGAPORE 069047"
"In-Mall & Building","Junction 8","RESTAURANT","TOAST BOX - JUNCTION 8","9 BISHAN PLACE #01-35/36 SINGAPORE 058829"
"In-Mall & Building","Punggol Waterway Point","RESTAURANT","TOAST BOX - WATERWAY POINT","83 PUNGGOL CENTRAL #B1-15 SINGAPORE 089857"
"In-Mall & Building","Myvillage - Serangoon","RETAIL","WINE CONNECTION R - MYVILLAGE","1 MAJU AVENUE #B1-05 SINGAPORE 089816"
"Street","East Coast Road","RETAIL","WINE CONNECTION R - THE DOMAIN","914 EAST COAST ROAD #01-06 SINGAPORE 089597"
"In-Mall & Building","IMM Building","RESTAURANT","HAI DI LAO - IMM","2 JURONG EAST STREET 21 #03-01/02 SINGAPORE 069621"
"In-Mall & Building","Plaza Singapura","RESTAURANT","HAI DI LAO - PLAZA SINGAPURA","68 ORCHARD ROAD #04-01 - 20 SINGAPORE 069455"
"In-Mall & Building","Paya Lebar Quarter","RESTAURANT","HAI DI LAO - PLQ","10 PAYA LEBAR ROAD #03-11/12 SINGAPORE 088390"
"In-Mall & Building","IMM Building","RETAIL","OSIM","2 JURONG EAST ST 21 #02-40 SINGAPORE 048774"
"In-Mall & Building","Junction 8","RETAIL","OSIM - JUNCTION 8","9 BISHAN PLACE #03-10 SINGAPORE 068721"
"In-Mall & Building","Northpoint City","RETAIL","OSIM - NORTHPOINT CITY","1 NORTHPOINT DRIVE #B1-120 SINGAPORE 089813"
"In-Mall & Building","Parkway Parade","RETAIL","OSIM - PARKWAY PARADE B1","80 MARINE PARADE ROAD #B1-63 SINGAPORE 089003"
"In-Mall & Building","Plaza Singapura","RETAIL","OSIM - PLAZA SINGAPURA","68 ORCHARD ROAD #03-09 SINGAPORE 069932"
"In-Mall & Building","Republic Plaza","RESTAURANT","TWG TEA - RP RETAIL","9 RAFFLES PLACE #01-09/10 SINGAPORE 069935"
"Street","Telok Ayer Street","RESTAURANT","MEATSMITH","167/169 TELOK AYER STREET SINGAPORE 069923"
"In-Mall & Building","One Raffles Place","RESTAURANT","HIGH HOUSE","1 RAFFLES PLACE #61 & #62-01 & 01 SINGAPORE 048441"
"In-Mall & Building","Northpoint City","RESTAURANT","KURIYA JAPANESE MARKET NORTHPOINT CITY","1 NORTHPOINT DRIVE #B1-152 SINGAPORE 069333"
"In-Mall & Building","NEX","RESTAURANT","ICHIBAN BOSHI - SERANGOON NEX","23 SERANGOON CENTRAL #B1-04 SINGAPORE 058456"
"In-Mall & Building","Marina Bay Link Mall","RESTAURANT","ICHIBAN BOSHI - MARINA BAY","8A MARINA BOULEVARD #B2-14/15 SINGAPORE 069695"
"In-Mall & Building","Tampines Mall","RESTAURANT","GOKOKU TAMPINES MALL","4 TAMPINES CENTRAL 5 #B1-K7 SINGAPORE 069431"
"In-Mall & Building","Guoco Tower","RESTAURANT","KURIYA JAPANESE MARKET GUOCO TOWER","7 WALLICH STREET #B1-06 SINGAPORE 089837"
"In-Mall & Building","Northpoint City","RESTAURANT","MISTER DONUT - NORTHPOINT","1 NORTHPOINT DRIVE #B1-152 SINGAPORE 068732"
"In-Mall & Building","Parkway Parade","RESTAURANT","MISTER DONUT PARKWAY PARADE","80 MARINE PARADE ROAD #01-16 SINGAPORE 088518"
"In-Mall & Building","Parkway Parade","RESTAURANT","GOKOKU JAPANESE BAKERY PARKWAY PARADE","80 MARINE PARADE ROAD #B1-51/52/65 SINGAPORE 018981"
"In-Mall & Building","Punggol Waterway Point","RESTAURANT","MISTER DONUT WATERWAY POINT","83 PUNGGOL CENTRAL #B1-20 SINGAPORE 059505"
"In-Mall & Building","NEX","RESTAURANT","IDATEN UDON - NEX","23 SERANGOON CENTRAL #B1-02 SINGAPORE 081007"
"In-Mall & Building","Punggol Waterway Point","RESTAURANT","KURIYA JAPANESE MARKET-WATERWAYPOINT","83 PUNGGOL CENTRAL #B1-20 SINGAPORE 089109"
"In-Mall & Building","NEX","RESTAURANT","YAKI YAKI BO - SERANGOON NEX","23 SERANGOON CENTRAL #B1-79 SINGAPORE 089589"
"In-Mall & Building","NEX","RESTAURANT","KURIYA JAPANESE MARKET - NEX","23 SERANGOON CENTRAL #B1-03 SINGAPORE 089676"
"In-Mall & Building","NEX","RESTAURANT","YAKINIKU-GO NEX","23 SERANGOON CENTRAL #B1-78 SINGAPORE 069435"
"Street","Joo Chiat Place","RESTAURANT","HEAVENLY WANG","321 JOO CHIAT PLACE #01-10 SINGAPORE 069892"
"In-Mall & Building","West Mall","RESTAURANT","PARIS BAGUETTE - WEST MALL","1 BUKIT BATOK CENTRAL LINK #B1-18 SINGAPORE 069897"
"In-Mall & Building","Paya Lebar Quarter","RESTAURANT","PARADISE DYNASTY - PAYA LEBAR","10 PAYA LEBAR ROAD #03-08 SINGAPORE 048581"
"In-Mall & Building","Westgate","RESTAURANT","PARADISE HOTPOT - WESTGATE","3 GATEWAY DRIVE #03-10 SINGAPORE 069449"
"In-Mall & Building","Marina Bay Link Mall","RESTAURANT","PARADISE CLASSIC - MBLM","8A MARINA BOULEVARD #B2-20 SINGAPORE 079020"
"In-Mall & Building","NEX","RESTAURANT","BEAUTY IN THE POT - NEX","23 SERANGOON CENTRAL #02-01 SINGAPORE 088534"
"In-Mall & Building","NEX","RESTAURANT","CANTON PARADISE - NEX","23 SERANGOON CENTRAL #02-04 SINGAPORE 088441"
"In-Mall & Building","Westgate","RESTAURANT","PARADISE DYNASTY - WESTGATE","3 GATEWAY DRIVE #02-13 SINGAPORE 069871"
"In-Mall & Building","Tampines Mall","RESTAURANT","PU TIEN - TAMPINES MALL","4 TAMPINES CENTRAL 5 #02-024 SINGAPORE 089158"
"In-Mall & Building","The Woodleigh Mall","RESTAURANT","LENU - WOODLEIGH MALL","11 BIDADARI PARK DRIVE #01-41 SINGAPORE 089158"
"In-Mall & Building","The Woodleigh Mall","RESTAURANT","PARADISE CLASSIC - WOODLEIGH MALL","11 BIDADARI PARK DRIVE #01-41 SINGAPORE 069115"
"In-Mall & Building","Parkway Parade","RESTAURANT","PARIS BAGUETTE - PARKWAY PARADE","80 MARINE PARADE ROAD #01-K3 SINGAPORE 089618"
"In-Mall & Building","Bugis Junction","RESTAURANT","PARIS BAGUETTE - BUGIS JUNCTION","200 VICTORIA STREET #B1-24 SINGAPORE 089757"
"In-Mall & Building","Hong Leong Building","RESTAURANT","PARIS BAGUETTE - HONG LEONG BUILDING","16 RAFFLES QUAY #01-03 SINGAPORE 089617"
"In-Mall & Building","Northpoint City","RESTAURANT","PARIS BAGUETTE - NORTHPOINT CITY","930 YISHUN AVENUE 2 #02-16/17 SINGAPORE 069451"
"In-Mall & Building","NEX","RESTAURANT","PARIS BAGUETTE - NEX","23 SERANGOON CENTRAL #01-67 SINGAPORE 089109"
"In-Mall & Building","Paya Lebar Quarter","RESTAURANT","PARIS BAGUETTE - PLQ","10 PAYA LEBAR ROAD #01-03/05/06 SINGAPORE 069906"
"In-Mall & Building","Bedok Mall","RESTAURANT","PARIS BAGUETTE-BEDOK MALL","311 NEW UPPER CHANGI ROAD #01-31 SINGAPORE 069911"
"Street","Serangoon Garden Way","RESTAURANT","SUSHI-TEI PTE LTD - SERANGOON GARDEN","64/64A SERANGOON GARDEN WAY SINGAPORE 089128"
"In-Mall & Building","Northpoint City","RESTAURANT","SUSHI TEI NORTH POINT","930 YISHUN AVENUE 2 #02-15 SINGAPORE 089158"
"In-Mall & Building","NEX","RESTAURANT","SUSHI-TEI PTE LTD - NEX","23 SERANGOON CENTRAL #03-15/16 SINGAPORE 059521"
"In-Mall & Building","NEX","RETAIL","BATH & BODYWORKS - NEX","23 SERANGOON CENTRAL #01-72/73 SINGAPORE 058826"
"In-Mall & Building","IMM Building","RETAIL","BATH & BODY WORKS- IMM","2 JURONG EAST STREET 21 #01-106 SINGAPORE 089142"
"In-Mall & Building","IMM Building","RETAIL","MICHAEL KORS - IMM","2 JURONG EAST STREET 21 #01-105/125 SINGAPORE 048581"
"In-Mall & Building","Tampines Mall","RETAIL","BATH & BODY WORKS- TAMPINES MALL","4 TAMPINES CENTRAL 5 #01-10/11 SINGAPORE 068624"
"In-Mall & Building","IMM Building","RETAIL","VICTORIA'S SECRET-IMM","2 JURONG EAST STREET 21 #01-105 SINGAPORE 018987"
"In-Mall & Building","Northpoint City","RESTAURANT","PU TIEN - NORTHPOINT CITY","930 YISHUN AVENUE 2 #02-42/43/44 SINGAPORE 049315"
"In-Mall & Building","IMM Building","RETAIL","MICHAEL KORS MEN - IMM","2 JURONG EAST STREET 21 #01-105/125 SINGAPORE 059486"
"In-Mall & Building","NEX","RESTAURANT","ORIENTAL KOPI - NEX","23 SERANGOON CENTRAL #B1-15 SINGAPORE 059523"
"In-Mall & Building","IMM Building","RETAIL","STEVE MADDEN","2 JURONG EAST STREET 21 #01-05/06 SINGAPORE 059528"
"In-Mall & Building","Westgate","RESTAURANT","ORIENTAL KOPI - WESTGATE","3 GATEWAY DRIVE #02-28/49 SINGAPORE 048583"
"In-Mall & Building","Bugis Junction","RESTAURANT","LENU - BUGIS","200 VICTORIA STREET #B1-22 SINGAPORE 081007"
"In-Mall & Building","Bedok Mall","RESTAURANT","PARADISE CLASSIC - BEDOK MALL","311 NEW UPPER CHANGI ROAD #B2-10 SINGAPORE 058591"
"In-Mall & Building","Westgate","RESTAURANT","WC BISTRO WESTGATE PD","3 GATEWAY DRIVE #01-03 SINGAPORE 058959"
"In-Mall & Building","Change Alley","RESTAURANT","WINE CONNECTION R - RAFFLES PLACE","16 COLLYER QUAY #01-07 SINGAPORE 059239"
"In-Mall & Building","Parkway Parade","RETAIL","WINE CONNECTION R - PARKWAY PARADE","80 MARINE PARADE ROAD #B1-54 SINGAPORE 088499"
"In-Mall & Building","I12 Katong","RETAIL","WC BISTRO I12 KATONG PD","112 EAST COAST ROAD #01-10 SINGAPORE 059231"
"In-Mall & Building","Northpoint City","RESTAURANT","LENU - NORTHPOINT CITY","930 YISHUN AVENUE 2 #B1-101 SINGAPORE 089837"
"In-Mall & Building","Plaza Singapura","RESTAURANT","LE SHRIMP - PLAZA SINGAPURA","68 ORCHARD ROAD #03-02 SINGAPORE 059484"
"In-Mall & Building","Plaza Singapura","RESTAURANT","CANTON PARADISE - PLAZA SINGAPURA","68 ORCHARD ROAD #03-01 SINGAPORE 079903"
"In-Mall & Building","Bugis Junction","RESTAURANT","ORIENTAL KOPI - BUGIS","200 VICTORIA STREET #02-50 SINGAPORE 049513"
"In-Mall & Building","Bedok Mall","RESTAURANT","LENU - BEDOK MALL","311 NEW UPPER CHANGI ROAD #B2-32 SINGAPORE 059511"
"In-Mall & Building","Bedok Mall","RESTAURANT","CANTON PARADISE - BEDOK MALL","311 NEW UPPER CHANGI ROAD #B2-11 SINGAPORE 059492"
"In-Mall & Building","Bugis+","RESTAURANT","HAI DI LAO - BUGIS+","201 VICTORIA STREET #04-10 SINGAPORE 048616"
"In-Mall & Building","NEX","RETAIL","OSIM - SERANGOON NEX","23 SERANGOON CENTRAL #03-05 SINGAPORE 078884"
"Street","East Coast Park","RESTAURANT","LONG BEACH UDMC","1202 EAST COAST PARKWAY #01-04 SINGAPORE 068625"
"In-Mall & Building","Paya Lebar Quarter","RETAIL","WC BISTRO PLQ PD","1 PAYA LEBAR LINK #01-07 SINGAPORE 058595"
"In-Mall & Building","Northpoint City","RESTAURANT","HAI DI LAO - NORTHPOINT","930 YISHUN AVENUE 2 #B1-179/180/191/193 SINGAPORE 059220"
"In-Mall & Building","Tampines Mall","RETAIL","OSIM - TAMPINES MALL","4 TAMPINES CENTRAL 5 #B1-05 SINGAPORE 058571"
"Street","Greenwood Avenue","RESTAURANT","PEPERONI GREENWOOD","6 GREENWOOD AVENUE SINGAPORE 079903"
"In-Mall & Building","Westgate","RESTAURANT","PU TIEN WESTGATE","3 GATEWAY DRIVE #03-08 SINGAPORE 059501"
"In-Mall & Building","The Woodleigh Mall","RETAIL","EU YAN SANG - THE WOODLEIGH","11 BIDADARI PARK DRIVE #B1-34 SINGAPORE 089110"
"In-Mall & Building","The Woodleigh Mall","RESTAURANT","CEDELE - WOODLEIGH","11 BIDADARI PARK DRIVE #01-38 SINGAPORE 059233"
"In-Mall & Building","Marina Bay Financial Centre","RESTAURANT","W MARINA BAY FINANCIAL CENTRE TOWER 3","12 MARINA BOULEVARD #02-01/04 SINGAPORE 059487"
"In-Mall & Building","The Star Vista","RESTAURANT","LE SHRIMP RAMEN - STAR VISTA","1 VISTA EXCHANGE GREEN #02-24 SINGAPORE 059235"
"In-Mall & Building","I12 Katong","RETAIL","WINE CONNECTION BIS - I12 KATONG","112 EAST COAST ROAD #01-10 SINGAPORE 058831"
"In-Mall & Building","Paya Lebar Quarter","RETAIL","WINE CONNECTION BIS - PLQ","1 PAYA LEBAR LINK #01-07 SINGAPORE 048616"
"In-Mall & Building","NEX","RESTAURANT","DIN TAI FUNG NEX","23 SERANGOON CENTRAL #B1-10/11/12 SINGAPORE 069613"
"In-Mall & Building","New Bahru","RESTAURANT","THE COCONUT CLUB","46 & 58 KIM YAM RD #01-14 SINGAPORE 068638"
"Street","Tanjong Pagar Road","RESTAURANT","OATSOME","100 TANJONG PAGAR ROAD SINGAPORE 089111"
"In-Mall & Building","Chijmes","RESTAURANT","ALMOST FAMOUS","30 VICTORIA STREET #01-06 SINGAPORE 068729"
"Street","Joo Chiat Place","RESTAURANT","CHILLI PADI NONYA","11 JOO CHIAT PLACE #01-03 SINGAPORE 049705"
"Street","Club Street","RESTAURANT","MESSINA","1 CLUB STREET SINGAPORE 048581"
"In-Mall & Building","I12 Katong","RESTAURANT","EDITH PATISSERIE - KATONG","112 EAST COAST ROAD #B1-30 SINGAPORE 068610"
"In-Mall & Building","Myvillage - Serangoon","RESTAURANT","EDITH PATISSERIE - SERANGOON","1 MAJU AVENUE #01-24 SINGAPORE 079027"
"In-Mall & Building","Hong Leong Building","RESTAURANT","OMNIVORE","16 RAFFLES QUAY #B1-29/30 SINGAPORE 068622"
"Street","South Bridge Road","RESTAURANT","MADAM FLOD","47 SOUTH BRIDGE ROAD SINGAPORE 069911"
"In-Mall & Building","Katong V","RESTAURANT","THE CANOPY CAFE","30 EAST COAST ROAD #01-01 SINGAPORE 018982"
"In-Mall & Building","Punggol Waterway Point","RESTAURANT","CHATERAISE - WATERWAY POINT","83 PUNGGOL CENTRAL #B1-01 SINGAPORE 068723"
"In-Mall & Building","100AM","RESTAURANT","THE TREE CAFE (100AM)","100 TRAS STREET #01-01 SINGAPORE 069614"
"Street","Bugis Village","RESTAURANT","WARUNG LEKO","162 ROCHOR ROAD SINGAPORE 089487"
"Street","Joo Chiat Road","RESTAURANT","HJH MAIMUNAH RESTAURANT PTE. LTD.","20 JOO CHIAT ROAD #01-01 SINGAPORE 018984"
"Street","Beach Road","RESTAURANT","BASQ & BEAN","85 BEACH ROAD #01-02 SINGAPORE 078978"
"In-Mall & Building","Punggol Waterway Point","RESTAURANT","BYD BY 1826","83 PUNGGOL CENTRAL #01-12 SINGAPORE 089662"
"Street","China Street","RESTAURANT","88 ROAST MEAT SPECIALIST","18 CHINA STREET #01-01 SINGAPORE 048774"
"In-Mall & Building","Punggol Waterway Point","RESTAURANT","RED GINGER COFFEEHOUSE","83 PUNGGOL CENTRAL #B1-17 SINGAPORE 079903"
"Street","North Bridge Road","RESTAURANT","MOMOLATO - NORTH BRIDGE","723 NORTH BRIDGE ROAD SINGAPORE 058456"
"In-Mall & Building","I12 Katong","RESTAURANT","GREYBOX COFFEE - KATONG","112 EAST COAST ROAD #02-23 SINGAPORE 048581"
"In-Mall & Building","Ocean Financial Centre","RESTAURANT","GREYBOX - OCEAN FINANCIAL CENTRE","10 COLLYER QUAY #01-03 SINGAPORE 088525"
"In-Mall & Building","Duo","RESTAURANT","POMEGRANATE","7 FRASER STREET #01-34/35 SINGAPORE 079027"
"Street","North Bridge Road","RESTAURANT","COFFEE CLUB","402 NORTH BRIDGE ROAD SINGAPORE 068594"
"Street","Bussorah Street","RESTAURANT","OFFDAY COFFEE","34 BUSSORAH STREET SINGAPORE 079027"
"Street","Teo Hong Road","RESTAURANT","NITTY GRITTY","21 TEO HONG ROAD SINGAPORE 088522"
"Street","Joo Chiat Road","RESTAURANT","THE VELVET CUT","51 JOO CHIAT ROAD #01-02 SINGAPORE 079017"
"Street","Jalan Merah Saga","RESTAURANT","MYX AT HOLLAND VILLAGE","44 JALAN MERAH SAGA #01-46 SINGAPORE 079903"
"Street","Gemmill Lane","RESTAURANT","IL TORO","18 GEMMILL LANE SINGAPORE 078884"
"Street","Boon Tat Street","RESTAURANT","NO MENU BAR","31 BOON TAT STREET SINGAPORE 068736"
"Street","Greenwood Avenue","RESTAURANT","FU YUAN - GREENWOOD","24 GREENWOOD AVENUE SINGAPORE 088444"
"In-Mall & Building","Westgate","RESTAURANT","TANYU WESTGATE","3 GATEWAY DRIVE #B1-01/02 SINGAPORE 089679"
"In-Mall & Building","Bugis Junction","RESTAURANT","TANYU BUGIS JUNCTION","200 VICTORIA STREET #02-45 SINGAPORE 088820"
"Street","Beach Road","RESTAURANT","SICHUAN TIANFU RESTAURANT","337 BEACH ROAD #01-01 SINGAPORE 069458"
"In-Mall & Building","Tampines Mall","RESTAURANT","LEGENDARY HONG KONG - TAMPINES MALL","4 TAMPINES CENTRAL 5 #B1-11 SINGAPORE 089813"
"In-Mall & Building","Northpoint City","RESTAURANT","FENG FOOD - NORTHPOINT DRIVE","1 NORTHPOINT DRIVE #B1-156 SINGAPORE 088875"
"In-Mall & Building","Chijmes","RESTAURANT","BROTH BEYOND SINGAPORE","30 VICTORIA STREET #B1-01 SINGAPORE 089134"
"Street","South Bridge Road","RESTAURANT","LEGENDARY BAK KUT TEH","46 SOUTH BRIDGE ROAD #01-01 SINGAPORE 079027"
"Street","Jalan Sultan","RESTAURANT","NAN YANG LALA BAR","500 JALAN SULTAN #01-20 SINGAPORE 069612"
"Street","Temple Street","RESTAURANT","XI LA MAO","61 TEMPLE STREET SINGAPORE 068610"
"Street","Punggol Settlement","RESTAURANT","SMAC BBQ (PUNGGOL 1)","500 NEW PUNGGOL ROAD #02-09/10 SINGAPORE 069907"
"In-Mall & Building","NEX","RESTAURANT","TAI ER SUANCAI & FISH - NEX","23 SERANGOON CENTRAL #03-11/12/13 SINGAPORE 088892"
"Street","North Bridge Road","RESTAURANT","AL-IMAM BANANA LEAF","742 NORTH BRIDGE ROAD SINGAPORE 068625"
"Street","East Coast Road","RESTAURANT","DELHI6","11 EAST COAST ROAD #01-22 SINGAPORE 088467"
"Street","Sago Street","RESTAURANT","CHINATOWN TEH TARIK","40 SAGO STREET SINGAPORE 088516"
"Street","Cecil Street","RESTAURANT","BARREL","19 CECIL STREET #01-01 SINGAPORE 088536"
"Street","Cecil Street","RESTAURANT","POP CITY X PONY","19 CECIL STREET #02-01 SINGAPORE 069116"
"Street","Tras Street","RESTAURANT","TORASHO RAMEN & CHARCOAL BAR","32 TRAS STREET SINGAPORE 089000"
"Street","Club Street","RESTAURANT","CAFE GYOEN COFFEE","87 CLUB STREET SINGAPORE 068611"
"In-Mall & Building","Katong V","RESTAURANT","HIKARU OMAKASE","30 EAST COAST ROAD #01-04 SINGAPORE 068630"
"In-Mall & Building","International Plaza","RESTAURANT","HONO OMAKASE","10 ANSON ROAD #01-50A SINGAPORE 048616"
"In-Mall & Building","Holland Road Shopping Centre","RESTAURANT","TSUKIJI KAISENDON","211 HOLLAND AVENUE #02-03 SINGAPORE 068597"
"In-Mall & Building","Holland Road Shopping Centre","RESTAURANT","TAKUMI SAKABA","211 HOLLAND AVENUE #02-38 SINGAPORE 068727"
"In-Mall & Building","Northpoint City","RESTAURANT","YAPPARI STEAK - NORTHPOINT","1 NORTHPOINT DRIVE #B1-182/183 SINGAPORE 018984"
"In-Mall & Building","Westgate","RESTAURANT","SUSHI ZUSHI - WESTGATE","3 GATEWAY DRIVE #03-01 SINGAPORE 088502"
"In-Mall & Building","Myvillage - Serangoon","RESTAURANT","JAPANESE BBQ TORA MYVILLAGE","1 MAJU AVENUE #02-10 SINGAPORE 069913"
"Street","Telok Ayer Street","RESTAURANT","TEIYOSHIYA","110 TELOK AYER STREET SINGAPORE 069895"
"In-Mall & Building","Paya Lebar Quarter","RESTAURANT","KOTT-DON 360","10 PAYA LEBAR ROAD #04-09 SINGAPORE 069901"
"In-Mall & Building","Bugis+","RESTAURANT","UNA UNA - BUGIS+","201 VICTORIA STREET #05-02/03 SINGAPORE 069115"
"In-Mall & Building","Northpoint City","RESTAURANT","NAMU BULGOGI","1 NORTHPOINT DRIVE #B1-181 SINGAPORE 088450"
"Street","Tanjong Pagar Road","RESTAURANT","GANGNAM BBQ","89 TANJONG PAGAR ROAD SINGAPORE 068592"
"Street","Amoy Street","RESTAURANT","GANGNAM OK","75 AMOY STREET SINGAPORE 088854"
"Street","Telok Ayer Street","RESTAURANT","GAMTAN","132 TELOK AYER STREET SINGAPORE 069618"
"Street","Duxton Road","RESTAURANT","THE HOUSE CHUNGDAM","72 DUXTON ROAD SINGAPORE 088496"
"Street","Tanjong Pagar Road","RESTAURANT","OBBA JJAJANG - TANJONG PAGAR","77 TANJONG PAGAR ROAD SINGAPORE 088998"
"Street","Tanjong Pagar Road","RESTAURANT","OBBA BBQ - TANJONG PAGAR 63","63 TANJONG PAGAR ROAD SINGAPORE 069623"
"Street","South Bridge Road","RESTAURANT","MYEONGINJIB","80 SOUTH BRIDGE ROAD #01-01 SINGAPORE 049705"
"Street","Joo Chiat Road","RESTAURANT","JOO CHIAT BANH MI","263 JOO CHIAT ROAD SINGAPORE 079323"
"In-Mall & Building","Chijmes","RESTAURANT","BEP MAI - VIETNAMESE KITCHEN - CHIJMES","30 VICTORIA STREET #01-19 SINGAPORE 068623"
"Street","Tanjong Pagar Road","RESTAURANT","PAPI'S TACOS - TANJONG PAGAR","33 TANJONG PAGAR ROAD #01-01 SINGAPORE 088509"
"Street","Joo Chiat Road","RESTAURANT","PAPI'S TACOS - KATONG","450 JOO CHIAT ROAD SINGAPORE 058460"
"Street","Bugis Village","RESTAURANT","BREWGRILLZ","163 ROCHOR ROAD SINGAPORE 088443"
"In-Mall & Building","West Mall","RESTAURANT","CHICHA SAN CHEN - WEST MALL","1 BUKIT BATOK CENTRAL LINK #B1-15 SINGAPORE 018982"
"In-Mall & Building","Tampines Mrt Station","RESTAURANT","SF FRUITS & JUICES","20 TAMPINES CENTRAL 1 #01-13 SINGAPORE 058688"
"In-Mall & Building","West Mall","RESTAURANT","I LOVE TAIMEI - WEST MALL","1 BUKIT BATOK CENTRAL LINK #B1-K17 SINGAPORE 048616"
"In-Mall & Building","Tampines Mall","RESTAURANT","SUSHI ZANMAI","4 TAMPINES CENTRAL 5 #04-32 SINGAPORE 068621"
"In-Mall & Building","Parkway Parade","RESTAURANT","R&B TEA - PARKWAY PARADE","80 MARINE PARADE ROAD #03-30A SINGAPORE 059019"
"In-Mall & Building","Westgate","RESTAURANT","HEYTEA - WESTGATE PD","3 GATEWAY DRIVE #01-25 SINGAPORE 059014"
"In-Mall & Building","Paya Lebar Quarter","RESTAURANT","COMPOSE COFFEE - PLQ","10 PAYA LEBAR ROAD #B1-K3 SINGAPORE 048770"
"In-Mall & Building","West Mall","RESTAURANT","KOPI & TARTS - WEST MALL","1 BUKIT BATOK CENTRAL LINK #B1-K12 SINGAPORE 018986"
"In-Mall & Building","Lot One","RESTAURANT","CUT CUT FRAGRANCE - LOT ONE","21 CHOA CHU KANG AVENUE 4 #B1-K24 SINGAPORE 018984"
"In-Mall & Building","Junction 8","RESTAURANT","FEI SIONG - JUNCTION 8","9 BISHAN PLACE #B1-K9 SINGAPORE 018984"
"In-Mall & Building","Tampines Mall","RESTAURANT","FEI SIONG - TAMPINES MALL","4 TAMPINES CENTRAL 5 #B1-K9 SINGAPORE 069547"
"In-Mall & Building","IMM Building","RESTAURANT","SF FRUITS & JUICES - IMM","2 JURONG EAST STREET 21 #01-84 SINGAPORE 048581"
"In-Mall & Building","The Star Vista","RESTAURANT","PASTAGO - THE STAR VISTA",""
"Street","Paya Lebar Mrt Station","RESTAURANT","EAT FRESH FEEL FRESH","30 PAYA LEBAR ROAD #01-10 SINGAPORE 048619"
"In-Mall & Building","NEX","RESTAURANT","RITZ APPLE STRUDEL - NEX MALL","23 SERANGOON CENTRAL #03-K09 SINGAPORE 059221"
"In-Mall & Building","Bugis Junction","RESTAURANT","RITZ APPLE STRUDEL - BUGIS JUNCTION","200 VICTORIA STREET #B1-K12 SINGAPORE 088511"
"In-Mall & Building","Bedok Mall","RESTAURANT","RITZ APPLE STRUDEL - BEDOK MALL","311 NEW UPPER CHANGI ROAD #B2-K8 SINGAPORE 089525"
"In-Mall & Building","Tampines Mall","RESTAURANT","RITZ APPLE STRUDEL - TAMPINES MALL","4 TAMPINES CENTRAL 5 #B1-K24 SINGAPORE 079903"
"In-Mall & Building","West Mall","RESTAURANT","RITZ APPLE STRUDEL - WEST MALL","1 BUKIT BATOK CENTRAL LINK #B1-K2 SINGAPORE 069542"
"Street","Telok Ayer Street","RESTAURANT","POKE THEORY","179 TELOK AYER STREET SINGAPORE 069047"
"In-Mall & Building","Westgate","RESTAURANT","EAT. - WESTGATE","3 GATEWAY DRIVE #B2-K13/K14 SINGAPORE 078881"
"In-Mall & Building","Punggol Waterway Point","RESTAURANT","AN ACAI AFFAIR","83 PUNGGOL CENTRAL #02-36B SINGAPORE 049964"
"Street","Arab Street","RESTAURANT","MIXUE","110 ARAB STREET SINGAPORE 079027"
"In-Mall & Building","West Mall","RESTAURANT","MIXUE","1 BUKIT BATOK CENTRAL LINK #01-07 SINGAPORE 069547"
"In-Mall & Building","Northpoint City","RESTAURANT","MIXUE","930 YISHUN AVENUE 2 #B1-13 SINGAPORE 058971"
"In-Mall & Building","Bugis+","RESTAURANT","CHICK-FIL-A","201 VICTORIA STREET #01-19 SINGAPORE 078884"
"In-Mall & Building","Northpoint City","RESTAURANT","DABBA STREET - NORTHPOINT","930 YISHUN AVENUE 2 #B2-158/159 SINGAPORE 048616"
"In-Mall & Building","The Star Vista","RESTAURANT","YEW KEE SPECIALITIES - THE STAR VISTA",""
"In-Mall & Building","West Mall","RESTAURANT","YEW KEE SPECIALITIES - WEST MALL","1 BUKIT BATOK CENTRAL LINK #B1-K16 SINGAPORE 079027"
"In-Mall & Building","Northpoint City","RESTAURANT","NIKU IKU - NORTHPOINT CITY","930 YISHUN AVENUE 2 #B2-158/159 SINGAPORE 048622"
"In-Mall & Building","NEX","RESTAURANT","YEW KEE SPECIALITIES - NEX","23 SERANGOON CENTRAL #B1-46A SINGAPORE 078884"
"In-Mall & Building","Bugis Junction","RESTAURANT","DABBA STREET - BUGIS JUNCTION","200 VICTORIA STREET #B1-K08 SINGAPORE 048616"
"In-Mall & Building","Junction 8","RESTAURANT","RITZ APPLE STRUDEL - J8","9 BISHAN PLACE #B1-K3 SINGAPORE 079027"
"Street","Bussorah Street","RESTAURANT","ZUZU RESTAURANT","45B BUSSORAH STREET SINGAPORE 069538"
"Street","Bussorah Street","RESTAURANT","AYASOFYA TURKISH RESTAURANT","51 BUSSORAH STREET SINGAPORE 049213"
"Street","Tanjong Pagar Road","RESTAURANT","PIZZA STUDIO TAMAKI","38 TANJONG PAGAR ROAD SINGAPORE 068590"
"In-Mall & Building","Change Alley","RESTAURANT","PAZONIA ITALIAN STREET FOOD","30 RAFFLES PLACE #B1-17 SINGAPORE 059028"
"Street","Amoy Street","RESTAURANT","PAZONIA ITALIAN STREET FOOD - AMOY","49 AMOY STREET SINGAPORE 048619"
"In-Mall & Building","The Sail - Marina Bay","RESTAURANT","AROI MAK","6 MARINA BOULEVARD #01-16 SINGAPORE 078884"
"Street","Keong Saik Road","RESTAURANT","CREAMIE SIPPIES - KEONG SAIK","31 KEONG SAIK ROAD SINGAPORE 048619"
"In-Mall & Building","IMM Building","RESTAURANT","CHOU NIANG FERMENTED RICE IMM","2 JURONG EAST STREET 21 #01-49 SINGAPORE 048619"
"In-Mall & Building","Plaza Singapura","RESTAURANT","CHOU NIANG - PLAZA SINGAPURA","68 ORCHARD ROAD #B2-48/49 SINGAPORE 048616"
"In-Mall & Building","Northpoint City","RESTAURANT","SUPERGREEN (NORTHPOINT) PTE. LTD.","930 YISHUN AVENUE 2 #B1-15 SINGAPORE 018984"
"In-Mall & Building","Change Alley","RESTAURANT","MR ONIGIRI - CIMB","30 RAFFLES PLACE #B1-29 SINGAPORE 018984"
"In-Mall & Building","100AM","RESTAURANT","NAN YANG DAO - 100AM","100 TRAS STREET #01-04 SINGAPORE 059189"
"In-Mall & Building","West Mall","RESTAURANT","NAN YANG DAO - WEST MALL","1 BUKIT BATOK CENTRAL LINK #B1-19 SINGAPORE 088321"
"In-Mall & Building","Duo","RESTAURANT","NAN YANG DAO EXPRESS - DUO GALLERIA","7 FRASER STREET #01-46/47 SINGAPORE 048616"
"In-Mall & Building","Change Alley","RESTAURANT","NAN YANG DAO EXPRESS - COLLYER QUAY CENTRE","16 COLLYER QUAY #01-11/12 SINGAPORE 049215"
"Street","North Bridge Road","RESTAURANT","HAIG ROAD PUTU PIRING - HAJI LANE","674 NORTH BRIDGE ROAD #01-- SINGAPORE 048618"
"In-Mall & Building","Northpoint City","RESTAURANT","ZUS COFFEE - NP CITY","1 NORTHPOINT DRIVE #01-120/121 SINGAPORE 048616"
"In-Mall & Building","IMM Building","RESTAURANT","KENANGAN COFFEE - IMM","2 JURONG EAST STREET 21 #01-22A SINGAPORE 048616"
"In-Mall & Building","Republic Plaza","RESTAURANT","THE BACKYARD BAKERS (REPUBLIC PLAZA SINGAPORE)","9 RAFFLES PLACE #01-07 SINGAPORE 078883"
"In-Mall & Building","Marina Bay Link Mall","RESTAURANT","ZUS COFFEE - MBL MALL","8A MARINA BOULEVARD #B2-09 SINGAPORE 088822"
"In-Mall & Building","Northpoint City","RESTAURANT","TAI CHEONG BAKERYÂ ","1 NORTHPOINT DRIVE #B2-102 SINGAPORE 089142"
"Street","One Fullerton","RESTAURANT","CHICHA SAN CHEN - ONE FULLERTON","1 FULLERTON ROAD #01-11A SINGAPORE 069333"
"In-Mall & Building","Parkway Parade","RETAIL","BLOOMB - PARKWAY PARADE","80 MARINE PARADE ROAD #02-26 SINGAPORE 069333"
"In-Mall & Building","Parkway Parade","RETAIL","CHATEAU DE SABLE","80 MARINE PARADE ROAD #02-25 SINGAPORE 069547"
"In-Mall & Building","Lot One","RETAIL","CROCODILE APPAREL","21 CHOA CHU KANG AVENUE 4 #01-24 SINGAPORE 048583"
"In-Mall & Building","Bugis Junction","RETAIL","OH! SUNNY","200 VICTORIA STREET #02-20 SINGAPORE 079903"
"Street","Haji Lane","RETAIL","COCLICO","12 HAJI LANE SINGAPORE 018982"
"Street","Haji Lane","RETAIL","RE:LOVE","12A HAJI LANE SINGAPORE 078884"
"In-Mall & Building","Parkway Parade","RETAIL","BEGA PARKWAY PARADE","80 MARINE PARADE ROAD #01-74/75 SINGAPORE 048616"
"In-Mall & Building","Paya Lebar Quarter","RETAIL","2ND STREET SINGAPORE - PLQ","10 PAYA LEBAR ROAD #B1-09/10 SINGAPORE 048616"
"In-Mall & Building","Bugis Junction","RETAIL","PLAYDRESS - BUGIS JUNCTION","200 VICTORIA STREET #02-16 SINGAPORE 058348"
"Street","Haji Lane","RETAIL","I-STYLIZT","59 HAJI LANE SINGAPORE 068738"
"Street","Joo Chiat Road","RETAIL","YUMUMU","303 JOO CHIAT ROAD SINGAPORE 078994"
"In-Mall & Building","Holland Xchange","RETAIL","SGFR HOLLAND VILLAGE","200 HOLLAND AVENUE #B1-07 SINGAPORE 088464"
"In-Mall & Building","Bedok Mall","RETAIL","VALUELUX FURNISHING - BEDOK MALL","311 NEW UPPER CHANGI ROAD #B1-60 SINGAPORE 089516"
"Street","Joo Chiat Road","RETAIL","SUNDAY BEDDING - JC","479 JOO CHIAT ROAD #01-- SINGAPORE 078884"
"In-Mall & Building","NEX","RETAIL","KIM ABLE HOUSEHOLD - NEX","23 SERANGOON CENTRAL #B2-54 SINGAPORE 048619"
"In-Mall & Building","IMM Building","RETAIL","SIM SIANG CHOON - IMM","2 JURONG EAST STREET 21 #03-10 SINGAPORE 069547"
"Street","Joo Chiat Place","RETAIL","UNTOLDSTR HARDWARE AND ACCESSORIES","135 JOO CHIAT PLACE SINGAPORE 048616"
"In-Mall & Building","Paya Lebar Quarter","RETAIL","HYSSES SINGAPORE - PAYA LEBAR QUARTER","10 PAYA LEBAR ROAD #01-15 SINGAPORE 048622"
"Street","Bussorah Street","RETAIL","DOROS INTERNATIONAL (BUSSORAH STREET)","51 BUSSORAH STREET SINGAPORE 058479"
"In-Mall & Building","Bugis Junction","RETAIL","DE FIGURELAB - BUGIS","200 VICTORIA STREET #03-06 SINGAPORE 068605"
"In-Mall & Building","Parkway Parade","RETAIL","VIVAIA - PARKWAY PARADE","80 MARINE PARADE ROAD #01-27/29 SINGAPORE 081007"
"In-Mall & Building","Plaza Singapura","RETAIL","HUNTER","68 ORCHARD ROAD #01-26/28 SINGAPORE 089822"
"In-Mall & Building","Westgate","RETAIL","ARCH ANGEL","3 GATEWAY DRIVE #02-39 SINGAPORE 068601"
"In-Mall & Building","IMM Building","RETAIL","SAM EDELMAN - IMM","2 JURONG EAST STREET 21 #01-110 SINGAPORE 068602"
"In-Mall & Building","Plaza Singapura","RETAIL","ART FRIEND-PLAZA SINGAPURA","68 ORCHARD ROAD #B1-10/13 SINGAPORE 048616"
"In-Mall & Building","Northpoint City","RETAIL","LANEIGE - NORTHPOINT","930 YISHUN AVENUE 2 #01-42 SINGAPORE 048581"
"In-Mall & Building","Tampines Mall","RETAIL","LUSH - TAMPINES","4 TAMPINES CENTRAL 5 #01-34 SINGAPORE 049318"
"In-Mall & Building","Parkway Parade","RETAIL","BELOW ZERO","80 MARINE PARADE ROAD #B1-89/90 SINGAPORE 089691"
"In-Mall & Building","Bugis+","RETAIL","JUDYDOLL - BUGIS","201 VICTORIA STREET #02-51/52 SINGAPORE 069046"
"In-Mall & Building","Bugis Junction","RETAIL","KYLIE COSMETICS","200 VICTORIA STREET #01-KIO-01 SINGAPORE 048622"
"In-Mall & Building","Tanjong Pagar Plaza","RETAIL","XPRINT BUSINESS CENTRE","7 TANJONG PAGAR PLAZA #02-105 SINGAPORE 089144"
"Street","Trengganu Street","RETAIL","SG GIFT SHOP","16 TRENGGANU STREET SINGAPORE 058809"
"In-Mall & Building","Paya Lebar Quarter","RETAIL","STAR WATCHES","10 PAYA LEBAR ROAD #01-36 SINGAPORE 048616"
"In-Mall & Building","Paya Lebar Quarter","RETAIL","TISSOT","10 PAYA LEBAR ROAD #01-27 SINGAPORE 068615"
"In-Mall & Building","Tampines Mall","RETAIL","GARMIN - TAMPINES MALL","4 TAMPINES CENTRAL 5 #02-19A SINGAPORE 088512"
"In-Mall & Building","Plaza Singapura","RETAIL","CELLARBRATION - PLAZA SINGAPURA","68 ORCHARD ROAD #B2-63 SINGAPORE 049325"
"In-Mall & Building","Northpoint City","RETAIL","CELLARBRATION - NORTHPOINT CITY","930 YISHUN AVENUE 2 #B2-16 SINGAPORE 069705"
"Street","Neil Road","RETAIL","LOTUS ON WATER","69 NEIL ROAD SINGAPORE 049317"
"Street","North Bridge Road","RETAIL","SIN HIN CHUAN KEE","798 NORTH BRIDGE ROAD SINGAPORE 069791"
"In-Mall & Building","NEX","RETAIL","HELEN","23 SERANGOON CENTRAL #01-69 SINGAPORE 069900"
"In-Mall & Building","Paya Lebar Quarter","RETAIL","TURTLE","10 PAYA LEBAR ROAD #B1-31 SINGAPORE 068585"
"In-Mall & Building","Bedok Mall","RETAIL","SAMSUNG EXPERIENCE STORE BEDOK MALL","311 NEW UPPER CHANGI ROAD #B1-07 SINGAPORE 079903"
"In-Mall & Building","NEX","RETAIL","SAMSUNG EXPERIENCE STORE NEX","23 SERANGOON CENTRAL #04-42 SINGAPORE 018984"
"In-Mall & Building","Plaza Singapura","RETAIL","IX MOBILE PTE LTD","68 ORCHARD ROAD #04-19 SINGAPORE 069427"
"In-Mall & Building","Tanjong Pagar Xchange","RETAIL","PODSTOP- TANJONG PAGAR","120 MAXWELL ROAD #B1-40 SINGAPORE 059200"
"In-Mall & Building","One Raffles Place","RETAIL","PODSTOP - ONE RAFFLES PLACE","1 RAFFLES PLACE #03-27 SINGAPORE 069405"
"In-Mall & Building","Paya Lebar Quarter","RETAIL","EYEDENTITY - PLQ","10 PAYA LEBAR ROAD #01-12/13 SINGAPORE 089137"
"In-Mall & Building","Bugis Junction","RETAIL","EYEDENTITY - BUGIS","200 VICTORIA STREET #01-64/64A SINGAPORE 049317"
"In-Mall & Building","Lot One","RETAIL","MINISO - LOT ONE","21 CHOA CHU KANG AVENUE 4 #02-11/12 SINGAPORE 049317"
"In-Mall & Building","Northpoint City","RETAIL","SPARKLE","930 YISHUN AVENUE 2 #02-10 SINGAPORE 049317"
"In-Mall & Building","Westgate","RETAIL","SPARKLE-WESTGATE","3 GATEWAY DRIVE #B1-41 SINGAPORE 079903"
"In-Mall & Building","NEX","RETAIL","RAY TECHNOLOGY","23 SERANGOON CENTRAL #04-41 SINGAPORE 018981"
"In-Mall & Building","Bugis Junction","RETAIL","SKINARMA","200 VICTORIA STREET #01-KIOSK 05 SINGAPORE 048619"
"In-Mall & Building","Marina Bay Link Mall","RETAIL","EYE PRACTICE - MBLM","8A MARINA BOULEVARD #B2-08 SINGAPORE 018984"
"In-Mall & Building","Lot One","RETAIL","XIAOMI STORE LOT ONE","21 CHOA CHU KANG AVENUE 4 #01-12/13 SINGAPORE 058833"
"Street","Joo Chiat Road","RETAIL","PAWMRKT","268 JOO CHIAT ROAD SINGAPORE 078884"
"In-Mall & Building","Holland Road Shopping Centre","RETAIL","JUST4PETS GROOMING_HOLLAND VILLAGE","211 HOLLAND AVENUE #B1-01 SINGAPORE 058660"
"Street","South Bridge Road","RETAIL","CHOCOELF","232 SOUTH BRIDGE ROAD SINGAPORE 088808"
"In-Mall & Building","Tampines Mall","RETAIL","HONEYWORLD","4 TAMPINES CENTRAL 5 #02-KIO-07 SINGAPORE 059015"
"Street","Beach Road","RETAIL","MYSEAT.SG","15 BEACH ROAD #01-4685 SINGAPORE 079009"
"In-Mall & Building","Bugis Junction","RETAIL","STELLAR","200 VICTORIA STREET #02-40 SINGAPORE 058779"
"Street","Joo Chiat Road","RETAIL","TINHILL SALON","331 JOO CHIAT ROAD SINGAPORE 058568"
"Street","Haji Lane","RETAIL","99 PERCENT HAIR STUDIO","40 HAJI LANE #01-01 SINGAPORE 058559"
"In-Mall & Building","Plaza Singapura","RETAIL","HAIROLOGY","68 ORCHARD ROAD #04-54 SINGAPORE 089839"
"In-Mall & Building","Junction 8","RETAIL","PRESTO DRYCLEANERS JUNCTION 8","9 BISHAN PLACE #B1-06A SINGAPORE 089486"
"Street","Jalan Kledek","RETAIL","MARHA SALON","1 JALAN KLEDEK #01-01 SINGAPORE 058823"
"In-Mall & Building","International Plaza","RETAIL","BROS HAIR","10 ANSON ROAD #03-37 SINGAPORE 088454"
"In-Mall & Building","NEX","RETAIL","LE WAVE ART OF HAIR","23 SERANGOON CENTRAL #02-41/42 SINGAPORE 088462"
"In-Mall & Building","Northpoint City","RETAIL","HUAWEI","930 YISHUN AVENUE 2 #02-22 SINGAPORE 069114"
"In-Mall & Building","Punggol Waterway Point","RETAIL","GADGET MIX","83 PUNGGOL CENTRAL #B1-28 SINGAPORE 059243"
"In-Mall & Building","Tampines Mall","RETAIL","HONOR","4 TAMPINES CENTRAL 5 #03-06 SINGAPORE 058569"
"In-Mall & Building","Bedok Mall","RETAIL","GADGET MIX","311 NEW UPPER CHANGI ROAD #B1-16 SINGAPORE 048618"
"Street","Bugis Village","RETAIL","JOE'S OUTLET ","52 QUEEN STREET #01-ABFL01 SINGAPORE 048616"
"Street","Bugis Village","RESTAURANT","BREW GRILLZ","163 ROCHOR ROAD #01-163 SINGAPORE 079903"
"Street","Mosque Street","RETAIL","AUGUST HAIR SALON","36A MOSQUE STREET #02-01 SINGAPORE 058813"
"Street","Joo Chiat Road","RESTAURANT","YUAN COFFEE","405 JOO CHIAT ROAD SINGAPORE 082001"
"Street","Telok Ayer Street","RESTAURANT","SONG GYE OK","113 TELOK AYER STREET SINGAPORE 048616"
"In-Mall & Building","Bedok Mall","RETAIL","SGFR CANDY STORE","311 NEW UPPER CHANGI ROAD #B2-57 SINGAPORE 049317"
"In-Mall & Building","Change Alley","RETAIL","LUCIA","30 RAFFLES PLACE #B1-32 SINGAPORE 018984"
"Street","Haji Lane","RETAIL","MAISON SOLEIL","35 HAJI LANE #01-01 SINGAPORE 079903"
"Street","Neil Road","RETAIL","CARRIE K.","77B NEIL ROAD #03-01 SINGAPORE 048581"
"Street","Tan Quee Lan Street","RESTAURANT","COCONUT CHICKEN","6 TAN QUEE LAN ST SINGAPORE 058463"
"Street","South Bridge Road","RESTAURANT","FERNWEH CAFE","237 & 239 SOUTH BRIDGE ROAD #01-02 SINGAPORE 018984"
"In-Mall & Building","Westgate","RETAIL","HUAWEI","3 GATEWAY DRIVE #03-38/39 SINGAPORE 078884"
"Street","North Bridge Road","RETAIL","LUCKY STORE","1 NORTH BRIDGE ROAD #01-12 SINGAPORE 059221"
"Street","South Bridge Road","RESTAURANT","FREAKY CONES","200 SOUTH BRIDGE ROAD #01-01 SINGAPORE 059213"
"Street","Mohamed Sultan Road","RESTAURANT","EARLY AFTER","33 MOHAMED SULTAN ROAD #01-01 SINGAPORE 059219"
"Street","Trengganu Street","RESTAURANT","MAHARANI HERITAGE ","11 TRENGGANU ST #01-01 SINGAPORE 059226"
"Street","Trengganu Street","RETAIL","SINGAPORE GIFT GATE","15 TRENGGANU ST #01-01 SINGAPORE 058781"
"In-Mall & Building","Northpoint City","RETAIL","SGFR STORE","1 NORTHPOINT DRIVE #02-113 SINGAPORE 079903"
"Street","Lorong Mambong","RESTAURANT","SWEET CHEEKS ","24 LORONG MAMBONG #01-01 SINGAPORE 058457"
"In-Mall & Building","The Woodleigh Mall","RESTAURANT","NIKU IKU - THE WOODLEIGH MALL","11 BIDADARI PARK DRIVE #B1-K11 SINGAPORE 069333"
"In-Mall & Building","New Bahru","RETAIL","MAKE BY GINLEE","46 & 58 KIM YAM RD #02-10 SINGAPORE 088996"
"In-Mall & Building","New Bahru","RESTAURANT","PPP COFFEE","46 & 58 KIM YAM RD #01-06 SINGAPORE 059204"
"In-Mall & Building","New Bahru","RESTAURANT","ONE PRAWN & CO","46 & 58 KIM YAM RD #01-10 SINGAPORE 058800"
"In-Mall & Building","New Bahru","RESTAURANT","PARLOUR GELATO","46 & 58 KIM YAM RD #01-01 SINGAPORE 058752"
"In-Mall & Building","New Bahru","RESTAURANT","ONE PRAWN & CO","45 KIM YAM ROAD , #01-10 ONE PRAWN & CO #01-10 SINGAPORE 079903"
"In-Mall & Building","New Bahru","RESTAURANT","ONE PRAWN HOSPITALITY PTE. LTD.","46 KIM YAM ROAD , #01-10 ONE PRAWN & CO #01-10 SINGAPORE 058607"
"Street","Tiong Bahru Road","RESTAURANT","EVER DRAGON CAFE PTE LTD","920 TIONG BAHRU ROAD REDHILL MRT STATION #01-11 SINGAPORE 049317"
"Street","Tanjong Katong Road","RESTAURANT","NEW SARAL HUB PTE LTD","246 TANJONG KATONG ROAD #01- SINGAPORE 088326"
"Street","Tanjong Katong Road","RESTAURANT","NIHON SUSHI PTE LTD","11 TANJONG KATONG ROAD KINEX #B1-11 SINGAPORE 048616"
"Street","Tanjong Katong Road","RETAIL","PURE PLATES PTE LTD","11 TANJONG KATONG ROAD KINEX #01-65 SINGAPORE 049317"
"Street","Tanjong Katong Road","RESTAURANT","THE ART OF MEE POK PTE LTD","248 TANJONG KATONG ROAD - SINGAPORE 048618"
"Street","Joo Chiat Road","RESTAURANT","THECILANTRO PTE LIMITED","102 JOO CHIAT ROAD #01-00 SINGAPORE 048618"
"Street","Tiong Bahru Road","RETAIL","YOYO MSNEW PTE LTD","302 TIONG BAHRU ROAD TIONG BAHRU PLAZA #02-128 SINGAPORE 082001"
"Street","Telok Ayer Street","RESTAURANT","POKE THEORY","179 TELOK AYER STREET - SINGAPORE 058805"
"In-Mall & Building","Paya Lebar Quarter","RESTAURANT","POKE THEORY AT PLQ","2 PAYA LEBAR ROAD PARK PLACE RESIDENCES AT PLQ #01-04 SINGAPORE 089607"
"In-Mall & Building","Icon Village","RESTAURANT","BEST EMPLOYEE FRIED CHICKEN","16 ENGGOR STREET #01-01 SINGAPORE 082001"
"In-Mall & Building","Icon Village","RESTAURANT","SONA'S GRILL #01-82","12 GOPENG STREET #01-82 SINGAPORE 058461"
"In-Mall & Building","Icon Village","RESTAURANT","BARA","16 ENGGOR STREET #01-10 SINGAPORE 049317"
"In-Mall & Building","Icon Village","RESTAURANT","MIRAKU","12 GOPENG STREET #01-01/02/03/04 SINGAPORE 058770"
"In-Mall & Building","Icon Village","RESTAURANT","123 ZO","12 GOPENG STREET #01-45/49/50/51 SINGAPORE 049318"
"In-Mall & Building","Icon Village","RESTAURANT","MR ONIGIRI-ICON VILLAGE","12 GOPENG STREET #01-23 SINGAPORE 018984"
"In-Mall & Building","Icon Village","RESTAURANT","THE SHELF SIDE","12 GOPENG STREET #01-24 SINGAPORE 079903"
"In-Mall & Building","Icon Village","RETAIL","SIXTH SENSE BEAUTY","12 GOPENG STREET #01-64-67 SINGAPORE 069696"
"Street","Haji Lane","RESTAURANT","WAROENG ANAK INDO","53 HAJI LANE SINGAPORE 049317"
"In-Mall & Building","Hong Leong Building","RESTAURANT","HJH MAIMUNAH MINI (HONG LEONG)","16 RAFFLES QUAY #B1-45 SINGAPORE 079007"
"Street","Duxton Road","RESTAURANT","BUTTER TGT","76A DUXTON ROAD #02-- SINGAPORE 048616"
"Street","Beach Road","RESTAURANT","2050 COFFEE","267 BEACH ROAD #01-01 SINGAPORE 088993"
"Street","Joo Chiat Road","RESTAURANT","KOHI ROASTERY - JOO CHIAT","432 JOO CHIAT ROAD SINGAPORE 088506"
"In-Mall & Building","Change Alley","RESTAURANT","CHAITEA","16 COLLYER QUAY #02-08 SINGAPORE 080333"
"In-Mall & Building","Guoco Tower","RESTAURANT","TWYST GUOCO TOWER","7 WALLICH STREET #B1-17 SINGAPORE 049317"
"In-Mall & Building","West Mall","RESTAURANT","SWEE HENG BAKERY - TR-07","1 BUKIT BATOK CENTRAL LINK #B1-12 SINGAPORE 048616"
"Street","Bussorah Street","RESTAURANT","KONDITORI","33 BUSSORAH STREET SINGAPORE 049317"
"Street","Jalan Sultan","RESTAURANT","MR. TRIPLE HOTPOTS","61 JALAN SULTAN #01-01 SINGAPORE 079903"
"Street","Temple Street","RESTAURANT","HUDA RESTAURANT F&B PTE LTD","56 TEMPLE STREET SINGAPORE 058772"
"In-Mall & Building","Holland Road Shopping Centre","RESTAURANT","FRANKIE & FERN'S","211 HOLLAND AVENUE #04-03 SINGAPORE 048762"
"In-Mall & Building","One Raffles Place","RESTAURANT","TIM HORTONS - ONE RAFFLES PLACE","1 RAFFLES PLACE #01-11/12 SINGAPORE 048618"
"Street","Keong Saik Road","RESTAURANT","GU:UM","29 KEONG SAIK ROAD #01-- SINGAPORE 018984"
"In-Mall & Building","Guoco Tower","RESTAURANT","CHUAN TAIZI MALATANG - GUOCO TOWER","1 WALLICH STREET #B2-29 SINGAPORE 049317"
"In-Mall & Building","Northpoint City","RESTAURANT","MR TEH TARIK NP","930 YISHUN AVENUE 2 #01-03 SINGAPORE 059025"
"Street","Club Street","RESTAURANT","AGORA COFFEE","31 CLUB STREET #01-02 SINGAPORE 049317"
"In-Mall & Building","Lot One","RESTAURANT","CAFE RED GINGER PTE LTD","21 CHOA CHU KANG AVENUE 4 #B1-K7/K8 SINGAPORE 079903"
"Street","Maju Avenue","RETAIL","AM OPTOMETRIST","3 MAJU AVENUE SINGAPORE 048581"
"In-Mall & Building","International Plaza","RESTAURANT","MUNI","10 ANSON ROAD #02-28 SINGAPORE 049318"
"Street","Joo Chiat Road","RESTAURANT","CARO PATISSERIE - JOO CHIAT","285 JOO CHIAT ROAD SINGAPORE 048622"
"Street","Pagoda Street","RESTAURANT","MR. TRIPLE HOTPOTS F&B TECHNOLOGIES","78 PAGODA STREET SINGAPORE 048581"
"Street","Club Street","RESTAURANT","QING HE CHARCOAL BBQ","80 CLUB STREET SINGAPORE 058917"
"In-Mall & Building","Chijmes","RESTAURANT","COFFEE SMITH CHIJMES","30 VICTORIA STREET #01-17 SINGAPORE 058581"
"In-Mall & Building","Guoco Tower","RESTAURANT","GUO FU HOTPOT","7 WALLICH STREET #02-01 SINGAPORE 079903"
"In-Mall & Building","Marina Bay Link Mall","RESTAURANT","WULAOLAO - KIOSK","8A MARINA BOULEVARD #B2-78 SINGAPORE 049318"
"Street","Tras Street","RESTAURANT","MADAME","69 TRAS STREET SINGAPORE 058917"
"Street","Joo Chiat Road","RESTAURANT","WABI-SABI JC","283 JOO CHIAT ROAD #01-00 SINGAPORE 079027"
"Street","Duxton Road","RETAIL","BOOK BAR (RETAIL)","57 DUXTON ROAD SINGAPORE 069865"
"Street","Amoy Street","RESTAURANT","HAYOP","104 AMOY STREET SINGAPORE 069468"
"In-Mall & Building","Marina Bay Link Mall","RESTAURANT","PEYALA CAFE","8A MARINA BOULEVARD #B2-32 SINGAPORE 088859"
"Street","Joo Chiat Place","RESTAURANT","CATA COFFEE","56 JOO CHIAT PLACE SINGAPORE 048616"
"In-Mall & Building","Plaza Singapura","RESTAURANT","TIM HORTONS - PLAZA SINGAPURA","68 ORCHARD ROAD #02-K1/K2/K3/K5/K6 SINGAPORE 058825"
"In-Mall & Building","I12 Katong","RESTAURANT","TIM HORTONS - I12 KATONG","112 EAST COAST ROAD #01-28 SINGAPORE 058830"
"Street","South Bridge Road","RESTAURANT","KOBASHI","79 SOUTH BRIDGE ROAD SINGAPORE 058345"
"Street","Amoy Street","RESTAURANT","THE WIRED MONKEY SG","5 AMOY STREET SINGAPORE 050034"
"In-Mall & Building","Northpoint City","RESTAURANT","TWYST - NORTHPOINT CITY","1 NORTHPOINT DRIVE #B2-138 SINGAPORE 058964"
"Street","Keong Saik Road","RESTAURANT","LA CABANE","12 KEONG SAIK ROAD #01-01 SINGAPORE 050004"
"In-Mall & Building","Parkway Parade","RESTAURANT","GODMAMA - PARKWAY PARADE","80 MARINE PARADE ROAD #01-69A SINGAPORE 058669"
"Street","Bussorah Street","RESTAURANT","BISOUS & LUSO","11 BUSSORAH STREET SINGAPORE 058615"
"In-Mall & Building","NEX","RESTAURANT","TIM HORTONS - NEX","23 SERANGOON CENTRAL #01-10 SINGAPORE 079903"
"Street","Kensington Park Road","RESTAURANT","TSUI HIANG YUAN","22 KENSINGTON PARK ROAD #01-22 SINGAPORE 079903"
"Street","Middle Road","RESTAURANT","NICKEL","258 MIDDLE ROAD #01-01 SINGAPORE 089816"
"Street","Sago Street","RESTAURANT","MOUNT FABER NASI LEMAK","20 SAGO STREET SINGAPORE 049705"
"Street","Sago Street","RESTAURANT","THE FOOD PEEPS - SAGO STREET","34 SAGO STREET SINGAPORE 058476"
"In-Mall & Building","Marina Bay Link Mall","RESTAURANT","WU LAO LAO","8A MARINA BOULEVARD #B2-78 SINGAPORE 049215"
"Street","North Bridge Road","RESTAURANT","BANA BANA CAFE","731 NORTH BRIDGE ROAD #01-- SINGAPORE 059225"
"In-Mall & Building","Bugis Cube","RESTAURANT","CLAP SHOP","470 NORTH BRIDGE ROAD #02-06 SINGAPORE 058466"
"In-Mall & Building","Westgate","RESTAURANT","KIND KONES","3 GATEWAY DRIVE #01-09A SINGAPORE 059229"
"Street","Neil Road","RESTAURANT","ACOUSTICS COFFEE BAR-NEIL","61 NEIL ROAD SINGAPORE 049325"
"Street","East Coast Road","RESTAURANT","BEASTLY GIRLS SANDWICH BAR","11 EAST COAST ROAD #01-18 SINGAPORE 018984"
"In-Mall & Building","Parkway Parade","RESTAURANT","TIM HORTONS - PARKWAY PARADE","80 MARINE PARADE ROAD #01-02 SINGAPORE 058607"
"Street","Jiak Chuan Road","RESTAURANT","ANTO - PIZZA E APERITIVI","2 JIAK CHUAN ROAD SINGAPORE 049325"
"Street","Beach Road","RESTAURANT","BULLOCK CART COFFEE BEACH ROAD","103 BEACH ROAD #01-03 SINGAPORE 068600"
"Street","Teck Lim Road","RESTAURANT","COVE CAFE AND BAR","12 TECK LIM ROAD SINGAPORE 018984"
"Street","Tanjong Katong Road","RESTAURANT","6 LETTER COFFEE","259 TANJONG KATONG ROAD SINGAPORE 069690"
"In-Mall & Building","Change Alley","RESTAURANT","DUNGEON BY II FIORE","30 RAFFLES PLACE #01-16 SINGAPORE 048622"
"Street","Sultan Gate","RESTAURANT","HARUMMANIS","37 SULTAN GATE SINGAPORE 082001"
"Street","Kandahar Street","RESTAURANT","BUMBU","44 KANDAHAR STREET SINGAPORE 082001"
"Street","Baghdad Street","RESTAURANT","BLUE EYES","11 BAGHDAD STREET SINGAPORE 048616"
"Street","South Bridge Road","RESTAURANT","GUI","278 SOUTH BRIDGE ROAD #01-01 SINGAPORE 068632"
"Street","Seng Poh Road","RESTAURANT","DRIPS BAKERY STUDIO","71 SENG POH ROAD #01-37 SINGAPORE 079903"
"In-Mall & Building","Northpoint City","RESTAURANT","CHATERAISE NORTHPOINT CITY","1 NORTHPOINT DRIVE #01-152 SINGAPORE 069252"
"Street","Telok Ayer Street","RESTAURANT","NAPOLEON FOOD & WINE BAR","206 TELOK AYER STREET SINGAPORE 079903"
"In-Mall & Building","Plaza Singapura","RESTAURANT","SECRET RECIPE INTERNATIONAL","68 ORCHARD ROAD #03-18 SINGAPORE 082001"
"Street","Syed Alwi Road","RESTAURANT","COPPER CHIMNEY - SYED ALWI","100 SYED ALWI ROAD #01-01 SINGAPORE 079903"
"Street","Beach Road","RESTAURANT","PRINCE COFFEE HOUSE","249 BEACH ROAD #01-01 SINGAPORE 079903"
"In-Mall & Building","Myvillage - Serangoon","RESTAURANT","ISTEAKS MYVILLAGE","1 MAJU AVENUE #02-03/04/05/06 SINGAPORE 079903"
"Street","Mohamed Sultan Road","RESTAURANT","THEVAR","16 MOHAMED SULTAN ROAD SINGAPORE 088441"
"In-Mall & Building","Plaza Singapura","RESTAURANT","ARTEASTIQ DEPATIO","68 ORCHARD ROAD #03-70/72 SINGAPORE 079903"
"In-Mall & Building","The Star Vista","RESTAURANT","ISTEAKS - THE STAR VISTA","1 VISTA EXCHANGE GREEN #01-42/K3 SINGAPORE 082001"
"Street","Aliwal Street","RESTAURANT","WITBIER","14 ALIWAL STREET #01-01 SINGAPORE 082001"
"Street","Syed Alwi Road","RESTAURANT","SANKRANTI","79 SYED ALWI ROAD SINGAPORE 048616"
"In-Mall & Building","Junction 8","RESTAURANT","AMBUSH - J8","9 BISHAN PLACE #02-19/20/27 SINGAPORE 079027"
"Street","Syed Alwi Road","RESTAURANT","URBAN ROTI PTE LTD","101 SYED ALWI ROAD #01-01 SINGAPORE 089824"
"Street","Keong Saik Road","RESTAURANT","GASTON","25 KEONG SAIK ROAD #01-01 SINGAPORE 069119"
"Street","Telok Ayer Street","RESTAURANT","SHIN GI TAI PTE LTD","179A TELOK AYER STREET #02-- SINGAPORE 078884"
"Street","Jalan Pisang","RESTAURANT","HJH MAIMUNAH RESTAURANT","11 JALAN PISANG SINGAPORE 079903"
"Street","Joo Chiat Road","RESTAURANT","HJH MAIMUNAH RESTAURANT","20 JOO CHIAT ROAD #01-02 SINGAPORE 079027"
"In-Mall & Building","The Sail - Marina Bay","RESTAURANT","SOS RESTAURANTS PTE LTD","6 MARINA BOULEVARD #01-18/19 SINGAPORE 079903"
"Street","Haji Lane","RESTAURANT","MADD PIZZA","21 HAJI LANE SINGAPORE 049705"
"In-Mall & Building","Bugis+","RESTAURANT","PIZZAMARU BUGIS","201 VICTORIA STREET #04-03/04 SINGAPORE 058007"
"Street","Club Street","RESTAURANT","LION BREWERY CO TAPROOM","36 CLUB STREET #01-01 SINGAPORE 078884"
"In-Mall & Building","West Mall","RESTAURANT","SWEE HENG 1989 CLASSIC WEST MALL","1 BUKIT BATOK CENTRAL LINK #01-03 SINGAPORE 079011"
"In-Mall & Building","Northpoint City","RESTAURANT","SWEE HENG 1989 CLASSIC NORTHPOINT CITY","1 NORTHPOINT DRIVE #B2-114 SINGAPORE 082001"
"Street","Joo Chiat Road","RESTAURANT","THE CIDER PIT","328 JOO CHIAT ROAD #01-03 SINGAPORE 069433"
"Street","Craig Road","RESTAURANT","BEARDED BELLA","8 CRAIG ROAD #01-01 SINGAPORE 069333"
"In-Mall & Building","Northpoint City","RESTAURANT","COFFEE SMITH NORTHPOINT","930 YISHUN AVENUE 2 #01-112 SINGAPORE 088509"
"In-Mall & Building","Bugis Junction","RESTAURANT","BIG FISH SMALL FISH BUGIS","200 VICTORIA STREET #04-05 SINGAPORE 079903"
"In-Mall & Building","Westgate","RESTAURANT","COFFEESMITH WESTGATE","3 GATEWAY DRIVE #02-24 SINGAPORE 058829"
"Street","Upper East Coast Road","RESTAURANT","THE ROYALS CAFE - SIGLAP","19 UPPER EAST COAST ROAD SINGAPORE 058592"
"Street","Baghdad Street","RESTAURANT","ISTANBUL TURKISH RESTAURANT","25 BAGHDAD STREET SINGAPORE 079903"
"In-Mall & Building","The Sail - Marina Bay","RESTAURANT","THE DRUG STORE","4 MARINA BOULEVARD #01-33 SINGAPORE 079903"
"In-Mall & Building","Bedok Mall","RESTAURANT","COFFEE SARANG","311 NEW UPPER CHANGI ROAD #01-78 SINGAPORE 079903"
"Street","Bali Lane","RESTAURANT","WAKUWAKU","27 BALI LANE SINGAPORE 068593"
"In-Mall & Building","The Sail - Marina Bay","RESTAURANT","MISS FITZ","6 MARINA BOULEVARD #01-17 SINGAPORE 048261"
"Street","Tanjong Katong Road","RESTAURANT","THE BAR STATION TANJONG KATONG ROAD","362 TANJONG KATONG ROAD SINGAPORE 081007"
"In-Mall & Building","Lot One","RESTAURANT","SWEE HENG LOT ONE","21 CHOA CHU KANG AVENUE 4 #B1-02 SINGAPORE 079327"
"In-Mall & Building","Guoco Tower","RESTAURANT","CITY HOT POT","7 WALLICH STREET #B1-04 SINGAPORE 048622"
"In-Mall & Building","Marina Bay Financial Centre","RESTAURANT","BOULEVARD BAYFRONT","8 MARINA BOULEVARD #01-02 SINGAPORE 089825"
"Street","Mosque Street","RESTAURANT","TOM DICK & HILLARY","11 MOSQUE STREET SINGAPORE 058562"
"Street","Tras Street","RESTAURANT","NESUTO","53 TRAS STREET SINGAPORE 059190"
"Street","Kandahar Street","RESTAURANT","BOX N STICKS","28 KANDAHAR STREET #01-- SINGAPORE 088526"
"In-Mall & Building","Katong V","RESTAURANT","LE PETIT KATONG","30 EAST COAST ROAD #01-11 SINGAPORE 089680"
"Street","Craig Road","RESTAURANT","COUCOU","9 CRAIG ROAD SINGAPORE 079027"
"Street","Bussorah Street","RESTAURANT","THE MALAYAN COUNCIL","71 BUSSORAH STREET SINGAPORE 059190"
"In-Mall & Building","IMM Building","RESTAURANT","FU LIN IMM","2 JURONG EAST STREET 21 #01-47 SINGAPORE 069429"
"In-Mall & Building","Myvillage - Serangoon","RESTAURANT","HAJIME TONKATSU & RAMEN SERANGOON GARDENS","1 MAJU AVENUE #02-07/08/09 SINGAPORE 058680"
"Street","Tanjong Pagar Road","RESTAURANT","NOODLE STAR K","58 TANJONG PAGAR ROAD SINGAPORE 048616"
"Street","East Coast Park","RESTAURANT","BAKERY & BAR ST MARC","920 EAST COAST PARKWAY #01-09/10 SINGAPORE 082001"
"Street","Bussorah Street","RESTAURANT","PADI-BUSSORAH","53 BUSSORAH STREET SINGAPORE 049318"
"In-Mall & Building","NEX","RESTAURANT","TUK TUK CHA NEX","23 SERANGOON CENTRAL #02-12 SINGAPORE 048616"
"In-Mall & Building","Paya Lebar Quarter","RESTAURANT","WURSTHANS SWITZERLAND","10 PAYA LEBAR ROAD #01-39 SINGAPORE 089824"
"Street","Lorong Mambong","RESTAURANT","TANGO RESTAURANT AND WINE BAR P/L","35 LORONG MAMBONG SINGAPORE 089757"
"Street","Jalan Merah Saga","RESTAURANT","ORIGINAL SIN RESTAURANT","43 JALAN MERAH SAGA #01-62 SINGAPORE 049318"
"Street","Bussorah Street","RESTAURANT","ALATURKA TURKISH","15 BUSSORAH STREET SINGAPORE 078884"
"Street","Peck Seah Street","RESTAURANT","THE WHOLE EARTH VEGETARIAN RESTAURANT","76 PECK SEAH STREET #01-01 SINGAPORE 089147"
"Street","Cecil Street","RESTAURANT","STRAITS CHINESE SEAFOOD REST","133 CECIL STREET #B1-01 SINGAPORE 089495"
"Street","Telok Ayer Street","RESTAURANT","PAGI SORE INDONESIAN RESTAURANT","88/90 TELOK AYER STREET SINGAPORE 058569"
"Street","Bali Lane","RESTAURANT","BLU JAZ CAFE","11 BALI LANE SINGAPORE 079014"
"Street","Tanjong Pagar Road","RESTAURANT","5 THE MOMENTS CAFE","73 TANJONG PAGAR ROAD SINGAPORE 068735"
"Street","Sago Street","RESTAURANT","SAGO HOUSE PTE LTD","40B SAGO STREET SINGAPORE 049178"
"In-Mall & Building","Myvillage - Serangoon","RESTAURANT","DONG BISTRO PTE. LTD.","1 MAJU AVENUE #02-01 SINGAPORE 089522"
"Street","East Coast Road","RESTAURANT","FIVE STAR KATONG","191 EAST COAST ROAD SINGAPORE 049705"
"Street","South Bridge Road","RESTAURANT","SAKEMARU ARTISAN SAKE HIDEOUT","55 SOUTH BRIDGE ROAD #01-01 SINGAPORE 068606"
"Street","Kreta Ayer Road","RESTAURANT","THE SOCIAL SPACE CHINATOWN","333 KRETA AYER ROAD #01-14 SINGAPORE 088332"
"Street","Joo Chiat Road","RESTAURANT","KINGS CART COFFEE","328 JOO CHIAT ROAD #01-05 SINGAPORE 058706"
"Street","Syed Alwi Road","RESTAURANT","COPPER CHIMNEY - SYED ALWI","100 SYED ALWI ROAD #01-01 SINGAPORE 058686"
"Street","East Coast Park","RESTAURANT","KOMMUNITY PTE. LTD.","1000 EAST COAST PARKWAY #01-03 SINGAPORE 068589"
"Street","Bukit Pasoh Road","RESTAURANT","CLOS PASOH","48A BUKIT PASOH ROAD #02-01 SINGAPORE 058711"
"Street","Eng Hoon Street","RESTAURANT","LITTLE ELEPHANT PTE. LTD.","57 ENG HOON STREET #01-72 SINGAPORE 082001"
"In-Mall & Building","The Sail - Marina Bay","RESTAURANT","THREE HANDS COFFEE PTE. LTD.","2 MARINA BOULEVARD #01-01 SINGAPORE 058345"
"Street","North Bridge Road","RESTAURANT","TWENTY GRAMMES","753 NORTH BRIDGE ROAD #01-01 SINGAPORE 079903"
"In-Mall & Building","Change Alley","RESTAURANT","OMNIVORE","30 RAFFLES PLACE #01-15 SINGAPORE 082001"
"Street","Jalan Sultan","RESTAURANT","THE WHITE LABEL","101 JALAN SULTAN #01-02 SINGAPORE 048616"
"Street","Joo Chiat Road","RESTAURANT","DOUGH IT YOURSELF","340 JOO CHIAT ROAD SINGAPORE 079007"
"Street","East Coast Road","RESTAURANT","ISSHIN MACHI","224 EAST COAST ROAD SINGAPORE 078973"
"Street","Smith Street","RESTAURANT","KAKUREGA (THE LAIR)","12 SMITH STREET SINGAPORE 078982"
"In-Mall & Building","Guoco Tower","RESTAURANT","DUSK X DAWN","5 WALLICH STREET #01-17/18 SINGAPORE 038983"
"In-Mall & Building","Northpoint City","RESTAURANT","FLUFF STACK","1 NORTHPOINT DRIVE #02-115 SINGAPORE 059422"
"Street","Punggol Settlement","RESTAURANT","TANDOOR LOUNGE","500 NEW PUNGGOL ROAD #02-11 SINGAPORE 079903"
"Street","Liang Seah Street","RESTAURANT","TAAN IZA-BAR","1 LIANG SEAH STREET #01-03/04 SINGAPORE 049705"
"Street","Liang Seah Street","RESTAURANT","TAAN ASIAN GRILL BAR","30 LIANG SEAH STREET SINGAPORE 079903"
"In-Mall & Building","Maxwell Chamber","RESTAURANT","THE TIPSY TAVERN","32 MAXWELL ROAD #01-08 SINGAPORE 048616"
"Street","Stanley Street","RESTAURANT","AU MARIAGE","10 STANLEY STREET #02-01 SINGAPORE 018984"
"In-Mall & Building","One Raffles Place","RESTAURANT","VIBE","1 RAFFLES PLACE #01-05/06 SINGAPORE 068592"
"Street","Beach Road","RESTAURANT","GEYLANG CLAYPOT RICE","361/363/365 BEACH ROAD SINGAPORE 069547"
"Street","Lorong Mambong","RESTAURANT","TAKESHI-SAN","38 LORONG MAMBONG SINGAPORE 049705"
"Street","Mosque Street","RESTAURANT","GUO JIANG","38 MOSQUE STREET SINGAPORE 058671"
"In-Mall & Building","Punggol Waterway Point","RESTAURANT","AU CROISSANT","83 PUNGGOL CENTRAL #01-K16 SINGAPORE 018984"
"Street","Telok Ayer Street","RESTAURANT","NAE:UM","161 TELOK AYER STREET SINGAPORE 079903"
"In-Mall & Building","Westgate","RESTAURANT","FONG SHENG HAO - WESTGATE","3 GATEWAY DRIVE #01-08 SINGAPORE 069883"
"In-Mall & Building","IMM Building","RESTAURANT","CAFE RED GINGER","2 JURONG EAST STREET 21 #01-46 SINGAPORE 059190"
"In-Mall & Building","Maxwell Chamber","RESTAURANT","CAFE KREAMS","32 MAXWELL ROAD #01-07 SINGAPORE 079903"
"Street","Telok Ayer Street","RESTAURANT","UMAMI 10","163 TELOK AYER STREET SINGAPORE 088843"
"Street","Haji Lane","RESTAURANT","BLACK SHEEP & CO.","26 HAJI LANE SINGAPORE 018984"
"Street","Teck Lim Road","RESTAURANT","CHEZ SUZETTE","5 TECK LIM ROAD #01 & #02-01 & 01 SINGAPORE 079903"
"Street","Amoy Street","RESTAURANT","STAYGOLD/FLAMINGO","68 AMOY STREET SINGAPORE 059029"
"Street","Pekin Street","RESTAURANT","BLU JAZ PTE LTD","31 PEKIN STREET SINGAPORE 079027"
"Street","Amoy Street","RESTAURANT","NATIVE","52A AMOY STREET SINGAPORE 079027"
"In-Mall & Building","Guoco Tower","RESTAURANT","OLD TEA HUT -GUOCO TOWER","7 WALLICH STREET #B1-11 SINGAPORE 078884"
"In-Mall & Building","The Sail - Marina Bay","RESTAURANT","OMNIVORE - SAIL","2 MARINA BOULEVARD #B1-08 SINGAPORE 018987"
"Street","Pagoda Street","RESTAURANT","FORTUNE COURT","31 PAGODA STREET SINGAPORE 059190"
"Street","Telok Ayer Street","RESTAURANT","SANTI'S PIZZA & PRODUCE","136 TELOK AYER STREET SINGAPORE 068601"
"In-Mall & Building","Tampines Mrt Station","RESTAURANT","SWEE HENG BAKERY - CR02","20 TAMPINES CENTRAL 1 #01-08 SINGAPORE 048618"
"In-Mall & Building","Duo","RESTAURANT","BISTRO & BAR ST.MARC","7 FRASER STREET #01-62/63 SINGAPORE 048616"
"In-Mall & Building","Duo","RESTAURANT","FRASER STREET BROTHERS","7 FRASER STREET #01-28 SINGAPORE 048616"
"In-Mall & Building","Raffles Xchange","RESTAURANT","TWYST RAFFLES MRT","5 RAFFLES PLACE #B1-25/26 SINGAPORE 068729"
"Street","Joo Chiat Road","RESTAURANT","STAPLE FOOD SINGAPORE","196 JOO CHIAT ROAD #01-01 SINGAPORE 058811"
"In-Mall & Building","One Raffles Place","RESTAURANT","UPSHOT COFFEE","1 RAFFLES PLACE #04-31 SINGAPORE 058698"
"In-Mall & Building","One Raffles Place","RESTAURANT","PATRONS' BOX","1 RAFFLES PLACE #B1-17 SINGAPORE 088328"
"Street","Beach Road","RESTAURANT","STEAMOV-BEACH ROAD","367/369 BEACH ROAD SINGAPORE 068733"
"Street","Joo Chiat Place","RESTAURANT","THE BREWING GROUND","406 JOO CHIAT PLACE #01-24 SINGAPORE 048616"
"Street","East Coast Road","RESTAURANT","BREAKFAST GRILL","380 EAST COAST ROAD SINGAPORE 048616"
"In-Mall & Building","Punggol Waterway Point","RESTAURANT","BUDDY HOAGIES - PUNGGOL","83 PUNGGOL CENTRAL #02-22 SINGAPORE 048616"
"Street","Stanley Street","RESTAURANT","FAMILLE BY AU MARIAGE","10 STANLEY STREET #02-02 SINGAPORE 058807"
"Street","South Bridge Road","RESTAURANT","BBQ BOX - CHINATOWN","262 SOUTH BRIDGE ROAD SINGAPORE 049965"
"In-Mall & Building","IMM Building","RESTAURANT","SWEE HENG BAKERY CL29","2 JURONG EAST STREET 21 #01-83 SINGAPORE 088865"
"Street","East Coast Road","RESTAURANT","BBQ BOX - EAST COAST","195 EAST COAST ROAD SINGAPORE 059021"
"Street","Tan Quee Lan Street","RESTAURANT","BBQ BOX - HERITAGE","21 TAN QUEE LAN STREET #01-03 SINGAPORE 068589"
"Street","South Bridge Road","RESTAURANT","ESPRESSO.DOC","68 SOUTH BRIDGE ROAD #01-01 SINGAPORE 089265"
"Street","Haji Lane","RESTAURANT","COFFEE DONKEE","51 HAJI LANE SINGAPORE 069889"
"Street","Teo Hong Road","RESTAURANT","HOMEGROUND COFFEE ROASTERS","13/15 TEO HONG ROAD #01-01 SINGAPORE 088533"
"Street","Siglap Road","RESTAURANT","THAIPAN","13 SIGLAP ROAD SINGAPORE 079903"
"In-Mall & Building","Parkway Parade","RESTAURANT","HOKKAIDO BAKED CHEESE TART - PARKWAY PARADE","80 MARINE PARADE ROAD #01-23B SINGAPORE 048472"
"In-Mall & Building","Bugis Junction","RESTAURANT","HOKKAIDO BAKED CHEESE TART - BUGIS JUNCTION","200 VICTORIA STREET #B1-K6 SINGAPORE 058464"
"Street","Stanley Street","RESTAURANT","SUSHI HARE","14 STANLEY STREET SINGAPORE 088379"
"Street","Jalan Sultan","RESTAURANT","JUBILICIOUS","500 JALAN SULTAN #04-01 SINGAPORE 069893"
"In-Mall & Building","One Raffles Place","RESTAURANT","DRIP BAKERY ORP PARKBENCH","1 RAFFLES PLACE #01-08 SINGAPORE 049315"
"In-Mall & Building","One Raffles Place","RESTAURANT","LITTLE FISHER","1 RAFFLES PLACE #B1-04/05 SINGAPORE 069622"
"In-Mall & Building","One Raffles Place","RESTAURANT","CHUAN TAIZI MALATANG","1 RAFFLES PLACE #B1-04/05 SINGAPORE 069047"
"Street","South Bridge Road","RESTAURANT","SEPTEMBER COFFEE","258 SOUTH BRIDGE ROAD #01-01 SINGAPORE 058829"
"Street","Joo Chiat Road","RESTAURANT","HUMBLE ORIGINS COFFEE ROASTERS","475 JOO CHIAT ROAD #01-- SINGAPORE 089857"
"Street","Amoy Street","RESTAURANT","BAMBOO BOWL","137 AMOY STREET #01-01 SINGAPORE 089816"
"Street","Kandahar Street","RESTAURANT","PANCAKE AND WAFFLE PLACE","56 KANDAHAR STREET SINGAPORE 089597"
"Street","Syed Alwi Road","RESTAURANT","RADIANT (FAR EAST) PTE. LTD","100 SYED ALWI ROAD #03-01 SINGAPORE 069621"
"Street","Joo Chiat Road","RESTAURANT","PICOTIN - KATONG","382 JOO CHIAT ROAD SINGAPORE 069455"
"Street","Neil Road","RESTAURANT","THEGLASSHOUSE - NEIL RD","136 NEIL ROAD #01-01 SINGAPORE 088390"
"Street","North Bridge Road","RESTAURANT","SAMRANG","743 NORTH BRIDGE ROAD #01-- SINGAPORE 048774"
"Street","Sago Street","RESTAURANT","SILK TEA BAR","26A SAGO STREET SINGAPORE 068721"
"In-Mall & Building","Lot One","RESTAURANT","SWEE HENG BAKERY LOT ONE (SW01)","21 CHOA CHU KANG AVENUE 4 #B1-K21 SINGAPORE 089813"
"In-Mall & Building","The Star Vista","RESTAURANT","USAGI PAN","1 VISTA EXCHANGE GREEN #B1-43 SINGAPORE 089003"
"Street","Telok Ayer Street","RESTAURANT","SUSHI KAWASEMI","120 TELOK AYER STREET SINGAPORE 069932"
"Street","Jiak Chuan Road","RESTAURANT","KAFE UTU","12 JIAK CHUAN ROAD #01-- SINGAPORE 069935"
"Street","Amoy Street","RESTAURANT","ESPOIR","70 AMOY STREET SINGAPORE 069923"
"Street","Tanjong Pagar Road","RESTAURANT","TSUJIRI - TANJONG PAGAR","124 TANJONG PAGAR ROAD SINGAPORE 048441"
"In-Mall & Building","International Plaza","RETAIL","OOH LA LA SHOP","10 ANSON ROAD #02-09 SINGAPORE 069333"
"Street","Telok Ayer Street","RESTAURANT","CAPASSO","92 TELOK AYER STREET SINGAPORE 058456"
"Street","Trengganu Street","RESTAURANT","THE WIZARD'S BREW","10B TRENGGANU STREET SINGAPORE 069695"
"Street","Teck Lim Road","RESTAURANT","LE MONT","1C TECK LIM ROAD SINGAPORE 069431"
"Street","Amoy Street","RESTAURANT","FURA","74A AMOY STREET SINGAPORE 089837"
"In-Mall & Building","IMM Building","RESTAURANT","LAO JIANG SUPERIOR SOUP","2 JURONG EAST STREET 21 #01-K09 SINGAPORE 068732"
"In-Mall & Building","Ocean Financial Centre","RESTAURANT","OMNIVORE","10 COLLYER QUAY #B1-07 SINGAPORE 088518"
"Street","Boon Tat Street","RESTAURANT","WHITE SHADES","25 BOON TAT STREET SINGAPORE 018981"
"Street","Bussorah Street","RESTAURANT","CAPPADOCIA","67/68 BUSSORAH STREET SINGAPORE 059505"
"Street","Mccallum Street","RESTAURANT","SNAP CAFE","21 MCCALLUM STREET #01-01/02 SINGAPORE 081007"
"In-Mall & Building","NEX","RESTAURANT","KOO KEE - NEX","23 SERANGOON CENTRAL #B1-46 SINGAPORE 089109"
"Street","South Bridge Road","RESTAURANT","BREAKFAST HOLA","280 SOUTH BRIDGE ROAD SINGAPORE 089589"
"Street","Bukit Pasoh Road","RESTAURANT","BIG WINE FREAKS","44 BUKIT PASOH ROAD SINGAPORE 089676"
"Street","Middle Road","RESTAURANT","MIDDLE CHILD","200 MIDDLE ROAD SINGAPORE 069435"
"In-Mall & Building","Paya Lebar Quarter","RESTAURANT","TIPSY BIRD GASTROBAR","1 PAYA LEBAR LINK #01-08 SINGAPORE 069892"
"Street","Beach Road","RESTAURANT","CHEVY'S BAR AND BISTRO","247 BEACH ROAD #01-01 SINGAPORE 069897"
"Street","Bukit Pasoh Road","RESTAURANT","D.BESPOKE","2 BUKIT PASOH ROAD SINGAPORE 048581"
"Street","Lorong Mambong","RESTAURANT","BADEN RESTAURANT & PUB","42 LORONG MAMBONG #01-- SINGAPORE 069449"
"Street","Duxton Hill","RESTAURANT","SG TAPS","13 DUXTON HILL #01-01 SINGAPORE 079020"
"Street","Mohamed Sultan Road","RESTAURANT","ORIHARA SHOUTEN BAR","25 MOHAMED SULTAN ROAD #01-00 SINGAPORE 088534"
"Street","Lorong Mambong","RESTAURANT","HOLLAND BAR L'OPERETTA","23 LORONG MAMBONG SINGAPORE 088441"
"Street","Boon Tat Street","RESTAURANT","NO MENU","23 BOON TAT STREET #01-- SINGAPORE 069871"
"Street","Club Street","RESTAURANT","CLUB STREET WINE ROOM PTE LTD","87 CLUB STREET SINGAPORE 089158"
"Street","Holland Avenue","RESTAURANT","THAT WINE PLACE","261 HOLLAND AVENUE SINGAPORE 089158"
"Street","Middle Road","RESTAURANT","WILD HONEY - BUGIS","200 MIDDLE ROAD #01-00 SINGAPORE 069115"
"Street","Teck Lim Road","RESTAURANT","PARLIAMENT BAR","18 TECK LIM ROAD #02-01 SINGAPORE 089618"
"Street","Pekin Street","RESTAURANT","MISS G S GRILL & BAR","44/45 PEKIN STREET SINGAPORE 089757"
"Street","Stanley Street","RESTAURANT","AMERICAN TAPROOM","2 STANLEY STREET SINGAPORE 089617"
"Street","Neil Road","RESTAURANT","NOA RESTAURANT AND LOUNGE","83 NEIL ROAD #01-01 SINGAPORE 069451"
"Street","Kreta Ayer Road","RESTAURANT","QUEIC","41 KRETA AYER ROAD SINGAPORE 089109"
"In-Mall & Building","Chijmes","RESTAURANT","DRINKS&CO, GRILL & COCKTAILS","30 VICTORIA STREET #01-21/22 SINGAPORE 069906"
"Street","Joo Chiat Road","RESTAURANT","BRASEIRO","333 JOO CHIAT ROAD SINGAPORE 069911"
"Street","Amoy Street","RESTAURANT","EMPLOYEES ONLY","112 AMOY STREET #01-01 SINGAPORE 089128"
"Street","Amoy Street","RESTAURANT","BIRDS OF A FEATHER","115 AMOY STREET #01-01 SINGAPORE 089158"
"Street","Jalan Pinang","RESTAURANT","EARLYBIRD","17 JALAN PINANG SINGAPORE 059521"
"In-Mall & Building","Duo","RESTAURANT","THE GONG BY DRINKS&CO","7 FRASER STREET #01-59/60 SINGAPORE 058826"
"Street","Amoy Street","RESTAURANT","MOONSTONE","103 AMOY STREET SINGAPORE 089142"
"Street","Telok Ayer Street","RESTAURANT","SICHUAN ALLEY","51A TELOK AYER STREET #01-01 SINGAPORE 048581"
"Street","Greenwood Avenue","RETAIL","CENTURY CELLARS","32 GREENWOOD AVENUE SINGAPORE 068624"
"Street","Lorong Liput","RESTAURANT","THE PIT","21 LORONG LIPUT SINGAPORE 018987"
"In-Mall & Building","Junction 8","RESTAURANT","GRUB - JUNCTION 8","9 BISHAN PLACE #01-38 SINGAPORE 049315"
"Street","Erskine Road","RESTAURANT","SHANG SOCIETY","33 ERSKINE ROAD #01-13 SINGAPORE 059486"
"Street","Trengganu Street","RESTAURANT","BA DAO GUAN","2 TRENGGANU STREET SINGAPORE 059523"
"In-Mall & Building","Westgate","RESTAURANT","SHABUSAI - WESTGATE","3 GATEWAY DRIVE #B1-12 SINGAPORE 059528"
"In-Mall & Building","NEX","RESTAURANT","SHABUSAI - SERANGOON","23 SERANGOON CENTRAL #03-07 SINGAPORE 048583"
"In-Mall & Building","Northpoint City","RESTAURANT","SHABUSAI - NORTHPOINT","1 NORTHPOINT DRIVE #B1-198/199 SINGAPORE 081007"
"Street","Ann Siang Road","RESTAURANT","YEN YAKINIKU","15 ANN SIANG ROAD SINGAPORE 058591"
"In-Mall & Building","Duo","RESTAURANT","MEATING PLACE","7 FRASER STREET #01-27 SINGAPORE 058959"
"Street","Club Street","RESTAURANT","MAZZO RESTAURANT & BAR","54/56 CLUB STREET SINGAPORE 059239"
"In-Mall & Building","Duo","RESTAURANT","YEN SOCIAL","7 FRASER STREET #01-25/26 SINGAPORE 088499"
"Street","Lorong Mambong","RESTAURANT","PERLE NOIRE OYSTER & GRILL BAR","40 LORONG MAMBONG SINGAPORE 059231"
"Street","Upper East Coast Road","RESTAURANT","BLACK PEARL STEAKHOUSE","85 UPPER EAST COAST ROAD SINGAPORE 089837"
"Street","Bukit Pasoh Road","RESTAURANT","BEURRE-23","23 BUKIT PASOH ROAD SINGAPORE 059484"
"Street","Stanley Street","RESTAURANT","CUDO","13 STANLEY STREET SINGAPORE 079903"
"In-Mall & Building","Chijmes","RESTAURANT","CORIANDER LEAF CHIJMES - ST","30 VICTORIA STREET #02-01/01A SINGAPORE 049513"
"Street","Tanjong Pagar Road","RESTAURANT","THE BLUE GINGER RESTAURANT","97 TANJONG PAGAR ROAD SINGAPORE 059511"
"In-Mall & Building","Marina Bay Link Mall","RESTAURANT","PATRONS KEBAB","8A MARINA BOULEVARD #B2-63/64 SINGAPORE 059492"
"In-Mall & Building","Punggol Waterway Point","RETAIL","LENSKART - WATERWAY POINT","83 PUNGGOL CENTRAL #01-06 SINGAPORE 048616"
"In-Mall & Building","Lot One","RETAIL","LENSKART - LOT ONE","21 CHOA CHU KANG AVENUE 4 #01-19 SINGAPORE 078884"
"In-Mall & Building","Junction 8","RETAIL","LENSKART - JUNCTION 8","9 BISHAN PLACE #02-22/23 SINGAPORE 068625"
"In-Mall & Building","Paya Lebar Quarter","RETAIL","LENSKART - PLQ","10 PAYA LEBAR ROAD #B1-30 SINGAPORE 058595"
"In-Mall & Building","Northpoint City","RETAIL","LENSKART - NORTHPOINT CITY","1 NORTHPOINT DRIVE #01-105/106 SINGAPORE 059220"
"In-Mall & Building","West Mall","RETAIL","LENSKART - WEST MALL","1 BUKIT BATOK CENTRAL LINK #01-15 SINGAPORE 058571"
"In-Mall & Building","Parkway Parade","RETAIL","LENSKART - PARKWAY PARADE","80 MARINE PARADE ROAD #B1-99/100 SINGAPORE 079903"
"In-Mall & Building","Westgate","RETAIL","LENSKART - WESTGATE","3 GATEWAY DRIVE #02-38 SINGAPORE 059501"
"In-Mall & Building","NEX","RETAIL","LENSKART - NEX","23 SERANGOON CENTRAL #01-49 SINGAPORE 089110"
"In-Mall & Building","Plaza Singapura","RETAIL","LENSKART - PLAZA SINGAPURA","68 ORCHARD ROAD #B1-12 SINGAPORE 059233"
"In-Mall & Building","Bedok Mall","RETAIL","LENSKART - BEDOK MALL","311 NEW UPPER CHANGI ROAD #B1-36 SINGAPORE 059487"
"In-Mall & Building","IMM Building","RETAIL","LENSKART - IMM","2 JURONG EAST STREET 21 #01-86 SINGAPORE 059235"
"In-Mall & Building","Tampines Mall","RETAIL","ARENA - TAMPINES MALL","4 TAMPINES CENTRAL 5 #02-11 SINGAPORE 058831"
"In-Mall & Building","NEX","RETAIL","ARENA - SERANGOON NEX","23 SERANGOON CENTRAL #02-38 SINGAPORE 048616"
"In-Mall & Building","Parkway Parade","RETAIL","SUN PARADISE - PARKWAY","80 MARINE PARADE ROAD #02-53/54 SINGAPORE 069613"
"In-Mall & Building","Junction 8","RETAIL","SUN PARADISE - BISHAN JUNCTION 8","9 BISHAN PLACE #02-44 SINGAPORE 068638"
"In-Mall & Building","Plaza Singapura","RETAIL","SUN PARADISE - PLAZA SINGAPURA","68 ORCHARD ROAD #03-15 SINGAPORE 089111"
"In-Mall & Building","Plaza Singapura","RESTAURANT","BA SHU SICHUAN CUISINE","68 ORCHARD ROAD #06-07 SINGAPORE 068729"
"Street","Bugis Village","RESTAURANT","THECATCAFE PRIVATE LIMITED","241B VICTORIA STREET SINGAPORE 049705"
"Street","Mosque Street","RESTAURANT","GALAXY PODS CHINATOWN","27 MOSQUE STREET SINGAPORE 048581"
"In-Mall & Building","Tanjong Pagar Plaza","RESTAURANT","LAD & DAD","7 TANJONG PAGAR PLAZA #01-108 SINGAPORE 068610"
"Street","Keong Saik Road","RESTAURANT","HEVEL","1 KEONG SAIK ROAD #01-04 SINGAPORE 079027"
"Street","Duxton Hill","RESTAURANT","RHUBARB LE RESTAURANT PTE LTD","3 DUXTON HILL SINGAPORE 068622"
"In-Mall & Building","Chijmes","RESTAURANT","WHITEGRASS RESTAURANT AND BAR","30 VICTORIA STREET #01-26/27 SINGAPORE 069911"
"Street","Craig Road","RESTAURANT","MA CUISINE","38 CRAIG ROAD SINGAPORE 018982"
"Street","Club Street","RESTAURANT","BARRIO CHINO","60 CLUB STREET #01-01 SINGAPORE 068723"
"In-Mall & Building","Chijmes","RESTAURANT","DEW BY WHITEGRASS","30 VICTORIA STREET #01-27A SINGAPORE 069614"
"Street","Amoy Street","RESTAURANT","ALATI","73 AMOY STREET SINGAPORE 089487"
"Street","East Coast Road","RESTAURANT","BLU KOUZINA","907 EAST COAST ROAD #01-01 SINGAPORE 018984"
"Street","Bali Lane","RESTAURANT","PITA BAKERY","29 BALI LANE SINGAPORE 078978"
"Street","Amoy Street","RESTAURANT","GOTTI ITALIANO","78 AMOY STREET SINGAPORE 089662"
"Street","Mohamed Sultan Road","RESTAURANT","VINCENZO CAPUANO SG","80 MOHAMED SULTAN ROAD #01-12 SINGAPORE 048774"
"In-Mall & Building","Hong Leong Building","RESTAURANT","BOX' HA","16 RAFFLES QUAY #B1-42 SINGAPORE 079903"
"Street","Club Street","RESTAURANT","CENZO","81 CLUB STREET #01-01 SINGAPORE 058456"
"Street","Tras Street","RESTAURANT","PASTA BRAVA","81 TRAS STREET SINGAPORE 048581"
"In-Mall & Building","Chijmes","RESTAURANT","DUOMO RISTORANTE PTE LTD","30 VICTORIA STREET #01-32 SINGAPORE 088525"
"Street","Tanjong Pagar Road","RESTAURANT","BUKO NERO","126 TANJONG PAGAR ROAD SINGAPORE 079027"
"Street","Tanjong Pagar Road","RESTAURANT","RISTORANTE LUKA TP","18 TANJONG PAGAR ROAD #01-16/18 SINGAPORE 068594"
"Street","Amoy Street","RESTAURANT","SOLO","45 AMOY STREET SINGAPORE 079027"
"Street","Keong Saik Road","RESTAURANT","PASTA BAR","55 KEONG SAIK ROAD #01-05 SINGAPORE 088522"
"Street","Keong Saik Road","RESTAURANT","MAMI TAMALES","55 KEONG SAIK ROAD #01-02 SINGAPORE 079017"
"Street","East Coast Road","RESTAURANT","AL FORNO (EAST COAST) PTE LTD","400 EAST COAST ROAD SINGAPORE 079903"
"In-Mall & Building","Maxwell Chamber","RESTAURANT","OTTO RISTORANTE","32 MAXWELL ROAD #01-02/03 SINGAPORE 078884"
"Street","Duxton Hill","RESTAURANT","LATTERIA","40 DUXTON HILL SINGAPORE 068736"
"Street","Cantonment Road","RESTAURANT","TRATTORIA NONNA LINA","61 CANTONMENT ROAD SINGAPORE 088444"
"Street","Joo Chiat Road","RESTAURANT","LA BOTTEGA ENOTECA","346 JOO CHIAT ROAD SINGAPORE 089679"
"Street","Duxton Hill","RESTAURANT","THIRTY9","39 DUXTON HILL SINGAPORE 088820"
"Street","Greenwood Avenue","RESTAURANT","BACARO","2 GREENWOOD AVENUE #01-02 SINGAPORE 069458"
"Street","Jalan Merah Saga","RESTAURANT","MADRINAA ITALIANO RESTAURANT","44 JALAN MERAH SAGA #01-60 SINGAPORE 089813"
"Street","Club Street","RESTAURANT","NOX - DINE IN THE DARK","83 CLUB STREET SINGAPORE 088875"
"Street","Beach Road","RESTAURANT","FIKA SWEDISH CAFE AND BISTRO","257 BEACH ROAD SINGAPORE 089134"
"Street","Keong Saik Road","RESTAURANT","NOMADA","1 KEONG SAIK ROAD #01-05 SINGAPORE 079027"
"Street","Amoy Street","RESTAURANT","KULTO","87 AMOY STREET SINGAPORE 069612"
"Street","Amoy Street","RESTAURANT","BARRIO CALIENTE","92 AMOY STREET #01-01 SINGAPORE 068610"
"Street","Keong Saik Road","RESTAURANT","HUMO","21 KEONG SAIK ROAD SINGAPORE 069907"
"Street","North Bridge Road","RESTAURANT","COMER","674 NORTH BRIDGE ROAD SINGAPORE 088892"
"Street","Keong Saik Road","RESTAURANT","OLIVIA","55 KEONG SAIK ROAD #01-03 SINGAPORE 068625"
"Street","Tan Quee Lan Street","RESTAURANT","BLACK BRO SEAFOOD BBQ","7 TAN QUEE LAN STREET SINGAPORE 088467"
"Street","Mosque Street","RESTAURANT","XIANG JU","43 MOSQUE STREET SINGAPORE 088516"
"Street","Liang Seah Street","RESTAURANT","JIU FU PTE. LTD.","33 LIANG SEAH STREET #01-01 SINGAPORE 088536"
"In-Mall & Building","Bugis Cube","RETAIL","BIO SCIENCE","470 NORTH BRIDGE ROAD #03-22 SINGAPORE 069116"
"Street","South Bridge Road","RESTAURANT","GUNKEE CLAYPOT","277/279 SOUTH BRIDGE ROAD #01-01 SINGAPORE 089000"
"Street","Keong Saik Road","RESTAURANT","SIN TONG AH","35 KEONG SAIK ROAD #01-- SINGAPORE 068611"
"In-Mall & Building","The Star Vista","RESTAURANT","MONKI TAIWAN SG","1 VISTA EXCHANGE GREEN #01-41 SINGAPORE 068630"
"In-Mall & Building","Hong Leong Building","RESTAURANT","MOTHER EARTH CLASSIC","16 RAFFLES QUAY #B1-12 SINGAPORE 048616"
"In-Mall & Building","Bugis+","RESTAURANT","XITA OLD LADY","201 VICTORIA STREET #04-06 SINGAPORE 068597"
"In-Mall & Building","Bugis+","RESTAURANT","SHANGHAI TAN PAN-FRIED BUN - BUGIS+","201 VICTORIA STREET #01-14 SINGAPORE 068727"
"In-Mall & Building","Bedok Mall","RESTAURANT","HAINAN SECOND STREET","311 NEW UPPER CHANGI ROAD #B2-05/34 SINGAPORE 018984"
"Street","Sultan Gate","RESTAURANT","YU CUN CLAYPOT CURRY FISH HEAD - SULTA","29 SULTAN GATE SINGAPORE 088502"
"In-Mall & Building","Westgate","RESTAURANT","TONGUE TIP LZ BEEF NOODLE","3 GATEWAY DRIVE #B1-28A SINGAPORE 069913"
"Street","Liang Seah Street","RESTAURANT","SUHANG GOURMET","36 LIANG SEAH STREET #01-- SINGAPORE 069895"
"Street","Telok Ayer Street","RESTAURANT","DONGQU","176 TELOK AYER STREET SINGAPORE 069901"
"In-Mall & Building","Northpoint City","RESTAURANT","TONGUE TIP LZ BEEF NOODLE","1 NORTHPOINT DRIVE #B1-112 SINGAPORE 069115"
"In-Mall & Building","The Sail - Marina Bay","RESTAURANT","SHI WEI XIAN - XWC","2 MARINA BOULEVARD #B1-04 SINGAPORE 088450"
"Street","Tanjong Katong Road","RESTAURANT","BEN'S TAVERN","273 TANJONG KATONG ROAD SINGAPORE 068592"
"In-Mall & Building","Ocean Financial Centre","RESTAURANT","CHENGDU BOWL OCEAN FINANCIAL CENTRE","10 COLLYER QUAY #B1-03/04 SINGAPORE 088854"
"Street","Mosque Street","RESTAURANT","LIUZHOUNVXU - CHINATOWN","6 MOSQUE STREET SINGAPORE 069618"
"Street","Mosque Street","RESTAURANT","BA SHU FISH POT","45 MOSQUE STREET SINGAPORE 088496"
"Street","Mosque Street","RESTAURANT","MIN JIA CHINESE CUISINE","49/50 MOSQUE STREET SINGAPORE 088998"
"Street","Tan Quee Lan Street","RESTAURANT","ZUI YUNNAN","2 TAN QUEE LAN STREET #01-03 SINGAPORE 069623"
"In-Mall & Building","Paya Lebar Quarter","RESTAURANT","TAI ER SAUERKRAUT FISH - PLQ","10 PAYA LEBAR ROAD #04-10 SINGAPORE 049705"
"In-Mall & Building","One Raffles Quay","RESTAURANT","NUMB RESTAURANT ONE RAFFLES QUAY","1 RAFFLES QUAY #B2-06 SINGAPORE 079323"
"Street","Liang Seah Street","RESTAURANT","CHONG QING GRILLED FISH","1 LIANG SEAH STREET #01-05/06 SINGAPORE 068623"
"In-Mall & Building","Bugis Cube","RESTAURANT","STONE POT FROG WITH FISH","470 NORTH BRIDGE ROAD #01-04 SINGAPORE 088509"
"Street","Serangoon Garden Way","RESTAURANT","POW SING KITCHEN","59 SERANGOON GARDEN WAY SINGAPORE 058460"
"In-Mall & Building","Tanjong Pagar Plaza","RESTAURANT","MELLBEN SIGNATURE PTE LTD","7 TANJONG PAGAR PLAZA #01-105 SINGAPORE 088443"
"Street","Temple Street","RESTAURANT","LAO SICHUAN DOU HUA ZHUANG","46 TEMPLE STREET SINGAPORE 018982"
"Street","Joo Chiat Road","RESTAURANT","TEOCHEW TRADITIONAL STEAMBOAT REST P/L","176/178 JOO CHIAT ROAD #01-01 SINGAPORE 058688"
"Street","Tanjong Katong Road","RESTAURANT","PARKWAY MINI STEAMBOAT","311 TANJONG KATONG ROAD SINGAPORE 048616"
"In-Mall & Building","Bugis Cube","RESTAURANT","SPICY ROAST FISH","470 NORTH BRIDGE ROAD #01-03 SINGAPORE 068621"
"Street","Smith Street","RESTAURANT","WAN NIAN STONE POT FISH","52 SMITH STREET SINGAPORE 059019"
"In-Mall & Building","Plaza Singapura","RESTAURANT","NANJING IMPRESSIONS","68 ORCHARD ROAD #04-46 SINGAPORE 059014"
"Street","Pagoda Street","RESTAURANT","OLD CHENGDU SICHUAN CUISINE RESTAURANT","80 PAGODA STREET SINGAPORE 048770"
"Street","Tanjong Pagar Road","RESTAURANT","YIXING XUAN TEAHOUSE","78 TANJONG PAGAR ROAD SINGAPORE 018986"
"Street","Pagoda Street","RESTAURANT","SI CHUAN RESTAURANT","72 PAGODA STREET SINGAPORE 018984"
"In-Mall & Building","Chijmes","RESTAURANT","NEW UBIN SEAFOOD CHIJMES","30 VICTORIA STREET #02-01B/C SINGAPORE 018984"
"Street","Bukit Pasoh Road","RESTAURANT","LUO NIANG NIANG RESTAURANT","23 BUKIT PASOH ROAD #01-00 SINGAPORE 069547"
"Street","Mosque Street","RESTAURANT","CHUAN WEI REN JIA","3 MOSQUE STREET SINGAPORE 048581"
"In-Mall & Building","Bugis Cube","RESTAURANT","BUGIS BBQ & HOT POT","470 NORTH BRIDGE ROAD #01-01 SINGAPORE 079027"
"In-Mall & Building","Bugis Cube","RESTAURANT","HOT POT & BBQ BUFFET","470 NORTH BRIDGE ROAD #01-05 SINGAPORE 048619"
"Street","Punggol Settlement","RESTAURANT","HOUSE OF SEAFOOD","3 PUNGGOL POINT ROAD #01-01/02 SINGAPORE 059221"
"In-Mall & Building","International Plaza","RESTAURANT","KIA HIANG RESTAURANT","10 ANSON ROAD #02-29 SINGAPORE 088511"
"Street","Chulia Street","RESTAURANT","BENG THIN HOON KEE PTE LTD","65 CHULIA STREET #05-02 SINGAPORE 089525"
"Street","Mosque Street","RESTAURANT","SI WEI MAO CAI","33 MOSQUE STREET SINGAPORE 079903"
"Street","Mosque Street","RESTAURANT","DATING FISH","12 MOSQUE STREET SINGAPORE 069542"
"In-Mall & Building","One Raffles Place","RESTAURANT","QIN JI ROUGAMO - ORP","1 RAFFLES PLACE #B1-28/29 SINGAPORE 069047"
"In-Mall & Building","Guoco Tower","RESTAURANT","QIN JI ROUGAMO - TPG","7 WALLICH STREET #B2-04 SINGAPORE 078881"
"Street","Telok Ayer Street","RESTAURANT","SHANGHAI VAULT PTE. LTD.","177A TELOK AYER STREET SINGAPORE 049964"
"Street","Chin Swee Road","RESTAURANT","RED STAR RESTAURANT PTE LTD","54 CHIN SWEE ROAD #07-23 SINGAPORE 079027"
"Street","Temple Street","RESTAURANT","XI LAI JU HAI XIAN","50 TEMPLE STREET SINGAPORE 069547"
"Street","Pagoda Street","RESTAURANT","FORTUNE GARDEN","61 PAGODA STREET SINGAPORE 058971"
"Street","North Bridge Road","RESTAURANT","NAN HWA CHONG FISH HEAD STEAMBOAT CORN","808/812/814/816 NORTH BRIDGE ROAD SINGAPORE 078884"
"Street","North Bridge Road","RESTAURANT","NAN HWA CHONG FISH-HEAD STEAMBOAT CORN","812 NORTH BRIDGE ROAD #02-- SINGAPORE 048616"
"Street","Temple Street","RESTAURANT","MOUSTACHE BBQ","26 TEMPLE STREET SINGAPORE 079027"
"In-Mall & Building","International Plaza","RESTAURANT","ANYI NOODLES","10 ANSON ROAD #01-37 SINGAPORE 079027"
"In-Mall & Building","Northpoint City","RESTAURANT","JIANGHU HOTPOT","1 NORTHPOINT DRIVE #02-126/127 SINGAPORE 048622"
"In-Mall & Building","Bugis Junction","RESTAURANT","SAN REN XING - BUGIS","200 VICTORIA STREET #03-30A SINGAPORE 078884"
"In-Mall & Building","Bugis Junction","RESTAURANT","TASTYHOUSE","200 VICTORIA STREET #03-30D SINGAPORE 048616"
"Street","Mosque Street","RESTAURANT","JIA JIA BEEF POT","21 MOSQUE STREET SINGAPORE 079027"
"Street","Keong Saik Road","RESTAURANT","KOK SEN RESTAURANT","4 KEONG SAIK ROAD SINGAPORE 069538"
"Street","Syed Alwi Road","RESTAURANT","WU DA LANG CHINESE RESTAURANT","62 SYED ALWI ROAD #01-01 SINGAPORE 049213"
"Street","Lorong Mambong","RESTAURANT","SHAO MODERN TEOCHEW TAPAS","44 LORONG MAMBONG SINGAPORE 068590"
"Street","Pagoda Street","RESTAURANT","SHUN FA PTE. LTD.","74 PAGODA STREET SINGAPORE 059028"
"Street","Mosque Street","RESTAURANT","SING LEONG F&B SERVICES PTE. LTD.","7 MOSQUE STREET #01-- SINGAPORE 048619"
"Street","Pagoda Street","RESTAURANT","WOO HOK PTE. LTD.","76 PAGODA STREET SINGAPORE 078884"
"In-Mall & Building","Bedok Mall","RESTAURANT","SAN REN XING - BEDOK MALL","311 NEW UPPER CHANGI ROAD #B1-40 SINGAPORE 048619"
"Street","South Bridge Road","RESTAURANT","SPICE TABLE","282 SOUTH BRIDGE ROAD SINGAPORE 048619"
"Street","East Coast Park","RESTAURANT","MY BRIYANI HOUSE - MARINE COVE","1000 EAST COAST PARKWAY #01-04 SINGAPORE 048616"
"Street","Syed Alwi Road","RESTAURANT","NANDHANA S RESTAURANT","104 SYED ALWI ROAD SINGAPORE 018984"
"Street","Upper East Coast Road","RESTAURANT","BUTTER & SPICES","162 UPPER EAST COAST ROAD SINGAPORE 018984"
"In-Mall & Building","Bedok Mall","RESTAURANT","KEBABCHI BIRYANI","311 NEW UPPER CHANGI ROAD #01-12 SINGAPORE 059189"
"Street","Punggol Settlement","RESTAURANT","BOOZE & BITEZ","500 NEW PUNGGOL ROAD #02-06 SINGAPORE 088321"
"Street","Pahang Street","RESTAURANT","NUR FAYIDHA RESTAURANT","2 PAHANG STREET SINGAPORE 048616"
"In-Mall & Building","One Raffles Place","RESTAURANT","AMMAKASE","1 RAFFLES PLACE #04-48 SINGAPORE 049215"
"Street","North Bridge Road","RESTAURANT","ISLAMIC RESTAURANT INTERNATIONAL PTE L","735 NORTH BRIDGE ROAD #01-01 SINGAPORE 048618"
"Street","Syed Alwi Road","RESTAURANT","KAILASH PARBAT","93 SYED ALWI ROAD SINGAPORE 048616"
"Street","Boon Tat Street","RESTAURANT","TANDOORI CULTURE","5 BOON TAT STREET #01-01 SINGAPORE 048616"
"In-Mall & Building","Chijmes","RESTAURANT","ANGLO INDIAN CAFE & BAR","30 VICTORIA STREET #01-13 SINGAPORE 078883"
"Street","Syed Alwi Road","RESTAURANT","BALAJI BHAWAN","103 SYED ALWI ROAD SINGAPORE 088822"
"Street","Syed Alwi Road","RESTAURANT","MINORA CUISINE PTE LTD","117 SYED ALWI ROAD SINGAPORE 089142"
"Street","Upper East Coast Road","RESTAURANT","CHAT MASALA","158 UPPER EAST COAST ROAD SINGAPORE 069333"
"Street","Upper East Coast Road","RESTAURANT","GROCHI","164 UPPER EAST COAST ROAD SINGAPORE 069333"
"Street","Syed Alwi Road","RESTAURANT","CHENNAI'S ANJAPPAR CHETTINAADU REST","102 SYED ALWI ROAD SINGAPORE 069547"
"Street","Syed Alwi Road","RESTAURANT","SRI KUMBHAKARNA","77 SYED ALWI ROAD SINGAPORE 048583"
"In-Mall & Building","The Star Vista","RESTAURANT","ZAFFRON KITCHEN - STAR VISTA","1 VISTA EXCHANGE GREEN #02-04 SINGAPORE 079903"
"Street","Syed Alwi Road","RESTAURANT","ANANDA BHAVAN-SYED ALWI ROAD","95 SYED ALWI ROAD SINGAPORE 018982"
"Street","Syed Alwi Road","RESTAURANT","SAKUNTHALA'S GOURMET","88 SYED ALWI ROAD #01-01 SINGAPORE 078884"
"Street","Jalan Sultan","RESTAURANT","M A DEEN BIASA","95 JALAN SULTAN #01-01 SINGAPORE 048616"
"Street","Telok Ayer Street","RESTAURANT","TOKU NORI","200A TELOK AYER STREET SINGAPORE 048616"
"In-Mall & Building","Plaza Singapura","RESTAURANT","JAPANESE COMMUNITY MARKET","68 ORCHARD ROAD #01-10/22 SINGAPORE 058348"
"Street","Keong Saik Road","RESTAURANT","HARUKI","3 KEONG SAIK ROAD SINGAPORE 068738"
"Street","North Bridge Road","RESTAURANT","ONO RAMEN","734 NORTH BRIDGE ROAD #01-01 SINGAPORE 078994"
"Street","Stanley Street","RESTAURANT","MORITA UNIGORO","10 STANLEY STREET #01-01 SINGAPORE 088464"
"In-Mall & Building","Paya Lebar Quarter","RESTAURANT","NE NE NEKO","10 PAYA LEBAR ROAD #01-K6 SINGAPORE 089516"
"Street","Cecil Street","RESTAURANT","SUSHI TO SUMI","20 CECIL STREET #02-01 SINGAPORE 078884"
"In-Mall & Building","Dhoby Xchange","RESTAURANT","TAKAGI RAMEN - DHOBY GHAUT MRT","11 ORCHARD ROAD #B1-11 SINGAPORE 048619"
"In-Mall & Building","Bugis+","RESTAURANT","SCRAMBLED EGG RICE","201 VICTORIA STREET #04-01 SINGAPORE 069547"
"In-Mall & Building","Hong Leong Building","RESTAURANT","FU MEN","16 RAFFLES QUAY #B1-17/18 SINGAPORE 048616"
"Street","Telok Ayer Street","RESTAURANT","GARYU","153A TELOK AYER STREET SINGAPORE 048622"
"Street","Middle Road","RESTAURANT","EN SUSHI","112 MIDDLE ROAD #01-00 SINGAPORE 058479"
"Street","Middle Road","RESTAURANT","TENGOKU YAKINIKU","112 MIDDLE ROAD #01-00 SINGAPORE 068605"
"In-Mall & Building","100AM","RESTAURANT","YAYOI 100AM","100 TRAS STREET #03-12 SINGAPORE 081007"
"In-Mall & Building","The Star Vista","RESTAURANT","YAYOI STAR VISTA","1 VISTA EXCHANGE GREEN #02-01/02 SINGAPORE 089822"
"In-Mall & Building","Punggol Waterway Point","RESTAURANT","YAYOI WATERWAY POINT","83 PUNGGOL CENTRAL #01-23 SINGAPORE 068601"
"In-Mall & Building","Northpoint City","RESTAURANT","YAYOI NORTHPOINT","1 NORTHPOINT DRIVE #B1-103/104 SINGAPORE 068602"
"Street","Mohamed Sultan Road","RESTAURANT","TAKAHASHI","4 MOHAMED SULTAN ROAD #01-01 SINGAPORE 048616"
"Street","East Coast Road","RESTAURANT","IZAKAYA NININGASHI EAST COAST","119 EAST COAST ROAD SINGAPORE 048581"
"Street","Telok Ayer Street","RESTAURANT","SHINRAI","173 TELOK AYER STREET SINGAPORE 049318"
"Street","Tanjong Katong Road","RESTAURANT","KATSUYA","258 TANJONG KATONG ROAD SINGAPORE 089691"
"Street","Bugis Village","RESTAURANT","RAMEN KEISUKE TONTOTSU KING FOURSEASON","158 ROCHOR ROAD SINGAPORE 069046"
"Street","Amoy Street","RESTAURANT","THE FLYING SQUIRREL","92 AMOY STREET #01-02 SINGAPORE 048622"
"In-Mall & Building","Marina Bay Financial Centre","RESTAURANT","MISAKI JAPANESE RESTAURANT","12 MARINA BOULEVARD #01-01 SINGAPORE 089144"
"In-Mall & Building","The Star Vista","RESTAURANT","IMAKATSU","1 VISTA EXCHANGE GREEN #01-17 SINGAPORE 058809"
"Street","Punggol Settlement","RESTAURANT","IZAKAYA 95 PTE LTD","3 PUNGGOL POINT ROAD #02-05 SINGAPORE 048616"
"Street","Stanley Street","RESTAURANT","RAKU RAKU JAPANESE DINING STANLEY","4 STANLEY STREET SINGAPORE 068615"
"Street","Mohamed Sultan Road","RESTAURANT","KUROYA","33 MOHAMED SULTAN ROAD #01-03 SINGAPORE 088512"
"Street","Upper East Coast Road","RESTAURANT","MIKAWA YAKITORI BAR","81 UPPER EAST COAST ROAD SINGAPORE 049325"
"In-Mall & Building","Chijmes","RESTAURANT","RENGA YA","30 VICTORIA STREET #01-11/12 SINGAPORE 069705"
"Street","Boon Tat Street","RESTAURANT","L OPERETTA CORNER BAR","7/9/11/15 BOON TAT STREET SINGAPORE 049317"
"In-Mall & Building","Plaza Singapura","RESTAURANT","AKI SUSHI AND GRILL","68 ORCHARD ROAD #B2-40 SINGAPORE 069791"
"In-Mall & Building","Northpoint City","RESTAURANT","TEPPAN-YAKI","1 NORTHPOINT DRIVE #B1-200 SINGAPORE 069900"
"Street","Duxton Road","RESTAURANT","MITSU SUSHI BAR","21 DUXTON ROAD SINGAPORE 068585"
"Street","Mohamed Sultan Road","RESTAURANT","JAPANESE RESTAURANT GOKU","33 MOHAMED SULTAN ROAD #01-02 SINGAPORE 079903"
"Street","Lorong Mambong","RESTAURANT","TONKOTSU KING (HV)","16A LORONG MAMBONG #02-- SINGAPORE 018984"
"In-Mall & Building","Marina Bay Link Mall","RESTAURANT","SAIGON ROLLS PTE LTD","8A MARINA BOULEVARD #B2-01 SINGAPORE 069427"
"Street","Kandahar Street","RESTAURANT","MAKAN KORYOURI","32 KANDAHAR STREET SINGAPORE 059200"
"Street","Beach Road","RESTAURANT","MATSUYA DINING","15 BEACH ROAD #01-01 SINGAPORE 069405"
"Street","Tras Street","RESTAURANT","HIRYU JAPANESE RESTAURANT","39 TRAS STREET SINGAPORE 089137"
"Street","Chin Swee Road","RESTAURANT","MING SAN CASUAL JAPANESE","171 CHIN SWEE ROAD #01-03 SINGAPORE 049317"
"Street","Lorong Mambong","RESTAURANT","TAKEDA GARDEN","16A LORONG MAMBONG #03-- SINGAPORE 049317"
"Street","Craig Road","RESTAURANT","IZAKAYA NININGASHI","2 CRAIG ROAD SINGAPORE 049317"
"In-Mall & Building","IMM Building","RETAIL","FURLA SINGAPORE IMM","2 JURONG EAST STREET 21 #01-122 SINGAPORE 079903"
"Street","North Bridge Road","RETAIL","HYGGE","672 NORTH BRIDGE ROAD SINGAPORE 018981"
"Street","Pekin Street","RESTAURANT","MISS G S GRILL & BAR","44/45 PEKIN STREET SINGAPORE 048619"
"In-Mall & Building","International Plaza","RESTAURANT","ENISHI","10 ANSON ROAD #02-85A SINGAPORE 018984"
"In-Mall & Building","Paya Lebar Quarter","RESTAURANT","DONBURI KING","10 PAYA LEBAR ROAD #03-26 SINGAPORE 058833"
"In-Mall & Building","Paya Lebar Quarter","RESTAURANT","YAKINIKU LIKE","10 PAYA LEBAR ROAD #B1-28 SINGAPORE 078884"
"Street","Trengganu Street","RESTAURANT","GO FOOD SG PTE LTD","2 TRENGGANU STREET #03-00 SINGAPORE 058660"
"In-Mall & Building","Hong Leong Building","RESTAURANT","OSAHIME SUSHI RESTAURANT PTE LTD","16 RAFFLES QUAY #B1-53 SINGAPORE 088808"
"In-Mall & Building","Bugis Junction","RESTAURANT","CHIKUYOTEI","80 MIDDLE ROAD #01-01 SINGAPORE 059015"
"In-Mall & Building","Tampines Mall","RESTAURANT","EXPRESS TEPPAN-YAKI (TAMPINES MALL)","4 TAMPINES CENTRAL 5 #B1-K22 SINGAPORE 079009"
"In-Mall & Building","Bugis+","RESTAURANT","RAMEN CHAMPION PTE LTD","201 VICTORIA STREET #04-07 SINGAPORE 058779"
"Street","Greenwood Avenue","RESTAURANT","SHIN YUU JAPANESE RESTAURANT PTE LTD","8 GREENWOOD AVENUE SINGAPORE 058568"
"Street","Mohamed Sultan Road","RESTAURANT","ORIHARA SHOTEN RESTAURT","25 MOHAMED SULTAN ROAD #01-00 SINGAPORE 058559"
"Street","Kandahar Street","RESTAURANT","OOTORI CLUB","30 KANDAHAR STREET SINGAPORE 089839"
"Street","Tanjong Pagar Road","RESTAURANT","SUKIYAKI YOTARO","106 TANJONG PAGAR ROAD SINGAPORE 089486"
"In-Mall & Building","IMM Building","RESTAURANT","HEI SUSHI IMM","2 JURONG EAST STREET 21 #01-K10 SINGAPORE 058823"
"In-Mall & Building","Bugis Cube","RESTAURANT","SEIZAN","470 NORTH BRIDGE ROAD #03-19 SINGAPORE 088454"
"In-Mall & Building","Northpoint City","RESTAURANT","ALLEY.WEI","1 NORTHPOINT DRIVE #B1-151 SINGAPORE 088462"
"In-Mall & Building","The Star Vista","RESTAURANT","NOZOMI - THE STAR VISTA","1 VISTA EXCHANGE GREEN #02-20 SINGAPORE 069114"
"In-Mall & Building","100AM","RESTAURANT","HENRI CHARPENTIER - 100AM","100 TRAS STREET #01-13A SINGAPORE 059243"
"Street","Joo Chiat Road","RESTAURANT","MEGUMI JAPANESE RESTAURANT","443 JOO CHIAT ROAD RISING COURT-- SINGAPORE 058569"
"Street","Telok Ayer Street","RESTAURANT","SHUCLARE","125 TELOK AYER STREET SINGAPORE 048618"
"In-Mall & Building","100AM","RESTAURANT","MAGURO BROTHERS","100 TRAS STREET #03-K1 SINGAPORE 048616"
"In-Mall & Building","Tampines Mall","RESTAURANT","ALLEY WEI-TAMPINES MALL","4 TAMPINES CENTRAL 5 #B1-K21 SINGAPORE 079903"
"Street","Tanjong Pagar Road","RESTAURANT","GRILLED FISH KEISUKE (TP)","101 TANJONG PAGAR ROAD SINGAPORE 058813"
"Street","Tras Street","RESTAURANT","NISHIKANE","78 TRAS STREET SINGAPORE 082001"
"In-Mall & Building","International Plaza","RESTAURANT","FUKUSUKE","10 ANSON ROAD #01-02 SINGAPORE 048616"
"In-Mall & Building","Guoco Tower","RESTAURANT","UNATOTO GUOCO TOWER","7 WALLICH STREET #B1-03 SINGAPORE 049317"
"Street","Stanley Street","RESTAURANT","THE SUSHI BAR - STANLEY STREET","17 STANLEY STREET SINGAPORE 018984"
"Street","Holland Avenue","RESTAURANT","SENS","243 HOLLAND AVENUE SINGAPORE 079903"
"Street","Tanjong Pagar Road","RESTAURANT","SUSHI KATORI","21 TANJONG PAGAR ROAD #01-03 SINGAPORE 048581"
"Street","Mohamed Sultan Road","RESTAURANT","SUSHI OONO","14 MOHAMED SULTAN ROAD #01-01 SINGAPORE 058463"
"In-Mall & Building","Bugis Junction","RESTAURANT","ALLEY.WEI TEPPAN-YAKI","200 VICTORIA STREET #B1-K23 SINGAPORE 018984"
"Street","Craig Road","RESTAURANT","HEARTH","41 CRAIG ROAD SINGAPORE 078884"
"In-Mall & Building","Plaza Singapura","RESTAURANT","THE SUSHI BAR - PLAZA SINGAPURA","68 ORCHARD ROAD #04-68 SINGAPORE 059221"
"Street","Neil Road","RESTAURANT","KAIRYU","33 NEIL ROAD SINGAPORE 059213"
"Street","Club Street","RESTAURANT","TENSEI","90 CLUB STREET SINGAPORE 059219"
"Street","Neil Road","RESTAURANT","SUZUKI","83 NEIL ROAD #01-09 SINGAPORE 059226"
"Street","Neil Road","RESTAURANT","POPULUS","146 NEIL ROAD #01-- SINGAPORE 058781"
"Street","Beach Road","RESTAURANT","HACHIMARU","349 BEACH ROAD SINGAPORE 079903"
"Street","Keong Saik Road","RESTAURANT","KAGAYAKI BY ISHIGAKI YOSHIDA","27 KEONG SAIK ROAD SINGAPORE 058457"
"In-Mall & Building","100AM","RESTAURANT","RAMEN KEISUKE TORI KING","100 TRAS STREET #03-15 SINGAPORE 069333"
"Street","Boon Tat Street","RESTAURANT","NO STYLE BY KATANASHI","3 BOON TAT STREET SINGAPORE 088996"
"In-Mall & Building","Paya Lebar Quarter","RESTAURANT","HENRI CHARPENTIER - PLQ","10 PAYA LEBAR ROAD #01-07 SINGAPORE 059204"
"Street","Telok Ayer Street","RESTAURANT","KUZA NIKU KAPPO","153 TELOK AYER STREET SINGAPORE 058800"
"Street","Amoy Street","RESTAURANT","SODENG AMOY","88 AMOY STREET SINGAPORE 058752"
"Street","Punggol Settlement","RESTAURANT","XIN YAN KOREAN LIVE SHOW BBQ","500 NEW PUNGGOL ROAD #01-08 SINGAPORE 079903"
"Street","Jalan Jamal","RESTAURANT","JUNGYI KOREAN BBQ","3 JALAN JAMAL SINGAPORE 058607"
"Street","Neil Road","RESTAURANT","BADAM","55 NEIL ROAD #01-- SINGAPORE 049317"
"Street","Telok Ayer Street","RESTAURANT","SOT KOREAN","177 TELOK AYER STREET SINGAPORE 088326"
"Street","Tanjong Pagar Road","RESTAURANT","FLOWER PIG 360","44/46 TANJONG PAGAR ROAD SINGAPORE 048616"
"In-Mall & Building","Punggol Waterway Point","RESTAURANT","PAIK'S NOODLE","83 PUNGGOL CENTRAL #02-21 SINGAPORE 049317"
"Street","Tanjong Pagar Road","RESTAURANT","SAGYE","95 TANJONG PAGAR ROAD SINGAPORE 048618"
"Street","Kensington Park Road","RESTAURANT","JONGRO KELIM DAKDORITANG","14B KENSINGTON PARK ROAD #01-- SINGAPORE 048618"
"Street","Tanjong Pagar Road","RESTAURANT","GUIGA KOREAN BBQ RESTAURANT","130 TANJONG PAGAR ROAD SINGAPORE 082001"
"Street","Serangoon Garden Way","RESTAURANT","HANWOORI KOREAN RESTAURANT","76 SERANGOON GARDEN WAY SINGAPORE 058805"
"Street","Maxwell Road","RESTAURANT","JUNG HWA GAK KOREAN RESTAURANT PTE LTD","38 MAXWELL ROAD #01-03/05 SINGAPORE 089607"
"Street","Kreta Ayer Road","RESTAURANT","DON DAE BAK","35 KRETA AYER ROAD #01-01 SINGAPORE 082001"
"Street","Telok Ayer Street","RESTAURANT","SINGKOBA TELOK AYER","155 TELOK AYER STREET SINGAPORE 058461"
"Street","Telok Ayer Street","RESTAURANT","OVEN & FRIED CHICKEN","182 TELOK AYER ROAD SINGAPORE 049317"
"In-Mall & Building","Bugis+","RESTAURANT","KIMCHI MAMA","201 VICTORIA STREET #04-11 SINGAPORE 058770"
"In-Mall & Building","One Raffles Place","RESTAURANT","JOAH KOREAN RESTAURANT","1 RAFFLES PLACE #03-21/22 SINGAPORE 049318"
"Street","Telok Ayer Street","RESTAURANT","HYANG YEON BBQ","128 TELOK AYER STREET #01-01 SINGAPORE 018984"
"Street","Stanley Street","RESTAURANT","SHUKUU IZAKAYA","8 STANLEY STREET SINGAPORE 079903"
"In-Mall & Building","Marina Bay Link Mall","RESTAURANT","BUSHIDO","8A MARINA BOULEVARD #01-02 SINGAPORE 069696"
"Street","Tanjong Pagar Road","RESTAURANT","SHIN MANBOK","81 TANJONG PAGAR ROAD SINGAPORE 049317"
"Street","Amoy Street","RESTAURANT","WANG DAE BAK POCHA","93 AMOY STREET SINGAPORE 079007"
"In-Mall & Building","Bugis Junction","RESTAURANT","SEOUL GARDEN BUGIS JUNCTION","200 VICTORIA STREET #02-52 SINGAPORE 048616"
"In-Mall & Building","IMM Building","RESTAURANT","SEOUL GARDEN HOTPOT IMM","2 JURONG EAST STREET 21 #01-95 SINGAPORE 088993"
"In-Mall & Building","Tampines Mall","RESTAURANT","SEOUL GARDEN TAMPINES","4 TAMPINES CENTRAL 5 #04-01 SINGAPORE 088506"
"In-Mall & Building","Northpoint City","RESTAURANT","SEOUL GARDEN NORTH POINT","930 YISHUN AVENUE 2 #03-05 SINGAPORE 080333"
"In-Mall & Building","Northpoint City","RESTAURANT","SEOUL GARDEN HOTPOT NORTH POINT","930 YISHUN AVENUE 2 #03-06 SINGAPORE 049317"
"Street","Amoy Street","RESTAURANT","GO K BBQ - AMOY","76 AMOY STREET SINGAPORE 048616"
"Street","Amoy Street","RESTAURANT","PUJIM PRIVATE LIMITED","82 AMOY STREET #01-00 SINGAPORE 049317"
"In-Mall & Building","Maxwell Chamber","RESTAURANT","EEE MO BBQ","32 MAXWELL ROAD #01-04 SINGAPORE 079903"
"Street","Tanjong Pagar Road","RESTAURANT","TODAMGOL","31 TANJONG PAGAR ROAD #01-01 SINGAPORE 058772"
"Street","Telok Ayer Street","RESTAURANT","CHEONGDAMCHAE","123 TELOK AYER STREET SINGAPORE 048762"
"Street","Neil Road","RESTAURANT","HONGDAE KOREAN BBQ","118 NEIL ROAD SINGAPORE 048618"
"Street","Boon Tat Street","RESTAURANT","DAL IN KOREAN RESTAURANT","17 BOON TAT STREET SINGAPORE 018984"
"Street","Tanjong Pagar Road","RESTAURANT","SUPERSTAR K","75 TANJONG PAGAR ROAD SINGAPORE 049317"
"In-Mall & Building","Plaza Singapura","RESTAURANT","MANNA STORY","68 ORCHARD ROAD #B2-22 SINGAPORE 059025"
"Street","Kreta Ayer Road","RESTAURANT","DON DAE BAK","31 KRETA AYER ROAD SINGAPORE 049317"
"Street","Boon Tat Street","RESTAURANT","UM YONG BAEK","27 BOON TAT STREET SINGAPORE 079903"
"Street","Tanjong Katong Road","RESTAURANT","BIKANERVALA - TANJONG KATONG","253 TANJONG KATONG ROAD SINGAPORE 048581"
"Street","Cecil Street","RESTAURANT","HANTOL KOREAN RESTAURANT","20 CECIL STREET #01-03 SINGAPORE 049318"
"In-Mall & Building","Holland Piazza","RESTAURANT","WANG DAE BAK GRILL","3 LORONG LIPUT #02-01 SINGAPORE 048622"
"Street","Peck Seah Street","RESTAURANT","STORY ONE","60 PECK SEAH STREET SINGAPORE 048581"
"In-Mall & Building","Bugis Junction","RESTAURANT","BULGOGI SYO - BUGIS JUNCTION","200 VICTORIA STREET #02-49 SINGAPORE 058917"
"Street","Telok Ayer Street","RESTAURANT","SO DENG","175 TELOK AYER STREET SINGAPORE 058581"
"Street","Tanjong Pagar Road","RESTAURANT","RED HOLIC","88 TANJONG PAGAR ROAD SINGAPORE 079903"
"In-Mall & Building","Chijmes","RESTAURANT","LEBUA THAI - CHIJMES","30 VICTORIA STREET #01-31 SINGAPORE 049318"
"Street","Upper East Coast Road","RESTAURANT","THAI KHA SEAFOOD","77 UPPER EAST COAST ROAD #01-02 SINGAPORE 058917"
"Street","Trengganu Street","RESTAURANT","SAWASDEE THAI","6/8 TRENGGANU STREET SINGAPORE 079027"
"Street","Tanjong Pagar Road","RESTAURANT","NANGLEN","20 TANJONG PAGAR ROAD SINGAPORE 069865"
"In-Mall & Building","Marina Bay Financial Centre","RESTAURANT","BAAN KKY","12 MARINA BOULEVARD #01-02 SINGAPORE 069468"
"Street","Tan Quee Lan Street","RESTAURANT","SAWADEE THAI CUISINE","9 TAN QUEE LAN STREET #01-01 SINGAPORE 088859"
"Street","South Bridge Road","RESTAURANT","UN-YANG-KOR-DAI SINGAPORE","57 SOUTH BRIDGE ROAD #01-02 SINGAPORE 048616"
"In-Mall & Building","One Raffles Place","RESTAURANT","GIN KHAO ONE RAFFLES PLACE","1 RAFFLES PLACE #04-29 SINGAPORE 058825"
"Street","Joo Chiat Road","RESTAURANT","KINNARI THAI CUISINE","201 JOO CHIAT ROAD #01-01 SINGAPORE 058830"
"Street","Serangoon Garden Way","RESTAURANT","SOI THAI KITCHEN","58 SERANGOON GARDEN WAY SINGAPORE 058345"
"In-Mall & Building","I12 Katong","RESTAURANT","YUM YUM THAI","112 EAST COAST ROAD #B1-50 SINGAPORE 050034"
"Street","Telok Ayer Street","RESTAURANT","THACHANG SG","171 TELOK AYER STREET SINGAPORE 058964"
"Street","Lorong Mambong","RESTAURANT","87 JUST THAI","34B LORONG MAMBONG SINGAPORE 050004"
"Street","Sago Street","RESTAURANT","AN LA GHIEN","22 SAGO STREET SINGAPORE 058669"
"Street","Bussorah Street","RESTAURANT","2 BEO","73 BUSSORAH STREET SINGAPORE 058615"
"Street","Sago Street","RESTAURANT","AN LA GHIEN 7","12 SAGO STREET #01-- SINGAPORE 079903"
"Street","East Coast Road","RESTAURANT","LA SAIGON EAST COAST","914 EAST COAST ROAD #01-04 SINGAPORE 079903"
"Street","Lorong Mambong","RESTAURANT","CHA CHA CHA RSTNT BAR P/L","32 LORONG MAMBONG SINGAPORE 089816"
"Street","East Coast Road","RESTAURANT","COMIDA MEXICANA","404 EAST COAST ROAD SINGAPORE 049705"
"Street","Beach Road","RESTAURANT","PIEDRA NEGRA","241 BEACH ROAD SINGAPORE 058476"
"Street","Pekin Street","RESTAURANT","OFFBEAT BY COQ & BALLS","40 PEKIN STREET #01-01 SINGAPORE 049215"
"Street","Bussorah Street","RESTAURANT","TABBOULEH","54 BUSSORAH STREET SINGAPORE 059225"
"In-Mall & Building","The Sail - Marina Bay","RETAIL","CEPA33 PTE LTD","4 MARINA BOULEVARD #01-33 SINGAPORE 058466"
"In-Mall & Building","West Mall","RESTAURANT","KOPI KORNER - WEST MALL","1 BUKIT BATOK CENTRAL LINK #02-10A SINGAPORE 059229"
"In-Mall & Building","Marina Bay Link Mall","RESTAURANT","OPG OCEAN PLAYGROUND","8A MARINA BOULEVARD #B2-40A SINGAPORE 049325"
"In-Mall & Building","Parkway Parade","RESTAURANT","BEARD PAPA'S - PARKWAY PARADE","80 MARINE PARADE ROAD #B1-60 SINGAPORE 018984"
"In-Mall & Building","Plaza Singapura","RESTAURANT","AUNTIE ANNE'S - PLAZA SING","68 ORCHARD ROAD #B2-37 SINGAPORE 058607"
"In-Mall & Building","Parkway Parade","RESTAURANT","AUNTIE ANNE'S - PP","80 MARINE PARADE ROAD #B1-08 SINGAPORE 049325"
"In-Mall & Building","NEX","RESTAURANT","AUNTIE ANNE'S - NEX","23 SERANGOON CENTRAL #03-K10 SINGAPORE 068600"
"In-Mall & Building","Punggol Waterway Point","RESTAURANT","AUNTIE ANNE'S - WATERWAY PT","83 PUNGGOL CENTRAL #B1-K13A SINGAPORE 018984"
"In-Mall & Building","Northpoint City","RESTAURANT","AUNTIE ANNE'S - NORTHPOINT CITY","930 YISHUN AVENUE 2 #B1-25 SINGAPORE 069690"
"In-Mall & Building","Lot One","RESTAURANT","I LOVE TAIMEI - LOT ONE","21 CHOA CHU KANG AVENUE 4 #B1-K2 SINGAPORE 048622"
"In-Mall & Building","West Mall","RESTAURANT","ZHANG LIANG MALA TANG - WEST MALL","1 BUKIT BATOK CENTRAL LINK #B1-21 SINGAPORE 082001"
"In-Mall & Building","Marina Bay Link Mall","RESTAURANT","WAFU HOUSE","8A MARINA BOULEVARD #B2-02 SINGAPORE 082001"
"In-Mall & Building","Myvillage - Serangoon","RESTAURANT","KOI - MYVILLAGE","1 MAJU AVENUE #01-07 SINGAPORE 048616"
"In-Mall & Building","Bedok Mall","RESTAURANT","ZHANG LIANG MALA TANG - BEDOK MALL","311 NEW UPPER CHANGI ROAD #B1-09 SINGAPORE 068632"
"Street","Cecil Street","RESTAURANT","CUBA LIBRE CECIL STREET","182 CECIL STREET #01-06/07 SINGAPORE 079903"
"In-Mall & Building","I12 Katong","RESTAURANT","SUSHI ZANMAI I12 KATONG MALL","112 EAST COAST ROAD #02-01/02 SINGAPORE 069252"
"In-Mall & Building","Holland Road Shopping Centre","RESTAURANT","MAVRX","211 HOLLAND AVENUE #01-K4 SINGAPORE 079903"
"In-Mall & Building","Hong Leong Building","RESTAURANT","SO GOOD BAKERY - HL","16 RAFFLES QUAY #01-02A SINGAPORE 082001"
"In-Mall & Building","Northpoint City","RESTAURANT","MUYOO","1 NORTHPOINT DRIVE #B2-158/159 SINGAPORE 079903"
"In-Mall & Building","Northpoint City","RESTAURANT","SF - NORTHPOINT","930 YISHUN AVENUE 2 #B1-09 SINGAPORE 079903"
"In-Mall & Building","Northpoint City","RESTAURANT","FRIED CHICKEN MASTER - NORTHPOINT","930 YISHUN AVENUE 2 #B2-145 SINGAPORE 079903"
"In-Mall & Building","Northpoint City","RESTAURANT","KAZO - NORTHPOINT","930 YISHUN AVENUE 2 #B2-146 SINGAPORE 088441"
"In-Mall & Building","Northpoint City","RESTAURANT","TONKOTSU KAZAN RAMEN - NORTH POINT","1 NORTHPOINT DRIVE #B1-188/189 SINGAPORE 079903"
"Street","Serangoon Garden Way","RESTAURANT","NO. 17 TEA (SERANGOON)","49 SERANGOON GARDEN WAY SINGAPORE 082001"
"In-Mall & Building","Northpoint City","RESTAURANT","I LOVE TAIMEI - NORTHPOINT","930 YISHUN AVENUE 2 #B2-115 SINGAPORE 082001"
"In-Mall & Building","100AM","RESTAURANT","ZHANG LIANG MALA TANG - 100AM","100 TRAS STREET #02-17/18/19/20/21 SINGAPORE 048616"
"In-Mall & Building","Parkway Parade","RESTAURANT","KOI - PARKWAY PARADE","80 MARINE PARADE ROAD #01-K32 SINGAPORE 079027"
"In-Mall & Building","Republic Plaza","RESTAURANT","SO GOOD BAKERY - REPUBLIC PLAZA","9 RAFFLES PLACE #01-12 SINGAPORE 089824"
"Street","Pagoda Street","RESTAURANT","MIXUE - PAGODA","62 PAGODA STREET SINGAPORE 069119"
"In-Mall & Building","Bugis Junction","RESTAURANT","NIKU IKU","200 VICTORIA STREET #B1-K03 SINGAPORE 078884"
"In-Mall & Building","Northpoint City","RESTAURANT","BEARD PAPA'S","1 NORTHPOINT DRIVE #01-153 SINGAPORE 079903"
"In-Mall & Building","Plaza Singapura","RESTAURANT","BEARD PAPA'S","68 ORCHARD ROAD #B2-27/28 SINGAPORE 079027"
"In-Mall & Building","Bugis Junction","RESTAURANT","LAVENDER BAKERY - BUGIS","200 VICTORIA STREET #B1-23 SINGAPORE 079903"
"In-Mall & Building","Northpoint City","RESTAURANT","RROOLL - NORTHPOINT CITY","1 NORTHPOINT DRIVE #B2-151 SINGAPORE 049705"
"In-Mall & Building","Parkway Parade","RESTAURANT","ZHANG LIANG MALA TANG - PARKWAY PARADE","80 MARINE PARADE ROAD #03-01/02A SINGAPORE 058007"
"Street","Bugis Village","RESTAURANT","MIXUE - BUGIS","241 VICTORIA STREET SINGAPORE 078884"
"Street","Bugis Village","RESTAURANT","MIXUE - BUGIS (K)","241 VICTORIA STREET SINGAPORE 079011"
"In-Mall & Building","NEX","RESTAURANT","MUYOO - NEX","23 SERANGOON CENTRAL #03-01 SINGAPORE 082001"
"In-Mall & Building","The Star Vista","RESTAURANT","5 SENSES BISTRO - STAR VISTA","1 VISTA EXCHANGE GREEN #02-21 SINGAPORE 069433"
"Street","Tanjong Pagar Road","RESTAURANT","OSAKA SUMIBI YAKINIKU DON-DON","90 TANJONG PAGAR ROAD SINGAPORE 069333"
"Street","Duxton Road","RESTAURANT","OSAKA YAKINIKU WA DON-DON","61 DUXTON ROAD SINGAPORE 088509"
"In-Mall & Building","International Plaza","RESTAURANT","HUGGS COFFEE - INTERNATIONAL PLAZA","12 ANSON ROAD #01-48 SINGAPORE 079903"
"In-Mall & Building","Paya Lebar Quarter","RESTAURANT","HUGGS COFFEE","1 PAYA LEBAR LINK #01-03 SINGAPORE 058829"
"Street","Cecil Street","RESTAURANT","HUGGS COFFEE","143 CECIL STREET #01-00 SINGAPORE 058592"
"Street","Mccallum Street","RESTAURANT","HUGGS COFFEE","21 MCCALLUM STREET #01-07/08 SINGAPORE 079903"
"In-Mall & Building","Bugis Cube","RETAIL","ALTAIR DREAM ART PTE LTD","470 NORTH BRIDGE ROAD #03-18 SINGAPORE 079903"
"In-Mall & Building","NEX","RESTAURANT","RIVE GAUCHE PASTISSERIE","23 SERANGOON CENTRAL #B1-16 SINGAPORE 079903"
"In-Mall & Building","The Star Vista","RESTAURANT","RIVE GAUCHE PASTISSERIE","1 VISTA EXCHANGE GREEN #B1-37C SINGAPORE 068593"
"In-Mall & Building","Northpoint City","RESTAURANT","RIVE GAUCHE PASTISSERIE","930 YISHUN AVENUE 2 #B2-156 SINGAPORE 048261"
"In-Mall & Building","Guoco Tower","RESTAURANT","STUFF'D - GUOCO TOWER","1 WALLICH STREET #B1-23 SINGAPORE 081007"
"In-Mall & Building","IMM Building","RESTAURANT","KOI - IMM","2 JURONG EAST STREET 21 #01-58 SINGAPORE 079327"
"In-Mall & Building","NEX","RESTAURANT","KRISPY KREME - NEX","23 SERANGOON CENTRAL #03-K13 SINGAPORE 048622"
"Street","Amoy Street","RESTAURANT","OLLELLA","135 AMOY STREET #01-04 SINGAPORE 089825"
"In-Mall & Building","Bugis Junction","RESTAURANT","KRISPY KREME - BUGIS JUNCTION","200 VICTORIA STREET #B1-03B SINGAPORE 058562"
"In-Mall & Building","Bugis Junction","RESTAURANT","108 MATCHA SARO- BUGIS JUNCTION","200 VICTORIA STREET #B1-03B SINGAPORE 059190"
"In-Mall & Building","I12 Katong","RESTAURANT","THE FISH & CHIPS SHOPS","112 EAST COAST ROAD #B1-44/45 SINGAPORE 088526"
"Street","East Coast Road","RESTAURANT","DOMINO'S - EAST COAST ROAD","29 EAST COAST ROAD SINGAPORE 089680"
"Street","East Coast Road","RESTAURANT","DOMINO'S - SIGLAP","918 EAST COAST ROAD SINGAPORE 079027"
"In-Mall & Building","Northpoint City","RESTAURANT","DOUGH CULTURE - NORTHPOINT","930 YISHUN AVENUE 2 #B1-10 SINGAPORE 059190"
"In-Mall & Building","NEX","RESTAURANT","DOUGH CULTURE - NEX","23 SERANGOON CENTRAL #B2-09 SINGAPORE 069429"
"In-Mall & Building","Tampines Mall","RESTAURANT","DOUGH CULTURE - TAMPINES MALL","4 TAMPINES CENTRAL 5 #B1-K16 SINGAPORE 058680"
"In-Mall & Building","Punggol Waterway Point","RESTAURANT","DOUGH CULTURE - WATERWAY POINT","83 PUNGGOL CENTRAL #01-K5 SINGAPORE 048616"
"In-Mall & Building","I12 Katong","RESTAURANT","SO GOOD BAKERY KATONG","112 EAST COAST ROAD #01-19 SINGAPORE 082001"
"Street","East Coast Park","RESTAURANT","CAFE FOOTBALL EAST COAST","920 EAST COAST PARKWAY #01-28/29/30/31/32 SINGAPORE 049318"
"In-Mall & Building","Plaza Singapura","RESTAURANT","LLAO LLAO - PLAZA SING","68 ORCHARD ROAD #B2-08 SINGAPORE 048616"
"In-Mall & Building","Tampines Mall","RESTAURANT","POCHA! KOREAN STREET DINING","4 TAMPINES CENTRAL 5 #B1-02 SINGAPORE 089824"
"In-Mall & Building","Northpoint City","RESTAURANT","THE MANHATTAN FISH MARKET","930 YISHUN AVENUE 2 #02-06/07 SINGAPORE 089757"
"In-Mall & Building","Northpoint City","RESTAURANT","KOPI & TARTS - NORTHPOINT CITY","1 NORTHPOINT DRIVE #01-151 SINGAPORE 049318"
"In-Mall & Building","100AM","RESTAURANT","HAPPY CUP","100 TRAS STREET #02-27B SINGAPORE 078884"
"In-Mall & Building","Parkway Parade","RESTAURANT","SHIHLIN TAIWAN - PP","80 MARINE PARADE ROAD #01-K37 SINGAPORE 089147"
"Street","North Bridge Road","RESTAURANT","ROCKY MASTER - NORTH BRIDGE ROAD","402 NORTH BRIDGE ROAD #01-00 SINGAPORE 089495"
"In-Mall & Building","Plaza Singapura","RESTAURANT","TIM HO WAN - PS","68 ORCHARD ROAD #01-29A SINGAPORE 058569"
"In-Mall & Building","Westgate","RESTAURANT","TIM HO WAN - WESTGATE","3 GATEWAY DRIVE #01-13/14 SINGAPORE 079014"
"In-Mall & Building","Bugis+","RESTAURANT","COCO ICHIBANYA CURRY HOUSE- BUGIS +","201 VICTORIA STREET #01-10 SINGAPORE 068735"
"In-Mall & Building","The Star Vista","RESTAURANT","COCO ICHIBANYA CURRY HOUSE- THE STAR V","1 VISTA EXCHANGE GREEN #02-06 SINGAPORE 049178"
"In-Mall & Building","Plaza Singapura","RESTAURANT","COCO ICHIBANYA CURRY HOUSE - PLAZA SG","68 ORCHARD ROAD #03-73 SINGAPORE 089522"
"Street","Cecil Street","RESTAURANT","MUCHACHOS","182 CECIL STREET #01-01 SINGAPORE 049705"
"In-Mall & Building","Punggol Waterway Point","RESTAURANT","PEZZO","83 PUNGGOL CENTRAL #B2-K8 SINGAPORE 068606"
"In-Mall & Building","Bedok Mall","RESTAURANT","PEZZO","311 NEW UPPER CHANGI ROAD #B2-K1 SINGAPORE 088332"
"In-Mall & Building","Lot One","RESTAURANT","PEZZO","21 CHOA CHU KANG AVENUE 4 #B1-23 SINGAPORE 058706"
"Street","Smith Street","RESTAURANT","LIAO FAN HAWKER CHAN (CHINATOWN) P/L","76/78 SMITH STREET SINGAPORE 058686"
"In-Mall & Building","Guoco Tower","RESTAURANT","ROYCE TANJONG PAGAR CENTRE","7 WALLICH STREET #B2-03 SINGAPORE 068589"
"In-Mall & Building","Westgate","RESTAURANT","ROYCE WESTGATE","3 GATEWAY DRIVE #01-12 SINGAPORE 058711"
"In-Mall & Building","NEX","RESTAURANT","ROYCE NEX","23 SERANGOON CENTRAL #B2-33 SINGAPORE 082001"
"In-Mall & Building","Tampines Mall","RESTAURANT","ROYCE TAMPINES","4 TAMPINES CENTRAL 5 #B1-21 SINGAPORE 058345"
"In-Mall & Building","One Raffles Place","RESTAURANT","THE DAILY CUT ONE RAFFLES","1 RAFFLES PLACE #B1-31 SINGAPORE 079903"
"In-Mall & Building","Plaza Singapura","RESTAURANT","SEORAE KOREAN CHARCOAL","68 ORCHARD ROAD #02-01 SINGAPORE 082001"
"In-Mall & Building","Northpoint City","RESTAURANT","GELARE - YISHUN 10","1 NORTHPOINT DRIVE #02-114 SINGAPORE 048616"
"In-Mall & Building","Bedok Mall","RESTAURANT","YOLE","311 NEW UPPER CHANGI ROAD #01-40 SINGAPORE 079007"
"In-Mall & Building","Tampines Mall","RESTAURANT","YOLE","4 TAMPINES CENTRAL 5 #B1-K18 SINGAPORE 078973"
"In-Mall & Building","Punggol Waterway Point","RESTAURANT","DUNKIN DONUTS WATERWAY POINT","83 PUNGGOL CENTRAL #B1-K3 SINGAPORE 078982"
"In-Mall & Building","Bedok Mall","RESTAURANT","DUNKIN DONUTS BEDOK MALL","311 NEW UPPER CHANGI ROAD #B2-K7 SINGAPORE 038983"
"In-Mall & Building","Northpoint City","RESTAURANT","DUNKIN DONUTS NORTHPOINT","930 YISHUN AVENUE 2 #B1-17 SINGAPORE 059422"
"In-Mall & Building","Northpoint City","RESTAURANT","TAI CHONG KOK - NORTHPOINT","930 YISHUN AVENUE 2 #B1-47 SINGAPORE 079903"
"In-Mall & Building","Junction 8","RESTAURANT","SAYBONS - JUNCTION 8","9 BISHAN PLACE #02-43 SINGAPORE 049705"
"In-Mall & Building","Plaza Singapura","RESTAURANT","YOLE PLAZA SINGAPURA","68 ORCHARD ROAD #01-22A SINGAPORE 079903"
"In-Mall & Building","100AM","RESTAURANT","SO GOOD BAKERY","100 TRAS STREET #01-10/14A SINGAPORE 048616"
"Street","East Coast Road","RESTAURANT","THE MANGOTREE INDIAN COASTAL RESTAURT","91 EAST COAST ROAD SINGAPORE 018984"
"In-Mall & Building","Lot One","RESTAURANT","CHATERAISE - LOT1","21 CHOA CHU KANG AVENUE 4 #B1-15 SINGAPORE 068592"
"In-Mall & Building","NEX","RESTAURANT","CHATERAISE - NEX","23 SERANGOON CENTRAL #B2-49A SINGAPORE 069547"
"In-Mall & Building","Westgate","RESTAURANT","CHATERAISE - WESTGATE","3 GATEWAY DRIVE #B1-24 SINGAPORE 049705"
"In-Mall & Building","Bugis Junction","RESTAURANT","BELLE VILLE","230 VICTORIA STREET #01-01B SINGAPORE 058671"
"In-Mall & Building","Punggol Waterway Point","RESTAURANT","YOLE WATERWAY POINT","83 PUNGGOL CENTRAL #01-63 SINGAPORE 018984"
"In-Mall & Building","The Star Vista","RESTAURANT","CARL S JR - STAR VISTA","1 VISTA EXCHANGE GREEN #B1-10 SINGAPORE 079903"
"In-Mall & Building","Northpoint City","RESTAURANT","PEZZO - NORTHPOINT","1 NORTHPOINT DRIVE #B2-152 SINGAPORE 069883"
"In-Mall & Building","100AM","RESTAURANT","TAKAGI COFFEE","100 TRAS STREET #01-14B SINGAPORE 059190"
"In-Mall & Building","Northpoint City","RESTAURANT","JINJJA CHICKEN - NORTHPOINT","930 YISHUN AVENUE 2 #01-45 SINGAPORE 079903"
"In-Mall & Building","Junction 8","RESTAURANT","4FINGERS CRISPY CHICKEN - JUNTION 8","9 BISHAN PLACE #01-32 SINGAPORE 088843"
"In-Mall & Building","Punggol Waterway Point","RESTAURANT","TIM HO WAN - WATERWAY POINT","83 PUNGGOL CENTRAL #01-62 SINGAPORE 018984"
"In-Mall & Building","Lot One","RESTAURANT","MEN DON - LOT 1","21 CHOA CHU KANG AVENUE 4 #B1-K16 SINGAPORE 079903"
"In-Mall & Building","West Mall","RESTAURANT","MEN DON TEI - WEST MALL","1 BUKIT BATOK CENTRAL LINK #01-02 SINGAPORE 059029"
"In-Mall & Building","Westgate","RESTAURANT","CAT & THE FIDDLE","3 GATEWAY DRIVE #01-18 SINGAPORE 079027"
"In-Mall & Building","Change Alley","RESTAURANT","WAA COW! CHANGE ALLEY MALL","30 RAFFLES PLACE #01-23/24 SINGAPORE 079027"
"In-Mall & Building","Bedok Mall","RESTAURANT","MEN DON - BEDOK MALL","311 NEW UPPER CHANGI ROAD #B2-27 SINGAPORE 467360"
"In-Mall & Building","Guoco Tower","RESTAURANT","LA MENSA","7 WALLICH STREET #B2-15 SINGAPORE 078884"
"In-Mall & Building","One Raffles Place","RESTAURANT","URBAN MIX - ONE RAFFLES","1 RAFFLES PLACE #B1-01A SINGAPORE 048616"
"In-Mall & Building","Westgate","RESTAURANT","YOLE WESTGATE","3 GATEWAY DRIVE #03-02 SINGAPORE 079027"
"In-Mall & Building","Bedok Mall","RESTAURANT","MOS BURGER BEDOK MALL","311 NEW UPPER CHANGI ROAD #B2-29 SINGAPORE 069538"
"In-Mall & Building","The Star Vista","RESTAURANT","SHI LI FANG - STAR VISTA","1 VISTA EXCHANGE GREEN #02-09 SINGAPORE 049213"
"In-Mall & Building","Junction 8","RESTAURANT","CAT & THE FIDDLE","9 BISHAN PLACE #02-32A SINGAPORE 068590"
"In-Mall & Building","IMM Building","RESTAURANT","LLAO LLAO - IMM","2 JURONG EAST STREET 21 #01-14 SINGAPORE 059028"
"In-Mall & Building","100AM","RESTAURANT","MOS BURGER - 100 AM","100 TRAS STREET #01-12 SINGAPORE 048619"
"In-Mall & Building","Tampines Mall","RESTAURANT","TAI CHONG KOK - TAMPINES MALL","4 TAMPINES CENTRAL 5 #B1-K11 SINGAPORE 078884"
"Street","Cecil Street","RESTAURANT","COFFEE HIVE","138 CECIL STREET #01-02 SINGAPORE 048619"
"In-Mall & Building","Parkway Parade","RESTAURANT","CHATERAISE - PARKWAY PARADE","80 MARINE PARADE ROAD #03-30B SINGAPORE 048619"
"In-Mall & Building","Bedok Mall","RESTAURANT","CHATERAISE - BEDOK MALL","311 NEW UPPER CHANGI ROAD #B2-19 SINGAPORE 048616"
"In-Mall & Building","Westgate","RESTAURANT","JINJJA CHICKEN","3 GATEWAY DRIVE #02-05 SINGAPORE 018984"
"In-Mall & Building","Bugis Junction","RESTAURANT","I LOVE TAIMEI - BUGIS JUNCTION","230 VICTORIA STREET #B1-K11/11A SINGAPORE 018984"
"In-Mall & Building","Bugis Junction","RESTAURANT","ZHANG LIANG MALA TANG","200 VICTORIA STREET #01-90/91 SINGAPORE 059189"
"In-Mall & Building","Bugis Junction","RESTAURANT","JOYLUCK TEAHOUSE","200 VICTORIA STREET #B1-K25 SINGAPORE 088321"
"In-Mall & Building","Tampines Mall","RESTAURANT","SEORAE KOREAN CHARCOAL BB","4 TAMPINES CENTRAL 5 #B1-02 SINGAPORE 048616"
"In-Mall & Building","Plaza Singapura","RESTAURANT","DUNKIN DONUTS PLAZA SINGAPURA","68 ORCHARD ROAD #B2-57 SINGAPORE 049215"
"Street","Paya Lebar Mrt Station","RESTAURANT","DUNKIN DONUTS PAYA LEBAR MRT","30 PAYA LEBAR ROAD #01-03 SINGAPORE 048618"
"In-Mall & Building","Tampines Mrt Station","RESTAURANT","DUNKIN DONUTS TAMPINES","20 TAMPINES CENTRAL 1 #01-20 SINGAPORE 048616"
"In-Mall & Building","NEX","RESTAURANT","SEORAE KOREAN-NEX","23 SERANGOON CENTRAL #B1-73/74 SINGAPORE 048616"
"In-Mall & Building","Holland Xchange","RESTAURANT","MOS BURGER - HOLLAND V","200 HOLLAND AVENUE #B1-03 SINGAPORE 078883"
"Street","One Fullerton","RESTAURANT","MOS BURGER - ONE FULLERTON","1 FULLERTON ROAD #01-10 SINGAPORE 088822"
"In-Mall & Building","NEX","RESTAURANT","MOS BURGER - NEX","23 SERANGOON CENTRAL #B2-02/03/04 SINGAPORE 089142"
"In-Mall & Building","Northpoint City","RESTAURANT","MOS BURGER - NORTHPOINT CITY","930 YISHUN AVENUE 2 #01-19 SINGAPORE 069333"
"In-Mall & Building","Punggol Waterway Point","RESTAURANT","MOS BURGER -WATERWAY POINT","83 PUNGGOL CENTRAL #B1-K9 SINGAPORE 069333"
"In-Mall & Building","Bugis Junction","RESTAURANT","GONGCHA - BUGIS JUNCTION","200 VICTORIA STREET #03-08 SINGAPORE 069547"
"Street","Telok Ayer Street","RESTAURANT","GONGCHA - TELOK AYER","121 TELOK AYER STREET #01-01 SINGAPORE 048583"
"In-Mall & Building","West Mall","RESTAURANT","DUNKIN' DONUTS WEST MALL","1 BUKIT BATOK CENTRAL LINK #01-K1/K5 SINGAPORE 079903"
"Street","Lorong Liput","RESTAURANT","YEE CHEONG YUEN NOODLE","31 LORONG LIPUT SINGAPORE 018982"
"In-Mall & Building","Plaza Singapura","RESTAURANT","MYEUREKA PLAZA SING","68 ORCHARD ROAD #B1-K4 SINGAPORE 078884"
"In-Mall & Building","Punggol Waterway Point","RESTAURANT","TAI CHONG KOK - WATERWAY POINT","83 PUNGGOL CENTRAL #B2-24 SINGAPORE 048616"
"In-Mall & Building","Myvillage - Serangoon","RESTAURANT","DUKE BAKERY - MY VILLAGE","1 MAJU AVENUE #B1-21/22 SINGAPORE 048616"
"In-Mall & Building","NEX","RESTAURANT","LEE WEE & BROTHERS- NEX","23 SERANGOON CENTRAL #03-K11 SINGAPORE 058348"
"In-Mall & Building","Tampines Mall","RESTAURANT","LEE WEE & BROTHERS- TAMPINES MALL","4 TAMPINES CENTRAL 5 #B1-K6 SINGAPORE 068738"
"In-Mall & Building","Junction 8","RESTAURANT","STUFF'D (JUNCTION 8)","9 BISHAN PLACE #B1-19A SINGAPORE 078994"
"In-Mall & Building","Northpoint City","RESTAURANT","STUFF'D (NORTHPOINT CITY)","930 YISHUN AVENUE 2 #B1-43 SINGAPORE 088464"
"In-Mall & Building","NEX","RESTAURANT","STUFF'D (NEX)","23 SERANGOON CENTRAL #B2-47A SINGAPORE 089516"
"In-Mall & Building","Tampines Mall","RESTAURANT","STUFF'D (TAMPINES MALL)","4 TAMPINES CENTRAL 5 #B1-K13 SINGAPORE 078884"
"In-Mall & Building","Bedok Mall","RESTAURANT","STUFF'D(BEDOK MALL)","311 NEW UPPER CHANGI ROAD #B2-22 SINGAPORE 048619"
"In-Mall & Building","Plaza Singapura","RESTAURANT","STUFF'D (PLAZA SINGAPURA)","68 ORCHARD ROAD #B2-43 SINGAPORE 069547"
"In-Mall & Building","Lot One","RESTAURANT","STUFF'D (LOT ONE)","21 CHOA CHU KANG AVENUE 4 #B1-K26 SINGAPORE 048616"
"In-Mall & Building","Bugis Junction","RESTAURANT","STUFF'D (BUGIS JUNCTION)","200 VICTORIA STREET #B1-K7 SINGAPORE 048622"
"In-Mall & Building","Punggol Waterway Point","RESTAURANT","STUFF'D (WATERWAY POINT)","83 PUNGGOL CENTRAL #B2-K1 SINGAPORE 058479"
"Street","Sago Street","RESTAURANT","TAI CHONG KOK - SAGO STREET","38 SAGO STREET SINGAPORE 068605"
"In-Mall & Building","Junction 8","RESTAURANT","WOK HEY JUNCTION 8","9 BISHAN PLACE #B1-11 SINGAPORE 081007"
"In-Mall & Building","Republic Plaza","RESTAURANT","WOK HEY REPUBLIC PLAZA","9 RAFFLES PLACE #B1-15 SINGAPORE 089822"
"In-Mall & Building","IMM Building","RESTAURANT","WOK HEY IMM","2 JURONG EAST STREET 21 #01-K02 SINGAPORE 068601"
"In-Mall & Building","Bedok Mall","RESTAURANT","WOK HEY BEDOK MALL","311 NEW UPPER CHANGI ROAD #B2-K9 SINGAPORE 068602"
"In-Mall & Building","Northpoint City","RESTAURANT","WOK HEY NORTHPOINT CITY","930 YISHUN AVENUE 2 #B1-41 SINGAPORE 048616"
"In-Mall & Building","Punggol Waterway Point","RESTAURANT","WOK HEY WATERWAY POINT","83 PUNGGOL CENTRAL #01-K6 SINGAPORE 048581"
"In-Mall & Building","NEX","RESTAURANT","WOK HEY NEX","23 SERANGOON CENTRAL #B2-10 SINGAPORE 049318"
"In-Mall & Building","Guoco Tower","RESTAURANT","WOK HEY GUOCO TOWER","7 WALLICH STREET #B2-21 SINGAPORE 089691"
"In-Mall & Building","Bugis Junction","RESTAURANT","WOK HEY BUGIS JUNCTION","200 VICTORIA STREET #B1-K03 SINGAPORE 069046"
"In-Mall & Building","IMM Building","RESTAURANT","LIHO - IMM","2 JURONG EAST STREET 21 #01-K12 SINGAPORE 048622"
"In-Mall & Building","Republic Plaza","RESTAURANT","SUKHUMVIT 100","9 RAFFLES PLACE #B1-18 SINGAPORE 089144"
"In-Mall & Building","Northpoint City","RESTAURANT","CAT & THE FIDDLE - NORTHPOINT CITY","930 YISHUN AVENUE 2 #01-155 SINGAPORE 058809"
"In-Mall & Building","Republic Plaza","RESTAURANT","STUFF'D (REPUBLIC PLAZA)","9 RAFFLES PLACE #B1-11 SINGAPORE 048616"
"In-Mall & Building","Bugis Junction","RESTAURANT","SHINFUNI","200 VICTORIA STREET #B1-K04 SINGAPORE 068615"
"In-Mall & Building","Plaza Singapura","RESTAURANT","OLD CHANG KEE","68 ORCHARD ROAD #B2-02 SINGAPORE 088512"
"In-Mall & Building","Punggol Waterway Point","RESTAURANT","CACAOCAT X CHOCOLATE ORIGIN","83 PUNGGOL CENTRAL #01-K11 SINGAPORE 049325"
"In-Mall & Building","Northpoint City","RESTAURANT","LIHO - NORTHPOINT","930 YISHUN AVENUE 2 #01-17 SINGAPORE 069705"
"In-Mall & Building","Bedok Mall","RESTAURANT","LIHO - BEDOK MALL","311 NEW UPPER CHANGI ROAD #B2-K16 SINGAPORE 049317"
"In-Mall & Building","Bugis+","RESTAURANT","LIHO - BUGIS+","201 VICTORIA STREET #03-29/30 SINGAPORE 069791"
"In-Mall & Building","NEX","RESTAURANT","LIHO - NEX","23 SERANGOON CENTRAL #04-K22 SINGAPORE 069900"
"In-Mall & Building","Punggol Waterway Point","RESTAURANT","LIHO - WATERWAY PT","83 PUNGGOL CENTRAL #B2-K10 SINGAPORE 068585"
"In-Mall & Building","I12 Katong","RESTAURANT","TEA PULSE - I12 KATONG","112 EAST COAST ROAD #B1-47 SINGAPORE 079903"
"In-Mall & Building","Junction 8","RESTAURANT","LIHO - JUNCTION 8","9 BISHAN PLACE #02-18A SINGAPORE 018984"
"In-Mall & Building","Tampines Mall","RESTAURANT","LIHO - TAMPINES MALL","4 TAMPINES CENTRAL 5 #B1-K5 SINGAPORE 069427"
"In-Mall & Building","The Star Vista","RESTAURANT","LIHO - STAR VISTA","1 VISTA EXCHANGE GREEN #B1-39 SINGAPORE 059200"
"In-Mall & Building","West Mall","RESTAURANT","YOLE - WESTMALL","1 BUKIT BATOK CENTRAL LINK #01-K6 SINGAPORE 069405"
"In-Mall & Building","Bedok Mall","RESTAURANT","MYEUREKA - BEDOK","311 NEW UPPER CHANGI ROAD #B2-K10-02 SINGAPORE 089137"
"In-Mall & Building","Junction 8","RESTAURANT","MYEUREKA - JUNCTION 8","9 BISHAN PLACE #02-KIO - 04 SINGAPORE 049317"
"In-Mall & Building","Bugis Junction","RESTAURANT","HARRIANNS BUGIS","230 VICTORIA STREET #01-01A SINGAPORE 049317"
"In-Mall & Building","Holland Xchange","RESTAURANT","KOI - HLV","200 HOLLAND AVENUE #B1-06 SINGAPORE 049317"
"In-Mall & Building","Northpoint City","RESTAURANT","KOI - NPC","1 NORTHPOINT DRIVE #B2-157 SINGAPORE 079903"
"In-Mall & Building","Plaza Singapura","RESTAURANT","KOI - PLB","68 ORCHARD ROAD #B2-11 SINGAPORE 018981"
"In-Mall & Building","Tampines Mall","RESTAURANT","KOI - TML","4 TAMPINES CENTRAL 5 #02-K3B SINGAPORE 048619"
"In-Mall & Building","Tampines Mrt Station","RESTAURANT","KOI - TMP2","20 TAMPINES CENTRAL 1 #01-14 SINGAPORE 018984"
"In-Mall & Building","Bedok Mall","RESTAURANT","KOI - BDK","311 NEW UPPER CHANGI ROAD #01-97 SINGAPORE 058833"
"In-Mall & Building","Bedok Mall","RESTAURANT","KOI - BDK (KIOSK)","311 NEW UPPER CHANGI ROAD #01-97 SINGAPORE 078884"
"In-Mall & Building","Bugis+","RESTAURANT","KOI - BGS","201 VICTORIA STREET #01-01 SINGAPORE 058660"
"In-Mall & Building","Bugis+","RESTAURANT","KOI - BGS (KIOSK)","201 VICTORIA STREET #01-01 SINGAPORE 088808"
"In-Mall & Building","Junction 8","RESTAURANT","KOI - JC8","9 BISHAN PLACE #02-26 SINGAPORE 059015"
"In-Mall & Building","Junction 8","RESTAURANT","KOI - JC8 (KIOSK)","9 BISHAN PLACE #02-26 SINGAPORE 079009"
"In-Mall & Building","Westgate","RESTAURANT","KOI - JGY","3 GATEWAY DRIVE #B1-27 SINGAPORE 058779"
"In-Mall & Building","Westgate","RESTAURANT","KOI - JGY (KIOSK)","3 GATEWAY DRIVE #B1-27 SINGAPORE 058568"
"In-Mall & Building","NEX","RESTAURANT","KOI - NEX","23 SERANGOON CENTRAL #B1-07 SINGAPORE 058559"
"In-Mall & Building","NEX","RESTAURANT","KOI - NEX (KIOSK)","23 SERANGOON CENTRAL #B1-07 SINGAPORE 089839"
"In-Mall & Building","Punggol Waterway Point","RESTAURANT","KOI - PGL","83 PUNGGOL CENTRAL #B1-K2 SINGAPORE 089486"
"In-Mall & Building","Punggol Waterway Point","RESTAURANT","KOI - PGL (KIOSK)","83 PUNGGOL CENTRAL #B1-K2 SINGAPORE 058823"
"In-Mall & Building","Paya Lebar Quarter","RESTAURANT","KOI - PLQ","10 PAYA LEBAR ROAD #B1-02 SINGAPORE 088454"
"In-Mall & Building","Paya Lebar Quarter","RESTAURANT","KOI - PLQ (KIOSK)","10 PAYA LEBAR ROAD #B1-02 SINGAPORE 088462"
"Street","Paya Lebar Mrt Station","RESTAURANT","KOI -PYL","30 PAYA LEBAR ROAD #01-04 SINGAPORE 069114"
"In-Mall & Building","The Star Vista","RESTAURANT","SIGNATURE KOI -SVT","1 VISTA EXCHANGE GREEN #01-06 SINGAPORE 059243"
"Street","Jalan Sultan","RESTAURANT","HAINAN STORY - HOTEL BOSS (KIOSK)","500 JALAN SULTAN #01-09 SINGAPORE 058569"
"In-Mall & Building","One Raffles Place","RESTAURANT","THE ALLEY ORP","1 RAFFLES PLACE #B1-38 SINGAPORE 048618"
"Street","Holland Road","RESTAURANT","THE ALLEY HOLLAND","297 HOLLAND ROAD CALTEX STATION-- SINGAPORE 048616"
"In-Mall & Building","Marina Bay Link Mall","RESTAURANT","PLAYMADE - MBLM","8A MARINA BOULEVARD #B2-43 SINGAPORE 079903"
"In-Mall & Building","NEX","RESTAURANT","PLAYMADE - NEX","23 SERANGOON CENTRAL #04-17 SINGAPORE 058813"
"In-Mall & Building","Northpoint City","RESTAURANT","PLAYMADE - NORTHPOINT","1 NORTHPOINT DRIVE #01-154 SINGAPORE 082001"
"In-Mall & Building","Punggol Waterway Point","RESTAURANT","PLAYMADE - WATERWAY POINT","83 PUNGGOL CENTRAL #B1-K6 SINGAPORE 048616"
"In-Mall & Building","Westgate","RESTAURANT","PLAYMADE - WESTGATE","3 GATEWAY DRIVE #01-K1 SINGAPORE 049317"
"Street","Jalan Sultan","RESTAURANT","THE HAINAN STORY - HOTEL BOSS","500 JALAN SULTAN #01-09 SINGAPORE 018984"
"In-Mall & Building","Bugis+","RESTAURANT","JINJJA CHICKEN - BUGIS PLUS","201 VICTORIA STREET #01-11 SINGAPORE 079903"
"In-Mall & Building","Bugis+","RESTAURANT","JINJJA CHICKEN - BUGIS PLUS (KIOSK)","201 VICTORIA STREET #01-11 SINGAPORE 048581"
"In-Mall & Building","NEX","RESTAURANT","SHIHLIN TAIWAN -NS","23 SERANGOON CENTRAL #03-K12 SINGAPORE 058463"
"In-Mall & Building","IMM Building","RESTAURANT","SHIHLIN TAIWAN - I2","2 JURONG EAST STREET 21 #01-K03 SINGAPORE 018984"
"In-Mall & Building","I12 Katong","RESTAURANT","GELATISSIMO - I12 KATONG","112 EAST COAST ROAD #01-22 SINGAPORE 078884"
"In-Mall & Building","Northpoint City","RESTAURANT","SHIHLIN TAIWAN - NP","930 YISHUN AVENUE 2 #B1-44 SINGAPORE 059221"
"In-Mall & Building","I12 Katong","RESTAURANT","SO GOOD CHAR CHAN TENG - I12","112 EAST COAST ROAD #04-08/09 SINGAPORE 059213"
"In-Mall & Building","Junction 8","RESTAURANT","I LOVE TAIMEI - JUNCTION 8","9 BISHAN PLACE #B1-22 SINGAPORE 059219"
"In-Mall & Building","NEX","RESTAURANT","JINJJA CHICKEN - NEX","23 SERANGOON CENTRAL #B2-60/61 SINGAPORE 059226"
"In-Mall & Building","NEX","RESTAURANT","THE HAINAN STORY - NEX","23 SERANGOON CENTRAL #02-17 SINGAPORE 058781"
"In-Mall & Building","Marina Bay Link Mall","RESTAURANT","MOS BURGER - MARINA BAY LINK","8A MARINA BOULEVARD #B2-10 SINGAPORE 079903"
"Street","Pagoda Street","RESTAURANT","YOLE","30 PAGODA STREET SINGAPORE 058457"
"In-Mall & Building","Punggol Waterway Point","RESTAURANT","I LOVE TAIMEI-WATERWAY PT","83 PUNGGOL CENTRAL #B1-K5 SINGAPORE 069333"
"In-Mall & Building","Bedok Mall","RESTAURANT","SMILE MARTABAK - BEDOK","311 NEW UPPER CHANGI ROAD #01-03 SINGAPORE 088996"
"In-Mall & Building","The Star Vista","RESTAURANT","HARRIANN'S NONYA TABLE - STAR VISTA","1 VISTA EXCHANGE GREEN #01-49 SINGAPORE 059204"
"In-Mall & Building","Northpoint City","RESTAURANT","POTATO CORNER","930 YISHUN AVENUE 2 #B2-161 SINGAPORE 058800"
"In-Mall & Building","Siglap Centre","RETAIL","BEAUTY SALON PTE. LTD.","55 SIGLAP ROAD #02-03 SINGAPORE 058752"
"In-Mall & Building","The Star Vista","RESTAURANT","DEWGATHER","1 VISTA EXCHANGE GREEN #01-46 SINGAPORE 079903"
"Street","Teo Hong Road","RETAIL","99 OLD TREES","1 TEO HONG ROAD #01-01 SINGAPORE 058607"
"Street","Greenwood Avenue","RESTAURANT","NAMI","18 GREENWOOD AVENUE SINGAPORE 049317"
"In-Mall & Building","IMM Building","RESTAURANT","ENCIK TAN IMM","2 JURONG EAST STREET 21 #01-89 SINGAPORE 088326"
"In-Mall & Building","IMM Building","RESTAURANT","POPEYES - IMM","2 JURONG EAST STREET 21 #01-89 SINGAPORE 048616"
"In-Mall & Building","Bedok Mall","RESTAURANT","NAM KEE PAU BEDOK","311 NEW UPPER CHANGI ROAD #B2-K25 SINGAPORE 049317"
"In-Mall & Building","Bugis Junction","RESTAURANT","NAM KEE PAU BUGIS","200 VICTORIA STREET #B1-K14 SINGAPORE 048618"
"In-Mall & Building","One Raffles Place","RESTAURANT","SF FRUITS & JUICES - ONE RAFFLES PLACE","1 RAFFLES PLACE #B1-22 SINGAPORE 048618"
"In-Mall & Building","Junction 8","RESTAURANT","SF FRUITS & JUICES - JUNCTION 8","9 BISHAN PLACE #B1-K7 SINGAPORE 082001"
"In-Mall & Building","NEX","RESTAURANT","SF FRUITS & JUICES - NEX","23 SERANGOON CENTRAL #03-K1/K2 SINGAPORE 058805"
"Street","Fullerton Road","RESTAURANT","SF FRUITS & JUICES","3 FULLERTON ROAD #01-05 SINGAPORE 089607"
"In-Mall & Building","Raffles Xchange","RESTAURANT","SF FRUITS & JUICES","5 RAFFLES PLACE #B1-01/04/05 SINGAPORE 082001"
"In-Mall & Building","Bedok Mall","RESTAURANT","SF FRUITS & JUICES - BEDOK MALL","311 NEW UPPER CHANGI ROAD #B2-K15 SINGAPORE 058461"
"In-Mall & Building","Tampines Mall","RESTAURANT","SF FRUITS & JUICES - TAMPINES MALL","4 TAMPINES CENTRAL 5 #B1-K12 SINGAPORE 049317"
"In-Mall & Building","NEX","RESTAURANT","YOLE - NEX","23 SERANGOON CENTRAL #03-K19 SINGAPORE 058770"
"In-Mall & Building","Bedok Mall","RESTAURANT","FOUR LEAVES - BDM","311 NEW UPPER CHANGI ROAD #B2-56 SINGAPORE 049318"
"In-Mall & Building","Bugis Junction","RESTAURANT","FOUR LEAVES - SYB","200 VICTORIA STREET #B1-14/15 SINGAPORE 018984"
"In-Mall & Building","Plaza Singapura","RESTAURANT","EPIDO'R - PSG","68 ORCHARD ROAD #B2-24 SINGAPORE 079903"
"In-Mall & Building","IMM Building","RESTAURANT","FOUR LEAVES - IMM","2 JURONG EAST STREET 21 #01-44/45 SINGAPORE 069696"
"In-Mall & Building","Tampines Mall","RESTAURANT","FOUR LEAVES - TPM","4 TAMPINES CENTRAL 5 #B1-22 SINGAPORE 049317"
"In-Mall & Building","Junction 8","RESTAURANT","FOUR LEAVES - BS","9 BISHAN PLACE #B1-10 SINGAPORE 079007"
"In-Mall & Building","Punggol Waterway Point","RESTAURANT","COUNTRY BROT - WWP","83 PUNGGOL CENTRAL #B2-31 SINGAPORE 048616"
"In-Mall & Building","The Star Vista","RESTAURANT","FOUR LEAVES - BVT","1 VISTA EXCHANGE GREEN #B1-33 SINGAPORE 088993"
"In-Mall & Building","Lot One","RESTAURANT","FOUR LEAVES - CCK","21 CHOA CHU KANG AVENUE 4 #B1-K14 SINGAPORE 088506"
"In-Mall & Building","NEX","RESTAURANT","FOUR LEAVES - SRG","23 SERANGOON CENTRAL #B2-43 SINGAPORE 080333"
"In-Mall & Building","West Mall","RESTAURANT","FOUR LEAVES - WM","1 BUKIT BATOK CENTRAL LINK #01-34/35 SINGAPORE 049317"
"In-Mall & Building","Northpoint City","RESTAURANT","COUNTRY BROT - NP","930 YISHUN AVENUE 2 #B1-04 SINGAPORE 048616"
"In-Mall & Building","Northpoint City","RESTAURANT","SEORAE KOREAN BBQ - NORTHPOINT","930 YISHUN AVENUE 2 #B1-37 SINGAPORE 049317"
"In-Mall & Building","One Raffles Place","RESTAURANT","WHISKDOM - ONE RAFFLES PLACE","1 RAFFLES PLACE #B1-06 SINGAPORE 079903"
"In-Mall & Building","Parkway Parade","RESTAURANT","FOUR LEAVES - KT","80 MARINE PARADE ROAD #B1-80 SINGAPORE 058772"
"Street","East Coast Road","RESTAURANT","AN ACAI AFFAIR EAST COAST","101 EAST COAST ROAD SINGAPORE 048762"
"In-Mall & Building","Northpoint City","RESTAURANT","LLAO LLAO - NORTHPOINT CITY","1 NORTHPOINT DRIVE #01-133 SINGAPORE 048618"
"In-Mall & Building","IMM Building","RESTAURANT","KRISPY KREME - IMM","2 JURONG EAST STREET 21 #01-K06 SINGAPORE 018984"
"In-Mall & Building","Northpoint City","RESTAURANT","KRISPY KREME - NORTHPOINT CITY","1 NORTHPOINT DRIVE #01-133A SINGAPORE 049317"
"In-Mall & Building","NEX","RESTAURANT","AN ACAI AFFAIR - SERANGOON","23 SERANGOON CENTRAL #B2-53 SINGAPORE 059025"
"Street","Arab Street","RESTAURANT","% ARABICA","56 ARAB STREET #01-01 SINGAPORE 049317"
"Street","Jalan Merah Saga","RESTAURANT","% ARABICA","44 JALAN MERAH SAGA #01-58 SINGAPORE 079903"
"In-Mall & Building","IMM Building","RESTAURANT","NAM KEE PAU IMM","2 JURONG EAST STREET 21 #01-K01 SINGAPORE 048581"
"In-Mall & Building","Junction 8","RESTAURANT","NAM KEE PAU J8","9 BISHAN PLACE #B1-K4 SINGAPORE 049318"
"In-Mall & Building","Northpoint City","RESTAURANT","NAM KEE PAU NORTHPOINT","930 YISHUN AVENUE 2 #B1-18 SINGAPORE 048622"
"In-Mall & Building","One Raffles Place","RESTAURANT","KOI - ONE RAFFLES PLACE","1 RAFFLES PLACE #B1-09 SINGAPORE 048581"
"In-Mall & Building","Bedok Mall","RESTAURANT","TAMJAI SAMGOR MIXIAN","311 NEW UPPER CHANGI ROAD #B1-52 SINGAPORE 058917"
"In-Mall & Building","Lot One","RESTAURANT","TAMJAI SAMGOR MIXIAN","21 CHOA CHU KANG AVENUE 4 #B1-10/11 SINGAPORE 058581"
"In-Mall & Building","Junction 8","RESTAURANT","TAMJAI SAMGOR MIXIAN","9 BISHAN PLACE #B1-20 SINGAPORE 079903"
"In-Mall & Building","Plaza Singapura","RESTAURANT","NAM KEE PAU PLAZA SING","68 ORCHARD ROAD #B2-25 SINGAPORE 049318"
"In-Mall & Building","Punggol Waterway Point","RESTAURANT","AN ACAI AFFAIR-PUNGGOL","83 PUNGGOL CENTRAL #01-K13/K14 SINGAPORE 058917"
"Street","Haji Lane","RESTAURANT","AN ACAI AFFAIR - HAJI LANE","44 HAJI LANE SINGAPORE 079027"
"In-Mall & Building","The Star Vista","RESTAURANT","AN ACAI AFFAIR - STAR VISTA","1 VISTA EXCHANGE GREEN #02-28 SINGAPORE 069865"
"In-Mall & Building","Guoco Tower","RESTAURANT","M&T","5 WALLICH STREET #01-12 SINGAPORE 069468"
"In-Mall & Building","Westgate","RESTAURANT","MIAM MIAM","3 GATEWAY DRIVE #02-27/29 SINGAPORE 088859"
"In-Mall & Building","Bugis Junction","RESTAURANT","MIAM MIAM","200 VICTORIA STREET #02-14 SINGAPORE 048616"
"In-Mall & Building","The Star Vista","RESTAURANT","NAM KEE PAU STAR VISTA","1 VISTA EXCHANGE GREEN #B1-40A SINGAPORE 058825"
"Street","Neil Road","RESTAURANT","THE COFFEE CODE SINGAPORE","37 NEIL ROAD SINGAPORE 058830"
"Street","Arab Street","RESTAURANT","GO TARBOUSH","123 ARAB STREET SINGAPORE 058345"
"Street","Kandahar Street","RESTAURANT","TASH TISH TOSH","50 KANDAHAR STREET SINGAPORE 050034"
"Street","East Coast Park","RESTAURANT","TASH TISH TOSH - MARINE COVE","1000 EAST COAST PARKWAY #01-02 SINGAPORE 058964"
"Street","Keong Saik Road","RESTAURANT","ACQUA E FARINA KEONG SAIK","35A KEONG SAIK ROAD SINGAPORE 050004"
"Street","Tanjong Katong Road","RESTAURANT","BRUNO'S PIZZERIA&GRILL LLP","344 TANJONG KATONG ROAD SINGAPORE 058669"
"In-Mall & Building","Bugis Junction","RESTAURANT","CHOU NIANG BUGIS","200 VICTORIA STREET #B1-KIO10 /K10/11 SINGAPORE 058615"
"In-Mall & Building","Parkway Parade","RESTAURANT","SMOOY","80 MARINE PARADE ROAD #B1-83E SINGAPORE 079903"
"Street","Erskine Road","RESTAURANT","MR KNEADY'S","33 ERSKINE ROAD #01-11 SINGAPORE 079903"
"Street","Erskine Road","RESTAURANT","MY FAVORITE CAKE SHOP","33 ERSKINE ROAD #01-05 SINGAPORE 089816"
"Street","Cecil Street","RESTAURANT","SUPERGREEN","182 CECIL STREET #02-04 SINGAPORE 049705"
"In-Mall & Building","One Raffles Quay","RESTAURANT","SMP - KOPI ONG","1 RAFFLES QUAY #B2-01 SINGAPORE 058476"
"In-Mall & Building","The Star Vista","RESTAURANT","SUPERGREEN - STAR VISTA","1 VISTA EXCHANGE GREEN #02-27 SINGAPORE 049215"
"In-Mall & Building","International Plaza","RESTAURANT","SUPERGREEN IP","10 ANSON ROAD #01-39 SINGAPORE 059225"
"In-Mall & Building","Marina Bay Financial Centre","RESTAURANT","KOPI ONG - MBFC","12 MARINA BOULEVARD #01-04 SINGAPORE 058466"
"In-Mall & Building","Guoco Tower","RESTAURANT","RANDY INDULGENCE","7 WALLICH STREET #B1-10 SINGAPORE 059229"
"In-Mall & Building","Plaza Singapura","RESTAURANT","RANDY INDULGENCE ACAI BAR","68 ORCHARD ROAD #03-21A SINGAPORE 049325"
"In-Mall & Building","One Raffles Place","RESTAURANT","NAMINO HANA","1 RAFFLES PLACE #B1-23 SINGAPORE 018984"
"Street","Bussorah Street","RESTAURANT","QUENCHERS","38 BUSSORAH STREET SINGAPORE 058607"
"In-Mall & Building","One Raffles Place","RESTAURANT","RANDY INDULGENCE - ONE RAFFLES PLACE","1 RAFFLES PLACE #B1-39 SINGAPORE 049325"
"Street","Upper Cross Street","RESTAURANT","SPRING COURT RESTAURANT P/L","52 - 56 UPPER CROSS STREET SINGAPORE 068600"
"Street","Beach Road","RESTAURANT","PARK VIEW HOTEL PTE LTD","81 BEACH ROAD SINGAPORE 018984"
"In-Mall & Building","Westgate","RESTAURANT","XIANG XIANG HUNAN CUISINE - WESTGATE","3 GATEWAY DRIVE #04-42 SINGAPORE 069690"
"In-Mall & Building","NEX","RESTAURANT","XIANG XIANG HUNAN CUISINE - NEX","23 SERANGOON CENTRAL #B1-41/42/43 SINGAPORE 048622"
"In-Mall & Building","Bugis+","RESTAURANT","NAN YANG DAO - BUGIS +","201 VICTORIA STREET #04-08A SINGAPORE 082001"
"In-Mall & Building","The Star Vista","RESTAURANT","NAN YANG DAO - THE STAR VISTA","1 VISTA EXCHANGE GREEN #B1-11 SINGAPORE 082001"
"In-Mall & Building","Parkway Parade","RESTAURANT","NAN YANG DAO - PARKWAY PARADE","80 MARINE PARADE ROAD #01-17A SINGAPORE 048616"
"Street","Mohamed Sultan Road","RESTAURANT","META RESTAURANT","9 MOHAMED SULTAN ROAD SINGAPORE 068632"
"Street","Stanley Street","RESTAURANT","TAPASU OYSTER GASTRO BAR","29 STANLEY STREET #01-01 SINGAPORE 079903"
"Street","Tan Quee Lan Street","RESTAURANT","JOO","5 TAN QUEE LAN STREET SINGAPORE 069252"
"Street","Upper East Coast Road","RESTAURANT","PASTA FRESCA DA SALVATORE","9 UPPER EAST COAST ROAD #01-01 SINGAPORE 079903"
"Street","Tras Street","RESTAURANT","PULSII PTE LTD","55 TRAS STREET #01-01 SINGAPORE 082001"
"In-Mall & Building","Duo","RESTAURANT","SEROJA","7 FRASER STREET #01-30/31/32/33/34 SINGAPORE 079903"
"Street","Tanjong Pagar Road","RESTAURANT","FIVE OARS COFFEE ROASTERS HERITAGE","43 TANJONG PAGAR ROAD #01-01 SINGAPORE 079903"
"Street","East Coast Road","RESTAURANT","BURMA SOCIAL - SIGLAP","907 EAST COAST ROAD #01-02 SINGAPORE 079903"
"Street","Duxton Road","RESTAURANT","RAPPU HANDROLL BAR","52 DUXTON ROAD SINGAPORE 088441"
"In-Mall & Building","IMM Building","RESTAURANT","EATPIZZA-I2","2 JURONG EAST STREET 21 #01-K11 SINGAPORE 079903"
"In-Mall & Building","Plaza Singapura","RESTAURANT","THEJELLYHEARTS -PLAZA SINGAPURA","68 ORCHARD ROAD #B2-61 SINGAPORE 082001"
"Street","Joo Chiat Place","RESTAURANT","KIM CHOO KUEH CHANG - JOO CHIAT","60 JOO CHIAT PLACE SINGAPORE 082001"
"In-Mall & Building","Westgate","RESTAURANT","ZUS COFFEE - WESTGATE","3 GATEWAY DRIVE #02-25/26 SINGAPORE 048616"
"In-Mall & Building","Plaza Singapura","RESTAURANT","EATPIZZA-PS","68 ORCHARD ROAD #B2-38 SINGAPORE 079027"
"Street","Middle Road","RESTAURANT","TOM'S PALETTE","51 MIDDLE ROAD #01-01 SINGAPORE 089824"
"Street","Serangoon Garden Way","RESTAURANT","CHUN CHUN TIAN MI","66A SERANGOON GARDEN WAY SINGAPORE 069119"
"In-Mall & Building","Guoco Tower","RESTAURANT","NANA S GREEN TEA - GUOCO TOWER","7 WALLICH STREET #01-07 SINGAPORE 078884"
"In-Mall & Building","Holland Piazza","RESTAURANT","BIRDS OF PARADISE","3 LORONG LIPUT #01-01 SINGAPORE 079903"
"In-Mall & Building","Westgate","RESTAURANT","FLIPPER'S SINGAPORE (WESTGATE)","3 GATEWAY DRIVE #01-42 SINGAPORE 079027"
"In-Mall & Building","Myvillage - Serangoon","RESTAURANT","CELINE'S GELATO","1 MAJU AVENUE #01-04 SINGAPORE 079903"
"In-Mall & Building","Republic Plaza","RESTAURANT","JOE & DOUGH - REPUBLIC PLAZA","9 RAFFLES PLACE #02-03 SINGAPORE 049705"
"In-Mall & Building","Punggol Waterway Point","RESTAURANT","NAM KEE PAU WATERWAY","83 PUNGGOL CENTRAL #01-K3 SINGAPORE 078884"
"Street","Cecil Street","RESTAURANT","FUJI IZAKAYA & OYSTER BAR","182 CECIL STREET #02-12/13 SINGAPORE 079011"
"In-Mall & Building","NEX","RESTAURANT","BASKIN ROBBINS - NEX","23 SERANGOON CENTRAL #01-K4/K5 SINGAPORE 082001"
"In-Mall & Building","Bedok Mall","RESTAURANT","BASKIN ROBBINS - BEDOK MALL","311 NEW UPPER CHANGI ROAD #B1-K1/K2/K3 SINGAPORE 069433"
"In-Mall & Building","Northpoint City","RESTAURANT","BASKIN ROBBINS - NORTHPOINT","1 NORTHPOINT DRIVE #01-135/136 SINGAPORE 069333"
"In-Mall & Building","Tampines Mall","RESTAURANT","KENANGAN COFFEE - TAMPINES MALL","4 TAMPINES CENTRAL 5 #01-48 SINGAPORE 088509"
"In-Mall & Building","Punggol Waterway Point","RESTAURANT","GONG YUAN MALA TANG - WATERWAY PT","83 PUNGGOL CENTRAL #02-21 SINGAPORE 079903"
"Street","Seng Poh Road","RESTAURANT","TIANN'S","71 SENG POH ROAD #01-35 SINGAPORE 058829"
"In-Mall & Building","West Mall","RESTAURANT","NAM KEE PAU WEST MALL","1 BUKIT BATOK CENTRAL LINK #B1-04 SINGAPORE 058592"
"In-Mall & Building","Punggol Waterway Point","RESTAURANT","PAPPARICH","83 PUNGGOL CENTRAL #B1-17 SINGAPORE 079903"
"In-Mall & Building","Northpoint City","RESTAURANT","JOE & DOUGH - NORTHPOINT","930 YISHUN AVENUE 2 #01-118/119 SINGAPORE 079903"
"Street","Eng Hoon Street","RESTAURANT","CAFFE PRALET BY CREATIVE CULINAIRE PTE","17 ENG HOON STREET #01-04 SINGAPORE 079903"
"In-Mall & Building","Duo","RESTAURANT","JOE & DOUGH FRASER STREET","7 FRASER STREET #01-34/35 SINGAPORE 068593"
"In-Mall & Building","Plaza Singapura","RESTAURANT","NANA S GREEN TEA - PLAZA SINGAPURA","60B ORCHARD ROAD #03-80/82 SINGAPORE 048261"
"In-Mall & Building","Duo","RESTAURANT","NANA S GREEN TEA - DUO","7 FRASER STREET #01-38/39 SINGAPORE 081007"
"In-Mall & Building","Duo","RESTAURANT","POKE THEORY DUO GALLERIA","7 FRASER STREET #01-36/37 SINGAPORE 079327"
"In-Mall & Building","One Raffles Place","RESTAURANT","Y CAFE","1 RAFFLES PLACE #02-28 SINGAPORE 048622"
"In-Mall & Building","Change Alley","RESTAURANT","POKE THEORY CHANGE ALLEY MALL","30 RAFFLES PLACE #01-18 SINGAPORE 089825"
"Street","Trengganu Street","RESTAURANT","YUM CHA RESTAURANT PTE LTD","20 TRENGGANU STREET #02-01 SINGAPORE 088526"
"Street","East Coast Road","RESTAURANT","KIM CHOO KUEH CHANG PTE LTD","109 EAST COAST ROAD SINGAPORE 089680"
"Street","Bali Lane","RESTAURANT","PUNJABY DAWAT","9 BALI LANE SINGAPORE 079027"
"Street","Telok Ayer Street","RESTAURANT","LLUVIA","145 TELOK AYER STREET SINGAPORE 059190"
"In-Mall & Building","Tanjong Pagar Plaza","RESTAURANT","BLUEMIST PTE LTD","7 TANJONG PAGAR PLAZA #01-103 SINGAPORE 069429"
"Street","Bukit Pasoh Road","RESTAURANT","BEATS BITES & COCKTAILS","8 BUKIT PASOH ROAD SINGAPORE 058680"
"Street","Telok Ayer Street","RESTAURANT","SARNIES CAFE","136 TELOK AYER STREET SINGAPORE 048616"
"In-Mall & Building","Tampines Mall","RESTAURANT","J CO DONUTS - TAMPINES MALL","4 TAMPINES CENTRAL 5 #01-38 SINGAPORE 082001"
"Street","Telok Ayer Street","RESTAURANT","ROYZ ET VOUS","137 TELOK AYER STREET #01-01 SINGAPORE 049318"
"In-Mall & Building","Lot One","RESTAURANT","PRIMADELI LOT ONE","21 CHOA CHU KANG AVENUE 4 #B1-K25 SINGAPORE 078884"
"Street","Lorong Liput","RESTAURANT","TAI CHEONG BAKERY_HOLLAND VILLAGE","31 LORONG LIPUT SINGAPORE 089147"
"In-Mall & Building","Bugis+","RESTAURANT","J CO DONUTS - BUGIS PLUS","201 VICTORIA STREET #01-03 SINGAPORE 058569"
"In-Mall & Building","Hong Leong Building","RESTAURANT","ALCHEMIST - HONG LEONG BUILDING","16 RAFFLES QUAY #01-08 SINGAPORE 079014"
"In-Mall & Building","Junction 8","RESTAURANT","CHOCOLATE ORIGIN JUNCTION 8","9 BISHAN PLACE #02-33 SINGAPORE 068735"
"In-Mall & Building","Change Alley","RESTAURANT","THE SANDWICH SHOP - COLLYER QUAY","16 COLLYER QUAY #01-04 SINGAPORE 049178"
"Street","Craig Road","RESTAURANT","BIRDS OF PARADISE","53 CRAIG ROAD #01-01 SINGAPORE 089522"
"Street","East Coast Road","RESTAURANT","BIRDS OF PARADISE","63 EAST COAST ROAD #01-05 SINGAPORE 049705"
"In-Mall & Building","Bugis Junction","RESTAURANT","FLIPPER'S PANCAKE (BUGIS)","80 MIDDLE ROAD #01-97 SINGAPORE 068606"
"In-Mall & Building","NEX","RESTAURANT","GONG YUAN MALA TANG-NEX","23 SERANGOON CENTRAL #03-17 SINGAPORE 058706"
"Street","Mccallum Street","RESTAURANT","6OZ ESPRESSO BAR TOKIO MARINE CENTRE","20 MCCALLUM STREET #01-K1 SINGAPORE 068589"
"In-Mall & Building","Change Alley","RESTAURANT","6OZ ESPRESSO BAR CHANGE ALLEY","30 RAFFLES PLACE #01-10 SINGAPORE 058711"
"In-Mall & Building","Northpoint City","RESTAURANT","GONG YUAN MALA TANG - NORTHPOINT CITY","930 YISHUN AVENUE 2 #B1-153 SINGAPORE 082001"
"In-Mall & Building","Northpoint City","RESTAURANT","PAPPARICH PLUS","1 NORTHPOINT DRIVE #02-139/140 SINGAPORE 058345"
"Street","Beach Road","RESTAURANT","BIRDS OF PARADISE (BEACH ROAD )","263 BEACH ROAD SINGAPORE 079903"
"In-Mall & Building","Northpoint City","RESTAURANT","COCONUTNUT - NORTH POINT","1 NORTHPOINT DRIVE #B2-127 SINGAPORE 082001"
"In-Mall & Building","Northpoint City","RESTAURANT","HAIG ROAD PUTU PIRING - NORTHPOINT CIT","1 NORTHPOINT DRIVE #B2-146 SINGAPORE 048616"
"In-Mall & Building","Plaza Singapura","RESTAURANT","KILLINEY- PLAZA SINGAPURA","68 ORCHARD ROAD #B2-35/36 SINGAPORE 079007"
"Street","Jalan Klapa","RESTAURANT","PENNY UNIVERSITY","17 JALAN KLAPA SINGAPORE 078973"
"In-Mall & Building","Punggol Waterway Point","RESTAURANT","CHICHA SANCHEN - WATERWAY POINT","83 PUNGGOL CENTRAL #01-42 SINGAPORE 078982"
"In-Mall & Building","The Star Vista","RESTAURANT","CHICHA SANCHEN -STAR VISTA","1 VISTA EXCHANGE GREEN #02-28B SINGAPORE 038983"
"In-Mall & Building","Plaza Singapura","RESTAURANT","CHICHA SANCHEN - PLAZA SING","68 ORCHARD ROAD #B1-K7 SINGAPORE 059422"
"In-Mall & Building","Northpoint City","RESTAURANT","CHICHA SANCHEN - NORTHPOINT","930 YISHUN AVENUE 2 #B2-01 SINGAPORE 079903"
"In-Mall & Building","NEX","RESTAURANT","CHICHA SANCHEN - NEX","23 SERANGOON CENTRAL #02-13A SINGAPORE 049705"
"In-Mall & Building","Lot One","RESTAURANT","CHICHA SANCHEN - LOT ONE MALL","21 CHOA CHU KANG AVENUE 4 #01-05 SINGAPORE 079903"
"In-Mall & Building","Bedok Mall","RESTAURANT","CHICHA SANCHEN - BEDOK MALL","311 NEW UPPER CHANGI ROAD #B2-24A SINGAPORE 048616"
"In-Mall & Building","Northpoint City","RESTAURANT","POPEYES - NORTHPOINT CITY NORTH WING","930 YISHUN AVENUE 2 #01-15 SINGAPORE 018984"
"Street","Yong Siak Street","RESTAURANT","CREAMIER - TIONG BAHRU","78 YONG SIAK STREET #01-18 SINGAPORE 068592"
"Street","Arab Street","RETAIL","ARIA CARPETS PTE LTD","100 ARAB STREET SINGAPORE 069547"
"Street","Arab Street","RETAIL","AL REHMAT TRADING PTE LTD","45 ARAB STREET SINGAPORE 049705"
"Street","Arab Street","RETAIL","SARVAN CARPETS PTE LTD","49 ARAB STREET SINGAPORE 058671"
"In-Mall & Building","Holland Road Shopping Centre","RETAIL","ROYAL CARPETS & HANDICRAFTS","211 HOLLAND AVENUE #02-22 SINGAPORE 018984"
"Street","Arab Street","RETAIL","SERAPI CARPETS PTE LTD","86 ARAB STREET SINGAPORE 079903"
"Street","Arab Street","RETAIL","LUXURY CARPETS PTE LTD","80 ARAB STREET SINGAPORE 069883"
"In-Mall & Building","NEX","RETAIL","BRAUN BUFFEL - NEX","23 SERANGOON CENTRAL #01-41 SINGAPORE 059190"
"In-Mall & Building","Parkway Parade","RETAIL","BRAUN BUFFEL - PARKWAY PARADE","80 MARINE PARADE ROAD #01-47/48 SINGAPORE 079903"
"In-Mall & Building","Westgate","RETAIL","BRAUD BUFFEL WESTGATE MALL","3 GATEWAY DRIVE #01-38 SINGAPORE 088843"
"Street","Keong Saik Road","RETAIL","BACCHIC","37 KEONG SAIK ROAD SINGAPORE 018984"
"In-Mall & Building","Holland Road Shopping Centre","RETAIL","BEER FORCE PTE LTD","211 HOLLAND AVENUE #02-12 SINGAPORE 079903"
"Street","South Bridge Road","RETAIL","FENGJIU FLAGSHIP STORE","260 SOUTH BRIDGE ROAD SINGAPORE 059029"
"In-Mall & Building","Parkway Parade","RETAIL","MANNEQUEEN","80 MARINE PARADE ROAD #02-58 SINGAPORE 079027"
"In-Mall & Building","Plaza Singapura","RETAIL","BALABALA","68 ORCHARD ROAD #04-15/16 SINGAPORE 079027"
"In-Mall & Building","Lot One","RETAIL","HLA - LOT 1","21 CHOA CHU KANG AVENUE 4 #01-23 SINGAPORE 689812"
"In-Mall & Building","Plaza Singapura","RESTAURANT","85 REDHILL - PS","68 ORCHARD ROAD #B2-39 SINGAPORE 238839"
"Street","Bussorah Street","RETAIL","COSTUME STAR LLP","61 BUSSORAH STREET SINGAPORE 199477"
"In-Mall & Building","Bedok Mall","RESTAURANT","ENCIK TAN - BEDOK MALL","311 NEW UPPER CHANGI ROAD #B1-41/42 SINGAPORE 467360"
"In-Mall & Building","Northpoint City","RESTAURANT","ENCIK TAN - NORTHPOINT","930 YISHUN AVENUE 2 #01-07 SINGAPORE 769098"
"In-Mall & Building","Punggol Waterway Point","RESTAURANT","ENCIK TAN - WATERWAY PT","83 PUNGGOL CENTRAL #B2-03 SINGAPORE 828761"
"In-Mall & Building","One Raffles Place","RETAIL","SLADY","1 RAFFLES PLACE #04-24/25 SINGAPORE 048616"
"In-Mall & Building","West Mall","RESTAURANT","ENCIK TAN - WEST MALL","1 BUKIT BATOK CENTRAL LINK #01-01/36 SINGAPORE 068615"
"In-Mall & Building","IMM Building","RETAIL","OUTLETSHOP GOLDLION","2 JURONG EAST STREET 21 #01-30 SINGAPORE 088512"
"Street","Bussorah Street","RETAIL","RATIANAH","23 BUSSORAH STREET SINGAPORE 049325"
"In-Mall & Building","Bugis Junction","RETAIL","FRED PERRY BUGIS","200 VICTORIA STREET #02-10A SINGAPORE 069705"
"Street","Telok Ayer Street","RETAIL","DYLAN & SON PTE LTD - TELOK AYER","161B TELOK AYER STREET SINGAPORE 049317"
"In-Mall & Building","Northpoint City","RESTAURANT","EAT - NORTHPOINT","930 YISHUN AVENUE 2 #B2-14 SINGAPORE 069791"
"Street","Tanjong Pagar Road","RETAIL","MICHAEL TRIO -TANJONG PAGAR","91 TANJONG PAGAR ROAD SINGAPORE 069900"
"In-Mall & Building","IMM Building","RETAIL","EVISU - IMM","2 JURONG EAST STREET 21 #01-119 SINGAPORE 068585"
"In-Mall & Building","The Star Vista","RETAIL","MIZ APPARELS STAR VISTA","1 VISTA EXCHANGE GREEN #01-25A SINGAPORE 079903"
"In-Mall & Building","Bugis Junction","RETAIL","EICHITOO","200 VICTORIA STREET #01-24/24A/25/25A SINGAPORE 018984"
"In-Mall & Building","Holland Road Shopping Centre","RETAIL","LIM MENG KENG DEPT STORE","211 HOLLAND AVENUE #02-18 SINGAPORE 069427"
"In-Mall & Building","Northpoint City","RETAIL","GOLDLION BOUTIQUE","1 NORTHPOINT DRIVE #01-181 SINGAPORE 059200"
"Street","Collyer Quay","RETAIL","XZ MODA - CLIFFORD CTR","62 COLLYER QUAY #02-09 SINGAPORE 069405"
"Street","Eng Hoon Street","RETAIL","GRAYE - TIONG BAHRU","57 ENG HOON STREET #01-86 SINGAPORE 089137"
"In-Mall & Building","Junction 8","RETAIL","CITRUSOX","9 BISHAN PLACE #02-K001 SINGAPORE 049317"
"In-Mall & Building","Plaza Singapura","RETAIL","CITRUSOX","68 ORCHARD ROAD #B1-K1 SINGAPORE 049317"
"In-Mall & Building","IMM Building","RETAIL","HUSH PUPPIES APPAREL-IMM","2 JURONG EAST STREET 21 #01-62 SINGAPORE 049317"
"In-Mall & Building","Northpoint City","RETAIL","HUSH PUPPIES APPAREL","930 YISHUN AVENUE 2 #02-19 SINGAPORE 079903"
"In-Mall & Building","Northpoint City","RETAIL","WINTERTIME - NORTHPOINT","1 NORTHPOINT DRIVE #02-144/145 SINGAPORE 018981"
"In-Mall & Building","Parkway Parade","RETAIL","WINTER TIME PARKWAY PARADE","80 MARINE PARADE ROAD #02-21/22 SINGAPORE 048619"
"Street","Arab Street","RETAIL","ALJUNIED BROTHERS","95 ARAB STREET SINGAPORE 018984"
"Street","Ann Siang Road","RETAIL","MARGO & SMITH","25 ANN SIANG ROAD #02-00 SINGAPORE 058833"
"Street","Arab Street","RETAIL","SOFIYA DESIGNS","57 ARAB STREET #01-00 SINGAPORE 078884"
"In-Mall & Building","Plaza Singapura","RETAIL","SGP PLAZA SINGAPURA","68 ORCHARD ROAD #02-07/08 SINGAPORE 058660"
"In-Mall & Building","IMM Building","RETAIL","BOSSINI - IMM","2 JURONG EAST STREET 21 #01-56 SINGAPORE 088808"
"In-Mall & Building","Junction 8","RETAIL","OH SUNNY","9 BISHAN PLACE #02-K1/K7 SINGAPORE 059015"
"In-Mall & Building","IMM Building","RETAIL","OH SUNNY","2 JURONG EAST STREET 21 #01-79 SINGAPORE 079009"
"In-Mall & Building","Northpoint City","RETAIL","MOLEY APPARELS","1 NORTHPOINT DRIVE #02-152 SINGAPORE 058779"
"In-Mall & Building","Holland Road Shopping Centre","RETAIL","WELLIE BATIK FASHIONS","211 HOLLAND AVENUE #03-06B SINGAPORE 058568"
"In-Mall & Building","The Arcade","RETAIL","LYN S APPAREL","11 COLLYER QUAY #03-07A SINGAPORE 058559"
"In-Mall & Building","Bugis Junction","RETAIL","KAPPA","200 VICTORIA STREET #02-18B SINGAPORE 089839"
"In-Mall & Building","Bugis Junction","RETAIL","ALCOHOLIDAY","200 VICTORIA STREET #03-10D SINGAPORE 089486"
"In-Mall & Building","Plaza Singapura","RETAIL","FROM THERE ON","68 ORCHARD ROAD #B1-31/33 SINGAPORE 058823"
"Street","Bugis Street","RETAIL","RECOIL BUGIS STREET","3 NEW BUGIS STREET #01-CFL/E5 SINGAPORE 088454"
"In-Mall & Building","NEX","RETAIL","KIYO","23 SERANGOON CENTRAL #B1-20 SINGAPORE 088462"
"In-Mall & Building","Westgate","RETAIL","BEGA WESTGATE","3 GATEWAY DRIVE #02-10 SINGAPORE 069114"
"In-Mall & Building","Bedok Mall","RETAIL","BEGA BEDOK MALL","311 NEW UPPER CHANGI ROAD #01-62/63 SINGAPORE 059243"
"In-Mall & Building","NEX","RETAIL","BEGA NEX MALL","23 SERANGOON CENTRAL #B1-48/49 SINGAPORE 058569"
"In-Mall & Building","Northpoint City","RETAIL","VANHEUSEN THE BELT SHOP NORTHPOINT","930 YISHUN AVENUE 2 #02-01/02 SINGAPORE 048618"
"In-Mall & Building","Westgate","RETAIL","MOLEY - WESTGATE","3 GATEWAY DRIVE #B1-40 SINGAPORE 048616"
"In-Mall & Building","Bedok Mall","RETAIL","BOSSINI BEDOK MALL","311 NEW UPPER CHANGI ROAD #01-67/68 SINGAPORE 079903"
"In-Mall & Building","Tampines Mall","RETAIL","BOSSINI TAMPINES MALL","4 TAMPINES CENTRAL 5 #02-18A SINGAPORE 058813"
"In-Mall & Building","Bedok Mall","RETAIL","SURFERS PARADISE","311 NEW UPPER CHANGI ROAD #01-57 - 59 SINGAPORE 082001"
"In-Mall & Building","Northpoint City","RETAIL","HANG TEN","930 YISHUN AVENUE 2 #02-48 SINGAPORE 048616"
"In-Mall & Building","NEX","RETAIL","HANG TEN","23 SERANGOON CENTRAL #01-88 SINGAPORE 049317"
"Street","Ann Siang Hill","RETAIL","MASON AND SMITH","7 ANN SIANG HILL #01-01 SINGAPORE 018984"
"Street","Haji Lane","RETAIL","KKAHLEEINOE APPAREL","2 HAJI LANE #02-01 SINGAPORE 079903"
"In-Mall & Building","Bugis Junction","RETAIL","NATURAL PROJECT BUGIS JUNCTION","200 VICTORIA STREET #02-04 SINGAPORE 048581"
"In-Mall & Building","Bugis Junction","RETAIL","RECOIL - REINVENTING YOUR STYLE","200 VICTORIA STREET #03-21/22A SINGAPORE 058463"
"In-Mall & Building","Westgate","RETAIL","ROGUE BY BARRACKS","3 GATEWAY DRIVE #02-12 SINGAPORE 018984"
"Street","Arab Street","RETAIL","KASHKHA","65 ARAB STREET SINGAPORE 078884"
"In-Mall & Building","Westgate","RETAIL","RECOIL-REINVENTING YOUR STYLE","3 GATEWAY DRIVE #02-43 SINGAPORE 059221"
"In-Mall & Building","Bedok Mall","RESTAURANT","EAT - BEDOK MALL","311 NEW UPPER CHANGI ROAD #B2-K14 SINGAPORE 059213"
"In-Mall & Building","Holland Road Shopping Centre","RETAIL","NEW KIM DRESSMAKER","211 HOLLAND AVENUE #02-29 SINGAPORE 059219"
"In-Mall & Building","Plaza Singapura","RETAIL","SUPERGURL","68 ORCHARD ROAD #B1-15 SINGAPORE 059226"
"Street","Amoy Street","RETAIL","THE SUIT FACTORY","81 AMOY STREET #02-00 SINGAPORE 058781"
"Street","Telok Ayer Street","RETAIL","Q MENSWEAR","116A TELOK AYER STREET SINGAPORE 079903"
"Street","North Bridge Road","RETAIL","KERBSIDE&CO.","778A NORTH BRIDGE ROAD #02-- SINGAPORE 058457"
"In-Mall & Building","Plaza Singapura","RETAIL","NEONMELLO","68 ORCHARD ROAD #B1-17A SINGAPORE 069333"
"Street","Arab Street","RETAIL","SORS STUDIO","34 ARAB STREET #02-01 SINGAPORE 088996"
"Street","Arab Street","RETAIL","SNOOZE","136 ARAB STREET SINGAPORE 059204"
"In-Mall & Building","International Plaza","RETAIL","S.H.E.","10 ANSON ROAD #02-46A SINGAPORE 058800"
"In-Mall & Building","Marina Bay Link Mall","RETAIL","S.H.E.","8A MARINA BOULEVARD #B2-26 SINGAPORE 058752"
"In-Mall & Building","Bugis+","RETAIL","YISHION - BUGIS+","201 VICTORIA STREET #02-02/03/04/05 SINGAPORE 079903"
"Street","Haji Lane","RETAIL","BELLA KINI","69 HAJI LANE SINGAPORE 058607"
"In-Mall & Building","Punggol Waterway Point","RETAIL","YISHION - WATERWAY POINT","83 PUNGGOL CENTRAL #01-69/70 SINGAPORE 049317"
"Street","Club Street","RETAIL","COMMON SUITS","50A CLUB STREET #02-- SINGAPORE 088326"
"Street","Bali Lane","RETAIL","GOOD LUCK BUNCH","26 BALI LANE SINGAPORE 048616"
"In-Mall & Building","NEX","RETAIL","PURPUR","23 SERANGOON CENTRAL #B1-57 SINGAPORE 049317"
"In-Mall & Building","Bugis Junction","RETAIL","PURPUR","200 VICTORIA STREET #02-38B SINGAPORE 048618"
"Street","Haji Lane","RETAIL","SIMPLICITY","74 HAJI LANE SINGAPORE 048618"
"In-Mall & Building","Bugis Junction","RETAIL","GUESS SINGAPORE - BUGIS","200 VICTORIA STREET #01-09/10 SINGAPORE 082001"
"In-Mall & Building","IMM Building","RETAIL","GUESS SINGAPORE - IMM","2 JURONG EAST STREET 21 #01-115/116 SINGAPORE 058805"
"In-Mall & Building","Westgate","RETAIL","YISHION WESTGATE","3 GATEWAY DRIVE #02-44 SINGAPORE 089607"
"Street","Haji Lane","RETAIL","THE HUMBLE MAN PTE LTD","69 HAJI LANE SINGAPORE 082001"
"In-Mall & Building","Paya Lebar Quarter","RETAIL","MANGO","10 PAYA LEBAR ROAD #01-08 SINGAPORE 058461"
"Street","Haji Lane","RETAIL","DRUNKEN BALLOON","84 HAJI LANE SINGAPORE 049317"
"Street","Haji Lane","RETAIL","MEYL","25 HAJI LANE SINGAPORE 058770"
"Street","Haji Lane","RETAIL","SIMPLICITY","38 HAJI LANE SINGAPORE 049318"
"In-Mall & Building","Bugis Junction","RETAIL","OUTSIDE - BUGIS","200 VICTORIA STREET #02-10B SINGAPORE 018984"
"In-Mall & Building","Parkway Parade","RETAIL","MANGO SINGAPORE PARKWAY PARADE SC","80 MARINE PARADE ROAD #01-88/89/90 SINGAPORE 079903"
"In-Mall & Building","Bugis Junction","RETAIL","HI STYLE - BUGIS","200 VICTORIA STREET #03-19/19A SINGAPORE 069696"
"In-Mall & Building","Northpoint City","RETAIL","PURPUR - NORTHPOINT","930 YISHUN AVENUE 2 #01-158 SINGAPORE 049317"
"Street","North Bridge Road","RETAIL","OUTSIDE","660 NORTH BRIDGE ROAD SINGAPORE 079007"
"Street","Kandahar Street","RETAIL","LOLA","40 KANDAHAR STREET SINGAPORE 048616"
"In-Mall & Building","Bugis Junction","RETAIL","LE POMMIER","200 VICTORIA STREET #02-39 SINGAPORE 088993"
"Street","Bussorah Street","RETAIL","VARIETY SHAWL HOUSE","37 BUSSORAH STREET SINGAPORE 088506"
"Street","Joo Chiat Road","RETAIL","NORA APPAREL","20 JOO CHIAT ROAD #01-01 SINGAPORE 080333"
"In-Mall & Building","Holland Road Shopping Centre","RETAIL","RUSTIC ROOM (SINGAPORE) PTE LTD","211 HOLLAND AVENUE #02-15 SINGAPORE 049317"
"Street","East Coast Road","RETAIL","RUMAH KIM CHOO","111 EAST COAST ROAD SINGAPORE 048616"
"In-Mall & Building","Westgate","RETAIL","BENEUNDER - WESTGATE","3 GATEWAY DRIVE #02-41 SINGAPORE 049317"
"In-Mall & Building","NEX","RETAIL","DUOZOULU - NEX","23 SERANGOON CENTRAL #B1-56 SINGAPORE 079903"
"In-Mall & Building","Junction 8","RETAIL","DUOZOULU - JUNCTION 8","9 BISHAN PLACE #02-51 SINGAPORE 058772"
"Street","Joo Chiat Road","RETAIL","LA TIENDA","370 JOO CHIAT ROAD #01-01 SINGAPORE 048762"
"In-Mall & Building","Plaza Singapura","RETAIL","KOMEHYO","68 ORCHARD ROAD #02-23 SINGAPORE 048618"
"Street","Pagoda Street","RETAIL","REZQI COLLECTION","41 PAGODA STREET SINGAPORE 018984"
"In-Mall & Building","Paya Lebar Quarter","RETAIL","KIMOJ PLQ","10 PAYA LEBAR ROAD #01-35 SINGAPORE 049317"
"In-Mall & Building","Bugis Junction","RETAIL","VACANZA BUGIS JUNCTION","200 VICTORIA STREET #01-101 SINGAPORE 059025"
"Street","Club Street","RETAIL","MARLO PTE. LTD.","11 CLUB STREET SINGAPORE 049317"
"In-Mall & Building","Bugis+","RETAIL","KIMOJ BUGIS+","201 VICTORIA STREET #02-64/65/66 SINGAPORE 079903"
"In-Mall & Building","NEX","RESTAURANT","EAT - NEX","23 SERANGOON CENTRAL #01-59/60 SINGAPORE 048581"
"Street","Keong Saik Road","RETAIL","MILLS","30A KEONG SAIK ROAD #02-01 SINGAPORE 049318"
"In-Mall & Building","Parkway Parade","RETAIL","KEY POWER SPORTS","80 MARINE PARADE ROAD #01-71/72/73 SINGAPORE 048622"
"Street","East Coast Park","RETAIL","ERNSKATES RETAIL PTE. LTD.","920 EAST COAST PARKWAY #01-14 SINGAPORE 048581"
"In-Mall & Building","The Arcade","RETAIL","DRESS DOT","11 COLLYER QUAY #02-14A SINGAPORE 058917"
"In-Mall & Building","Bugis Junction","RETAIL","S COLLECTION - SUNTEC","200 VICTORIA STREET #03-20 SINGAPORE 058581"
"In-Mall & Building","Punggol Waterway Point","RETAIL","PLAYDRESS - WATERWAY POINT","83 PUNGGOL CENTRAL #01-52 SINGAPORE 079903"
"In-Mall & Building","Westgate","RETAIL","PLAYDRESS WESTGATE","3 GATEWAY DRIVE #02-19/32 SINGAPORE 049318"
"Street","Bugis Street","RETAIL","LA'MAE BONTIQUE","3 NEW BUGIS STREET #EFL-06-- SINGAPORE 058917"
"In-Mall & Building","Bugis+","RETAIL","FANKA","201 VICTORIA STREET #02-24 SINGAPORE 079027"
"In-Mall & Building","Paya Lebar Quarter","RETAIL","LIOU & LANS","10 PAYA LEBAR ROAD #01-32 SINGAPORE 069865"
"In-Mall & Building","NEX","RETAIL","SUGAR CUBE","23 SERANGOON CENTRAL #04-K8 SINGAPORE 069468"
"In-Mall & Building","I12 Katong","RETAIL","CLEMENCE","112 EAST COAST ROAD #01-24 SINGAPORE 088859"
"Street","East Coast Road","RETAIL","DLUSH","148 EAST COAST ROAD SINGAPORE 048616"
"Street","Jalan Merah Saga","RETAIL","ONG SHUNMUGAM PTE LTD","43 JALAN MERAH SAGA #01-76 SINGAPORE 058825"
"Street","Haji Lane","RETAIL","SSFW","75 HAJI LANE SINGAPORE 058830"
"In-Mall & Building","The Arcade","RETAIL","UCCI","11 COLLYER QUAY #02-27 SINGAPORE 058345"
"In-Mall & Building","Myvillage - Serangoon","RETAIL","U-DESIGN FASHION HOUSE","1 MAJU AVENUE #01-06 SINGAPORE 050034"
"In-Mall & Building","The Arcade","RETAIL","ROCOCO","11 COLLYER QUAY #02-16 SINGAPORE 058964"
"In-Mall & Building","International Plaza","RETAIL","RAINBOW BRIDGE PTE LTD","10 ANSON ROAD #01-57 SINGAPORE 050004"
"In-Mall & Building","Marina Bay Financial Centre","RETAIL","JL BY UCCI","8 MARINA BOULEVARD #B2-31 SINGAPORE 058669"
"In-Mall & Building","Parkway Parade","RETAIL","J-WARDROBE","80 MARINE PARADE ROAD #02-17A SINGAPORE 058615"
"In-Mall & Building","Parkway Parade","RETAIL","ONLY LUXURY COLLECTION","80 MARINE PARADE ROAD #02-17B SINGAPORE 079903"
"In-Mall & Building","Bugis Junction","RETAIL","L ZZIE","200 VICTORIA STREET #02-37 SINGAPORE 079903"
"In-Mall & Building","NEX","RETAIL","SORELLA NEX","23 SERANGOON CENTRAL #02-22 SINGAPORE 089816"
"In-Mall & Building","Punggol Waterway Point","RETAIL","SORELLA WATERWAY POINT","83 PUNGGOL CENTRAL #01-44 SINGAPORE 049705"
"In-Mall & Building","Westgate","RETAIL","SORELLA WEST GATE","3 GATEWAY DRIVE #B1-36 SINGAPORE 058476"
"In-Mall & Building","Parkway Parade","RETAIL","PIERRE CARDIN PARKWAY PARADE","80 MARINE PARADE ROAD #02-59 SINGAPORE 049215"
"In-Mall & Building","NEX","RETAIL","PIERRE CARDIN NEX MALL","23 SERANGOON CENTRAL #01-87 SINGAPORE 059225"
"In-Mall & Building","Bedok Mall","RETAIL","YOUNG HEARTS PTE LTD","311 NEW UPPER CHANGI ROAD #B1-32 SINGAPORE 058466"
"In-Mall & Building","NEX","RETAIL","YOUNG HEARTS PTE LTD","23 SERANGOON CENTRAL #02-23 SINGAPORE 059229"
"In-Mall & Building","Northpoint City","RETAIL","YOUNG HEARTS PTE LTD","930 YISHUN AVENUE 2 #02-37 SINGAPORE 049325"
"In-Mall & Building","Lot One","RETAIL","YOUNG HEARTS PTE LTD","21 CHOA CHU KANG AVENUE 4 #02-17 SINGAPORE 018984"
"In-Mall & Building","Bedok Mall","RETAIL","SORELLA BEDOK","311 NEW UPPER CHANGI ROAD #01-35 SINGAPORE 058607"
"In-Mall & Building","IMM Building","RETAIL","SORELLA IMM","2 JURONG EAST STREET 21 #01-65 SINGAPORE 049325"
"In-Mall & Building","Bugis Junction","RETAIL","YACHT 21","200 VICTORIA STREET #02-34 SINGAPORE 068600"
"In-Mall & Building","Northpoint City","RETAIL","PIERRE CARDIN","930 YISHUN AVENUE 2 #02-146 SINGAPORE 018984"
"In-Mall & Building","Bugis Junction","RETAIL","CHIC FEVER BUGIS JUNCTION","200 VICTORIA STREET #03-12C SINGAPORE 069690"
"In-Mall & Building","Bugis Junction","RETAIL","THESTAGEWALK PTE LTD","200 VICTORIA STREET #03-18A SINGAPORE 048622"
"In-Mall & Building","Junction 8","RETAIL","THESTAGEWALK PTE LTD","9 BISHAN PLACE #02-42 SINGAPORE 082001"
"In-Mall & Building","Holland Road Shopping Centre","RETAIL","DRESS ROOM","211 HOLLAND AVENUE #03-33B SINGAPORE 082001"
"In-Mall & Building","Bugis Junction","RETAIL","ZENZI BUGIS JUNCTION","200 VICTORIA STREET #01-47/47A SINGAPORE 048616"
"Street","First Street","RETAIL","TVOGUES","2 FIRST STREET #01-03 SINGAPORE 068632"
"In-Mall & Building","Westgate","RETAIL","YOUNG HEARTS - WESTGATE","3 GATEWAY DRIVE #B1-42 SINGAPORE 079903"
"In-Mall & Building","Plaza Singapura","RETAIL","FASH MOB - PLAZA SING","68 ORCHARD ROAD #B1-18 SINGAPORE 069252"
"In-Mall & Building","Punggol Waterway Point","RETAIL","YOUNG HEARTS - WATERWAY POINT","83 PUNGGOL CENTRAL #B1-38 SINGAPORE 079903"
"In-Mall & Building","IMM Building","RETAIL","PIERRE CARDIN - IMM","2 JURONG EAST STREET 21 #01-59A SINGAPORE 082001"
"In-Mall & Building","Bedok Mall","RETAIL","PIERRE CARDIN - BEDOK MALL","311 NEW UPPER CHANGI ROAD #B1-30 SINGAPORE 079903"
"In-Mall & Building","Bugis Junction","RETAIL","YOUNG HEARTS - BUGIS JUNCTION","200 VICTORIA STREET #03-14 SINGAPORE 079903"
"In-Mall & Building","West Mall","RETAIL","SORELLA-WEST MALL","1 BUKIT BATOK CENTRAL LINK #02-24 SINGAPORE 079903"
"In-Mall & Building","Holland Road Shopping Centre","RETAIL","ANGIE'S HANDMADE FASHION","211 HOLLAND AVENUE #02-14B SINGAPORE 088441"
"In-Mall & Building","Plaza Singapura","RETAIL","PLAYDRESS -PLAZA SINGAPURA","68 ORCHARD ROAD #01-54 SINGAPORE 079903"
"In-Mall & Building","Myvillage - Serangoon","RETAIL","DLUSH AT MY VILLAGE","1 MAJU AVENUE #01-02 SINGAPORE 082001"
"In-Mall & Building","Northpoint City","RETAIL","SORELLA - NORTHPOINT","1 NORTHPOINT DRIVE #02-148/149 SINGAPORE 082001"
"In-Mall & Building","Junction 8","RETAIL","TRACYEINNY","9 BISHAN PLACE #02-02A SINGAPORE 048616"
"In-Mall & Building","NEX","RETAIL","COO.SEOUL+ NEX","23 SERANGOON CENTRAL #01-68 SINGAPORE 079027"
"In-Mall & Building","Northpoint City","RETAIL","COO.SEOUL NORTHPOINT","1 NORTHPOINT DRIVE #01-163 SINGAPORE 089824"
"In-Mall & Building","Plaza Singapura","RETAIL","LOVE & BRAVERY - PLAZA SINGAPURA","68 ORCHARD ROAD #B1-20 SINGAPORE 069119"
"Street","Bugis Street","RETAIL","LA'MAE BONTIQUE","3 NEW BUGIS STREET #00-MSV3 SINGAPORE 078884"
"Street","Bugis Street","RETAIL","LA'MAE BONTIQUE","3 NEW BUGIS STREET #BLQ-A21-- SINGAPORE 079903"
"Street","Arab Street","RETAIL","QUEEN'S FABRICS","70 ARAB STREET SINGAPORE 079027"
"Street","Arab Street","RETAIL","SURIA FABRICS","85 ARAB STREET SINGAPORE 079903"
"In-Mall & Building","NEX","RETAIL","THE CHEONGSAM SHOPPE PTE LTD","23 SERANGOON CENTRAL #02-35 SINGAPORE 049705"
"In-Mall & Building","Republic Plaza","RETAIL","GLACE- REPUBLIC PLAZA","9 RAFFLES PLACE #B1-14 SINGAPORE 058007"
"In-Mall & Building","Punggol Waterway Point","RETAIL","FAMOUS AMOS WATERWAY POINT","83 PUNGGOL CENTRAL #B2-K11 SINGAPORE 078884"
"In-Mall & Building","Marina Bay Link Mall","RETAIL","RICH & GOOD CAKE SHOP - MBLM","8A MARINA BOULEVARD #B2-66 SINGAPORE 079011"
"In-Mall & Building","NEX","RETAIL","FAMOUS AMOUS - NEX","23 SERANGOON CENTRAL #03-K5/K6 SINGAPORE 082001"
"Street","South Bridge Road","RETAIL","TONG HENG","285 SOUTH BRIDGE ROAD SINGAPORE 069433"
"In-Mall & Building","Plaza Singapura","RETAIL","FAMOUS AMOS","68 ORCHARD ROAD #B2-30 SINGAPORE 069333"
"In-Mall & Building","IMM Building","RESTAURANT","EAT - IMM","2 JURONG EAST STREET 21 #01-K08 SINGAPORE 088509"
"In-Mall & Building","Westgate","RETAIL","LADERACH CHOCOLATIER SUISSE","3 GATEWAY DRIVE #01-10 SINGAPORE 079903"
"Street","Greenwood Avenue","RETAIL","LANA CAKE SHOP","36 GREENWOOD AVENUE SINGAPORE 058829"
"In-Mall & Building","Guoco Tower","RETAIL","CHATERAISE PREMIUM YATSUDOKI","7 WALLICH STREET #01-05 SINGAPORE 058592"
"In-Mall & Building","Tampines Mall","RETAIL","GARRETT POPCORN SHOPS","4 TAMPINES CENTRAL 5 #01-39/40/41 SINGAPORE 079903"
"In-Mall & Building","Tampines Mall","RETAIL","FAMOUS AMOS","4 TAMPINES CENTRAL 5 #B1-K15 SINGAPORE 079903"
"In-Mall & Building","Parkway Parade","RETAIL","FAMOUS AMOS","80 MARINE PARADE ROAD #B1-61 SINGAPORE 079903"
"In-Mall & Building","Northpoint City","RETAIL","FAMOUS AMOS","930 YISHUN AVENUE 2 #B1-16 SINGAPORE 068593"
"Street","South Bridge Road","RETAIL","PAT CHUN (HK) PTE LTD","17 SOUTH BRIDGE ROAD SINGAPORE 048261"
"Street","Neil Road","RETAIL","TEA CHAPTER","9/9A NEIL ROAD SINGAPORE 081007"
"In-Mall & Building","Westgate","RETAIL","AN ACAI AFFAIR - WESTGATE","3 GATEWAY DRIVE #B1-30 SINGAPORE 079327"
"In-Mall & Building","Lot One","RESTAURANT","EAT - LOT ONE","21 CHOA CHU KANG AVENUE 4 #B1-K3 SINGAPORE 048622"
"Street","Sago Street","RETAIL","HU ZHEN LONG FOODSTUFF","14 SAGO STREET SINGAPORE 089825"
"Street","East Coast Road","RETAIL","OH DELI P L","431 EAST COAST ROAD SINGAPORE 058562"
"Street","Jalan Sultan","RETAIL","THE HERITAGE SHOP","93 JALAN SULTAN #01-01 SINGAPORE 059190"
"In-Mall & Building","IMM Building","RETAIL","EUBIQ SOLAR - IMM","2 JURONG EAST STREET 21 #02-62 SINGAPORE 088526"
"In-Mall & Building","NEX","RETAIL","EUBIQ SOLAR- NEX","23 SERANGOON CENTRAL #04-K18 SINGAPORE 089680"
"In-Mall & Building","IMM Building","RETAIL","DUNLOPILLO -IMM","2 JURONG EAST STREET 21 #03-54 SINGAPORE 079027"
"In-Mall & Building","Parkway Parade","RETAIL","DUNLOPILLO - PARKWAY PARADE","80 MARINE PARADE ROAD #04-04 SINGAPORE 059190"
"In-Mall & Building","IMM Building","RETAIL","LITTLE KINGDOM BY UNISPRINGS","2 JURONG EAST STREET 21 #03-23 SINGAPORE 069429"
"In-Mall & Building","IMM Building","RETAIL","UNISPRINGS INDUSTRIES PTE LTD","2 JURONG EAST STREET 21 #03-03 SINGAPORE 058680"
"In-Mall & Building","Lot One","RETAIL","ISZ BEDDING PTE LTD","21 CHOA CHU KANG AVENUE 4 #03-15 SINGAPORE 048616"
"In-Mall & Building","Plaza Singapura","RETAIL","SERTA - PLAZA SINGAPURA","68 ORCHARD ROAD #05-07 SINGAPORE 082001"
"In-Mall & Building","Myvillage - Serangoon","RETAIL","BEDROOM AFFAIRS - MY VILLAGE","1 MAJU AVENUE #01-20 SINGAPORE 049318"
"In-Mall & Building","Punggol Waterway Point","RETAIL","BEDROOM AFFAIRS - WATERWAY POINT","83 PUNGGOL CENTRAL #B1-09A SINGAPORE 048616"
"In-Mall & Building","Bedok Mall","RETAIL","EUROTEX","311 NEW UPPER CHANGI ROAD #B1-61 SINGAPORE 089824"
"In-Mall & Building","Northpoint City","RETAIL","EUROTEX NORTHPOINT","1 NORTHPOINT DRIVE #B1-131 SINGAPORE 089757"
"In-Mall & Building","West Mall","RETAIL","ISZ BEDDING PTE LTD","1 BUKIT BATOK CENTRAL LINK #04-15 SINGAPORE 049318"
"In-Mall & Building","IMM Building","RETAIL","SERTA SLEEP CENTER IMM","2 JURONG EAST STREET 21 #03-48 SINGAPORE 078884"
"In-Mall & Building","West Mall","RETAIL","BOUNTIFUL LIVING","1 BUKIT BATOK CENTRAL LINK #02-11 SINGAPORE 089147"
"In-Mall & Building","Westgate","RETAIL","EUROTEX","3 GATEWAY DRIVE #03-42 SINGAPORE 089495"
"In-Mall & Building","West Mall","RETAIL","KOMME WEST MALL","1 BUKIT BATOK CENTRAL LINK #02-23 SINGAPORE 058569"
"In-Mall & Building","Parkway Parade","RETAIL","BOUNTIFULIVING - PARKWAY PARADE","80 MARINE PARADE ROAD #03-30E SINGAPORE 079014"
"In-Mall & Building","Northpoint City","RETAIL","ISZ BEDDING PTE LTD - NORTHPOINT","1 NORTHPOINT DRIVE #02-136 SINGAPORE 068735"
"In-Mall & Building","Lot One","RETAIL","ISZ BEDDING PTE LTD - LOT ONE","21 CHOA CHU KANG AVENUE 4 #03-17 SINGAPORE 049178"
"Street","Maju Avenue","RETAIL","ZENER HARDWARE","14 MAJU AVENUE SINGAPORE 089522"
"In-Mall & Building","Northpoint City","RETAIL","KIM ABLE HOUSEHOLD PTE LTD","1 NORTHPOINT DRIVE #B1-106 SINGAPORE 049705"
"In-Mall & Building","IMM Building","RETAIL","SONG-CHO IMP & EXP PTE LTD - IMM","2 JURONG EAST STREET 21 #03-09 SINGAPORE 068606"
"In-Mall & Building","Northpoint City","RETAIL","NIPPON HOME - NORTHPOINT CITY","1 NORTHPOINT DRIVE #B1-129/130 SINGAPORE 088332"
"In-Mall & Building","Punggol Waterway Point","RETAIL","NIPPON HOME - WATERWAY POINT","83 PUNGGOL CENTRAL #B2-12 SINGAPORE 058706"
"In-Mall & Building","Bedok Mall","RETAIL","NIPPON HOME - BEDOK MALL","311 NEW UPPER CHANGI ROAD #B2-21 SINGAPORE 058686"
"Street","Joo Chiat Road","RETAIL","BENJAMIN MOORE PAINTS SINGAPORE","98 JOO CHIAT ROAD #01-01 SINGAPORE 068589"
"In-Mall & Building","Junction 8","RETAIL","COZY BEDDING -JUNCTION 8","9 BISHAN PLACE #04-06 SINGAPORE 058711"
"In-Mall & Building","IMM Building","RETAIL","SAFEWELL - IMM","2 JURONG EAST STREET 21 #01-34 SINGAPORE 082001"
"In-Mall & Building","IMM Building","RETAIL","HANMAN INTERNATIONAL PTE LTD","2 JURONG EAST STREET 21 #03-157 SINGAPORE 058345"
"In-Mall & Building","Junction 8","RETAIL","YANKEE CANDLE","9 BISHAN PLACE #01-18 SINGAPORE 079903"
"In-Mall & Building","IMM Building","RETAIL","RED APPLE PTE LTD","2 JURONG EAST STREET 21 #03-19 SINGAPORE 082001"
"In-Mall & Building","Parkway Parade","RETAIL","HOME & GIVING PARKWAY","80 MARINE PARADE ROAD #03-32 SINGAPORE 048616"
"In-Mall & Building","Holland Road Shopping Centre","RETAIL","LIMS LEGACY","211 HOLLAND AVENUE #02-02 SINGAPORE 079007"
"In-Mall & Building","Northpoint City","RETAIL","SAFEWELL - NPC","1 NORTHPOINT DRIVE #B1-135 SINGAPORE 078973"
"In-Mall & Building","Bugis Junction","RETAIL","YANKEE CANDLE","200 VICTORIA STREET #02-09 SINGAPORE 078982"
"Street","Eng Hoon Street","RETAIL","HEVEYA","32 ENG HOON STREET SINGAPORE 038983"
"In-Mall & Building","Westgate","RETAIL","SLUMBERLAND - WESTGATE","3 GATEWAY DRIVE #03-30 SINGAPORE 059422"
"In-Mall & Building","Bedok Mall","RETAIL","SLEEPNIGHT BEDOK MALL","311 NEW UPPER CHANGI ROAD #B1-58 SINGAPORE 079903"
"Street","Joo Chiat Road","RETAIL","GRAFUNKT","292 JOO CHIAT ROAD SINGAPORE 049705"
"In-Mall & Building","NEX","RETAIL","LUX GRANDEUR PTE LTD","23 SERANGOON CENTRAL #03-19/20 SINGAPORE 079903"
"In-Mall & Building","Northpoint City","RETAIL","SLEEPNIGHT - NORTHPOINT","930 YISHUN AVENUE 2 #B1-115 SINGAPORE 048616"
"In-Mall & Building","Northpoint City","RETAIL","SOURCE SHARING - YISHUN","930 YISHUN AVENUE 2 #B1-146 SINGAPORE 018984"
"In-Mall & Building","Tampines Mall","RETAIL","SOURCE SHARING - TAMPINES","4 TAMPINES CENTRAL 5 #03-- SINGAPORE 068592"
"Street","Tras Street","RETAIL","LIEBHERR APPLIANCES FLAGSHIP STORE","70 TRAS STREET SINGAPORE 069547"
"In-Mall & Building","Plaza Singapura","RETAIL","SAFEWELL - PS","68 ORCHARD ROAD #04-40 SINGAPORE 049705"
"In-Mall & Building","NEX","RETAIL","HYSSES SINGAPORE- NEX","23 SERANGOON CENTRAL #01-83 SINGAPORE 058671"
"In-Mall & Building","Junction 8","RETAIL","HYSSES SINGAPORE-JUNCTION 8","9 BISHAN PLACE #02-01 SINGAPORE 018984"
"In-Mall & Building","Westgate","RETAIL","HYSSES SINGAPORE- WESTGATE","3 GATEWAY DRIVE #02-15 SINGAPORE 079903"
"Street","Arab Street","RETAIL","HYSSES SINGAPORE- ARAB STREET","87 ARAB STREET SINGAPORE 069883"
"In-Mall & Building","Parkway Parade","RETAIL","HYSSES SINGAPORE- PARKWAY PARADE","80 MARINE PARADE ROAD #B1-102 SINGAPORE 059190"
"In-Mall & Building","Parkway Parade","RETAIL","LIVE IT UP","80 MARINE PARADE ROAD #B1-83P/83Q SINGAPORE 079903"
"In-Mall & Building","Holland Road Shopping Centre","RETAIL","HANS TREASURES","211 HOLLAND AVENUE #02-08 SINGAPORE 088843"
"Street","Joo Chiat Road","RETAIL","AIK BROTHERS TRADING PTE LTD","306/307/308 JOO CHIAT ROAD SINGAPORE 018984"
"Street","Mohamed Sultan Road","RETAIL","HANSGROHE PTE LTD","69 MOHAMED SULTAN ROAD SINGAPORE 079903"
"In-Mall & Building","Plaza Singapura","RETAIL","D'GALLERIA ORCHARD","60 ORCHARD ROAD #03-86/87/88/89 SINGAPORE 059029"
"Street","South Bridge Road","RETAIL","LATE MORNING","230 SOUTH BRIDGE ROAD #01-00 SINGAPORE 079027"
"In-Mall & Building","I12 Katong","RETAIL","HOUZE","112 EAST COAST ROAD #B1-17/18/19 SINGAPORE 079027"
"In-Mall & Building","The Star Vista","RETAIL","TABLE MATTERS","1 VISTA EXCHANGE GREEN #01-29/30 SINGAPORE 138617"
"Street","Temple Street","RETAIL","LAU CHOY SENG PTE LTD","23/25 TEMPLE STREET SINGAPORE 058568"
"In-Mall & Building","Northpoint City","RETAIL","KITCHEN WARE","1 NORTHPOINT DRIVE #B1-132/133 SINGAPORE 768019"
"In-Mall & Building","Punggol Waterway Point","RETAIL","KITCHEN WARE","83 PUNGGOL CENTRAL #B1-03 SINGAPORE 828761"
"Street","Joo Chiat Road","RETAIL","5B PTE LTD","44/45/46 JOO CHIAT ROAD SINGAPORE 427370"
"In-Mall & Building","I12 Katong","RETAIL","TOTT STORE -I12 KATONG","112 EAST COAST ROAD #02-09/10 SINGAPORE 428802"
"Street","Temple Street","RETAIL","SIA HUAT PTE LTD","9/11 TEMPLE STREET SINGAPORE 058559"
"In-Mall & Building","Parkway Parade","RETAIL","1ST PRIZE HOME DIY","80 MARINE PARADE ROAD #B1-23/24 SINGAPORE 449269"
"Street","Arab Street","RETAIL","DOROS INTERNATIONAL","93 ARAB STREET SINGAPORE 199789"
"In-Mall & Building","Plaza Singapura","RETAIL","STEREO ELECTRONICS PTE LTD","68 ORCHARD ROAD #04-06 SINGAPORE 238839"
"Street","Chin Swee Road","RETAIL","HUP LEONG CO","51 CHIN SWEE ROAD #01-107 SINGAPORE 160051"
"Street","East Coast Park","RETAIL","KHCYCLE","1110 EAST COAST PARKWAY #01-08/09/10 SINGAPORE 449880"
"Street","Upper East Coast Road","RETAIL","RODALINK (S) PTE LTD","166B UPPER EAST COAST ROAD SINGAPORE 455270"
"In-Mall & Building","Holland Road Shopping Centre","RETAIL","JIM ART PTE. LTD.","211 HOLLAND AVENUE #03-04 SINGAPORE 278967"
"In-Mall & Building","Holland Road Shopping Centre","RETAIL","TABLINE","211 HOLLAND AVENUE #02-14 SINGAPORE 278967"
"In-Mall & Building","The Star Vista","RESTAURANT","EAT - STAR VISTA","1 VISTA EXCHANGE GREEN #B1-38 SINGAPORE 138617"
"Street","Bukit Pasoh Road","RETAIL","GRASSROOTS BOOK ROOM PTE LTD","25 BUKIT PASOH ROAD SINGAPORE 089839"
"In-Mall & Building","The Star Vista","RETAIL","ROCK GIFTS AND BOOK CENTRE","1 VISTA EXCHANGE GREEN #02-07 SINGAPORE 138617"
"Street","Bussorah Street","RETAIL","WARDAH BOOKS PTE LTD","58 BUSSORAH STREET SINGAPORE 199474"
"Street","Duxton Road","RETAIL","LITTERED WITH BOOKS","20 DUXTON ROAD SINGAPORE 089486"
"In-Mall & Building","Holland Road Shopping Centre","RETAIL","SUTERWALA'S","211 HOLLAND AVENUE #03-06A SINGAPORE 278967"
"In-Mall & Building","Parkway Parade","RETAIL","MOD.CRYSTALS","80 MARINE PARADE ROAD #B1-07 SINGAPORE 449269"
"Street","Joo Chiat Road","RETAIL","UNIQUE LITTLE PRINTS","420 JOO CHIAT ROAD #01-01 SINGAPORE 427641"
"Street","South Bridge Road","RETAIL","TINTIN SHOP","274 SOUTH BRIDGE ROAD SINGAPORE 058823"
"In-Mall & Building","IMM Building","RETAIL","KALLY FENG SHUI STUDIO","2 JURONG EAST STREET 21 #04-28N SINGAPORE 609601"
"Street","Bussorah Street","RETAIL","HABIB CRAFTS PTE LTD","44 BUSSORAH STREET SINGAPORE 199462"
"In-Mall & Building","Holland Road Shopping Centre","RETAIL","INDEPENDENT MARKET","211 HOLLAND AVENUE #03-01 SINGAPORE 278967"
"Street","Arab Street","RETAIL","ANGEL EXCLUSIVE PTE LTD","117 ARAB STREET SINGAPORE 199812"
"Street","Arab Street","RETAIL","JASCO FABRICS PTE LTD","107 ARAB STREET SINGAPORE 199803"
"In-Mall & Building","Plaza Singapura","RETAIL","SPOTLIGHT - PS","68 ORCHARD ROAD #05-11/19 SINGAPORE 238839"
"Street","Arab Street","RETAIL","BASHARAHIL BROS","101 ARAB STREET SINGAPORE 199797"
"Street","Arab Street","RETAIL","DILIP TEXTILES","74 ARAB STREET SINGAPORE 199771"
"Street","Arab Street","RETAIL","AIK BEE TEXTILE CO","69/73 ARAB STREET SINGAPORE 199766"
"Street","Arab Street","RETAIL","V K ABDUL SAMAD & CO","66 ARAB STREET SINGAPORE 199763"
"Street","Arab Street","RETAIL","MAHACO IMPEX","107 ARAB STREET SINGAPORE 199748"
"Street","Arab Street","RETAIL","LIBERTY SILK HOUSE","83 ARAB STREET SINGAPORE 199779"
"Street","Arab Street","RETAIL","ROYAL FABRICS PTE LTD","84 ARAB STREET SINGAPORE 199780"
"Street","Arab Street","RETAIL","OSMAN SILK HOUSE PTE LTD","104 ARAB STREET SINGAPORE 199800"
"Street","Arab Street","RETAIL","RANIA SILK HOUSE","88 ARAB STREET SINGAPORE 199784"
"Street","Arab Street","RETAIL","ALIBABA TEXTILES PTE LTD","115 ARAB STREET SINGAPORE 199810"
"Street","Arab Street","RETAIL","MOLKAN FABRICS","62 ARAB STREET SINGAPORE 199759"
"Street","Arab Street","RETAIL","ALADDIN'S EXCLUSIVE PTE LTD","110 ARAB STREET SINGAPORE 199806"
"In-Mall & Building","Westgate","RETAIL","PIANOLAND","3 GATEWAY DRIVE #03-34 SINGAPORE 608532"
"Street","Tanjong Katong Road","RETAIL","GRAMERCY MUSIC","289 TANJONG KATONG ROAD SINGAPORE 437072"
"Street","Joo Chiat Road","RETAIL","RETROCRATES","450A JOO CHIAT ROAD #02-- SINGAPORE 427663"
"In-Mall & Building","The Star Vista","RETAIL","SWEE LEE STAR VISTA","1 VISTA EXCHANGE GREEN #01-07-10 SINGAPORE 138617"
"In-Mall & Building","The Star Vista","RETAIL","HERITAGE STRINGS & ART","1 VISTA EXCHANGE GREEN #01-37/38 SINGAPORE 138617"
"Street","Tanjong Pagar Road","RETAIL","MAAP LAB SINGAPORE","31 TANJONG PAGAR ROAD SINGAPORE 088454"
"In-Mall & Building","Bugis+","RETAIL","PUMA BUGIS+","201 VICTORIA STREET #02-18/19 SINGAPORE 188067"
"Street","North Bridge Road","RETAIL","ANOTHER FLY STORY","465 NORTH BRIDGE ROAD #02-5047 SINGAPORE 191465"
"In-Mall & Building","IMM Building","RETAIL","BIRKENSTOCK OUTLET IMM MALL","2 JURONG EAST STREET 21 #01-80/81 SINGAPORE 609601"
"Street","Beach Road","RETAIL","SPORTS CENTER","2 BEACH ROAD #01-4801 SINGAPORE 190002"
"Street","Tanjong Pagar Road","RETAIL","RAPHA SINGAPORE","39 TANJONG PAGAR ROAD #01-01 SINGAPORE 088462"
"Street","Tanjong Katong Road","RETAIL","1 2 CYCLE","326 TANJONG KATONG ROAD SINGAPORE 437104"
"Street","Haji Lane","RETAIL","KNOCKOUT GEAR","31 HAJI LANE SINGAPORE 189224"
"In-Mall & Building","IMM Building","RETAIL","KAPPA","2 JURONG EAST STREET 21 #01-31/32 SINGAPORE 609601"
"In-Mall & Building","Bugis Junction","RETAIL","BIRKENSTOCK - BUGIS","200 VICTORIA STREET #02-11B SINGAPORE 188024"
"Street","Maxwell Road","RETAIL","AIBI INT'L - MAXWELL","30 MAXWELL ROAD #01-00 SINGAPORE 069114"
"In-Mall & Building","Plaza Singapura","RETAIL","AIBI - PLAZA SINGAPURA","68 ORCHARD ROAD #03-06 SINGAPORE 238839"
"In-Mall & Building","Northpoint City","RETAIL","KAPPA - NORTHPOINT CITY","930 YISHUN AVENUE 2 #02-49 SINGAPORE 769098"
"In-Mall & Building","Bugis Junction","RETAIL","HOT TOYS","200 VICTORIA STREET #03-13 SINGAPORE 188021"
"In-Mall & Building","Tampines Mall","RETAIL","POP MART","4 TAMPINES CENTRAL 5 #01-ATRIUM SINGAPORE 529510"
"In-Mall & Building","Plaza Singapura","RETAIL","GAMEMARTZ","68 ORCHARD ROAD #04-03 SINGAPORE 238839"
"In-Mall & Building","Plaza Singapura","RETAIL","SEIMON-CHO","68 ORCHARD ROAD #03-03 SINGAPORE 238839"
"In-Mall & Building","Plaza Singapura","RETAIL","TOY OR GAME","68 ORCHARD ROAD #06-04 SINGAPORE 238839"
"In-Mall & Building","Tampines Mall","RETAIL","TOY OR GAME","4 TAMPINES CENTRAL 5 #04-12 SINGAPORE 529510"
"Street","Pagoda Street","RETAIL","SAMTECH ENTERPRISES PTE LTD","84 PAGODA STREET SINGAPORE 059243"
"In-Mall & Building","Bugis Junction","RETAIL","GAMEMARTZ","200 VICTORIA STREET #03-24B SINGAPORE 188021"
"In-Mall & Building","Plaza Singapura","RETAIL","TOY OUTPOST PS","68 ORCHARD ROAD #07-11B SINGAPORE 238839"
"In-Mall & Building","Bugis+","RETAIL","TOG CONNECTION PTE LTD","201 VICTORIA STREET #05-04/05/06 SINGAPORE 188067"
"In-Mall & Building","Plaza Singapura","RETAIL","THE BETTER TOY STORE- PLAZA SINGAPURA","68 ORCHARD ROAD #03-19/19A SINGAPORE 238839"
"In-Mall & Building","IMM Building","RETAIL","TOYS KING","2 JURONG EAST STREET 21 #05-15 SINGAPORE 609601"
"In-Mall & Building","Bedok Mall","RETAIL","PLAY E - BEDOK MALL","311 NEW UPPER CHANGI ROAD #B1-17 SINGAPORE 467360"
"In-Mall & Building","Plaza Singapura","RETAIL","OTAKU HOUSE","68 ORCHARD ROAD #07-13B SINGAPORE 238839"
"In-Mall & Building","Plaza Singapura","RETAIL","SIMPLY TOYS SHOPS","68 ORCHARD ROAD #07-13A SINGAPORE 238839"
"Street","Temple Street","RETAIL","HAMMERHOUSE","24B TEMPLE STREET SINGAPORE 058569"
"In-Mall & Building","Westgate","RETAIL","POP MART","3 GATEWAY DRIVE #02-20 SINGAPORE 608532"
"In-Mall & Building","Bugis+","RETAIL","ACTIONCITY PLUS BUGIS+","201 VICTORIA STREET #01-ATRIUM SINGAPORE 188067"
"In-Mall & Building","Bugis Junction","RETAIL","ACTIONCITY BUGIS JUNCTION","200 VICTORIA STREET #03-23 SINGAPORE 188021"
"In-Mall & Building","Plaza Singapura","RETAIL","MOVIE REPLICAS","68 ORCHARD ROAD #07-12B SINGAPORE 238839"
"In-Mall & Building","Bedok Mall","RETAIL","HAPPY WALKER - BEDOK MALL","311 NEW UPPER CHANGI ROAD #B1-67 SINGAPORE 467360"
"In-Mall & Building","Northpoint City","RETAIL","HAPPY WALKER - NORTHPOINT","930 YISHUN AVENUE 2 #02-08 SINGAPORE 769098"
"In-Mall & Building","Westgate","RETAIL","VIVAIA - WESTGATE","3 GATEWAY DRIVE #02-16 SINGAPORE 608532"
"In-Mall & Building","Westgate","RETAIL","SUNNYSTEP PTE LTD","3 GATEWAY DRIVE #02-39A SINGAPORE 608532"
"In-Mall & Building","Bugis Junction","RETAIL","SUNNYSTEP PTE LTD","200 VICTORIA STREET #02-38C SINGAPORE 188021"
"In-Mall & Building","NEX","RETAIL","SUNNYSTEP PTE LTD","23 SERANGOON CENTRAL #02-34 SINGAPORE 556083"
"In-Mall & Building","Tampines Mall","RETAIL","SUNNYSTEP PTE LTD","4 TAMPINES CENTRAL 5 #02-13 SINGAPORE 529510"
"In-Mall & Building","Northpoint City","RETAIL","HUSH PUPPIES - NORTHPOINT","930 YISHUN AVENUE 2 #02-50/51 SINGAPORE 769098"
"In-Mall & Building","Bugis Junction","RETAIL","VIVAIA - BUGIS","200 VICTORIA STREET #01-11 SINGAPORE 188021"
"In-Mall & Building","Bedok Mall","RETAIL","VIVAIA - BEDOK","311 NEW UPPER CHANGI ROAD #01-65 SINGAPORE 467360"
"In-Mall & Building","Punggol Waterway Point","RETAIL","BATA - WATERWAY POINT","83 PUNGGOL CENTRAL #01-46/47 SINGAPORE 828761"
"In-Mall & Building","Bedok Mall","RETAIL","BATA - BEDOK MALL","311 NEW UPPER CHANGI ROAD #B1-21/22 SINGAPORE 467360"
"In-Mall & Building","IMM Building","RETAIL","BATA - IMM","2 JURONG EAST STREET 21 #01-29 SINGAPORE 609601"
"In-Mall & Building","West Mall","RETAIL","BATA - WEST MALL","1 BUKIT BATOK CENTRAL LINK #02-28/29 SINGAPORE 658713"
"In-Mall & Building","Parkway Parade","RETAIL","CLARKS - PARKWAY PARADE","80 MARINE PARADE ROAD #01-76/77 SINGAPORE 449269"
"In-Mall & Building","IMM Building","RETAIL","CLARKS - IMM","2 JURONG EAST STREET 21 #01-13/14 SINGAPORE 609601"
"In-Mall & Building","IMM Building","RETAIL","EVERBEST IMM","2 JURONG EAST STREET 21 #01-K30 SINGAPORE 609601"
"In-Mall & Building","Bedok Mall","RETAIL","HAPPY WALKER BEDOK MALL","311 NEW UPPER CHANGI ROAD #B1-67 SINGAPORE 467360"
"In-Mall & Building","Northpoint City","RETAIL","HAPPY WALKER NORTHPOINT","930 YISHUN AVENUE 2 #02-08 SINGAPORE 769098"
"In-Mall & Building","Northpoint City","RETAIL","SHINE NORTHPOINT","930 YISHUN AVENUE 2 #01-162 SINGAPORE 769098"
"In-Mall & Building","Bugis Junction","RETAIL","SHINE BUGIS JUNCTION","200 VICTORIA STREET #02-40 SINGAPORE 188021"
"In-Mall & Building","Parkway Parade","RETAIL","BATA - PARKWAY PARADE","80 MARINE PARADE ROAD #01-65/66/67 SINGAPORE 449269"
"In-Mall & Building","NEX","RETAIL","BATA - NEX","23 SERANGOON CENTRAL #01-71 SINGAPORE 556083"
"In-Mall & Building","Bedok Mall","RETAIL","EVERBEST","311 NEW UPPER CHANGI ROAD #01-25 SINGAPORE 467360"
"In-Mall & Building","Northpoint City","RETAIL","BATA - NORTHPOINT","1 NORTHPOINT DRIVE #01-141 SINGAPORE 768019"
"In-Mall & Building","Lot One","RETAIL","BATA - LOT 1","21 CHOA CHU KANG AVENUE 4 #02-18 SINGAPORE 689812"
"In-Mall & Building","Junction 8","RETAIL","BATA - JUNCTION 8","9 BISHAN PLACE #02-10/09A SINGAPORE 579837"
"In-Mall & Building","Plaza Singapura","RETAIL","DMK","68 ORCHARD ROAD #B1-17 SINGAPORE 238839"
"In-Mall & Building","Parkway Parade","RETAIL","C FOOT MARINE PARADE","80 MARINE PARADE ROAD #02-57 SINGAPORE 449269"
"Street","Beach Road","RETAIL","CNES SHOEMAKER","259 BEACH ROAD #01-01 SINGAPORE 199540"
"In-Mall & Building","Bedok Mall","RETAIL","DR J (BEDOK MALL)","311 NEW UPPER CHANGI ROAD #01-53 SINGAPORE 467360"
"In-Mall & Building","IMM Building","RETAIL","HAVAIANAS - IMM","2 JURONG EAST STREET 21 #01-07 SINGAPORE 609601"
"In-Mall & Building","Tampines Mall","RETAIL","HAVAIANAS - TAMPINES MALL","4 TAMPINES CENTRAL 5 #02-19A SINGAPORE 529510"
"In-Mall & Building","Punggol Waterway Point","RETAIL","CFOOT WATERWAY POINT","83 PUNGGOL CENTRAL #01-18 SINGAPORE 828761"
"In-Mall & Building","Northpoint City","RETAIL","CFOOT NORTHPOINT","930 YISHUN AVENUE 2 #01-130 SINGAPORE 769098"
"In-Mall & Building","Raffles Xchange","RETAIL","DMK - RAFFLES XCHANGE","5 RAFFLES PLACE #B1-34 SINGAPORE 048618"
"In-Mall & Building","Paya Lebar Quarter","RETAIL","PRETTYFIT - PLQ","10 PAYA LEBAR ROAD #01-24/25/25 SINGAPORE 409057"
"In-Mall & Building","Northpoint City","RETAIL","D & C - NORTHPOINT","1 NORTHPOINT DRIVE #01-163 SINGAPORE 768019"
"In-Mall & Building","Bedok Mall","RETAIL","D & C - BEDOK MALL","311 NEW UPPER CHANGI ROAD #B1-66 SINGAPORE 467360"
"In-Mall & Building","Northpoint City","RETAIL","KIYO","930 YISHUN AVENUE 2 #02-20 SINGAPORE 769098"
"In-Mall & Building","One Raffles Place","RETAIL","JADE & JASMINE","1 RAFFLES PLACE #02-29 SINGAPORE 048616"
"In-Mall & Building","Bugis Junction","RETAIL","ANOTHERSOLE - BUGIS","200 VICTORIA STREET #02-18C SINGAPORE 188021"
"In-Mall & Building","Bugis Junction","RETAIL","PRETTYFIT - BUGIS JUNCTION","200 VICTORIA STREET #02-03/03A SINGAPORE 188021"
"In-Mall & Building","Punggol Waterway Point","RETAIL","XGEAR","83 PUNGGOL CENTRAL #B1-29 SINGAPORE 828761"
"Street","Joo Chiat Road","RETAIL","AV- INTELLIGENCE","366 JOO CHIAT ROAD SINGAPORE 427611"
"Street","North Bridge Road","RETAIL","BOSE","1 NORTH BRIDGE ROAD #01-36 SINGAPORE 179094"
"Street","East Coast Road","RETAIL","IMPRESS GALLERIES PTE LTD","429 EAST COAST ROAD SINGAPORE 429016"
"In-Mall & Building","Westgate","RETAIL","MAD PARFUMEUR - WESTGATE","3 GATEWAY DRIVE #02-K2 SINGAPORE 608532"
"In-Mall & Building","Bugis Junction","RETAIL","MAD PARFUMEUR - BUGIS JUNCTION","200 VICTORIA STREET #01-K10/K11 SINGAPORE 188021"
"In-Mall & Building","Plaza Singapura","RETAIL","SAHUR'S ART","68 ORCHARD ROAD #B1-32C SINGAPORE 238839"
"Street","North Bridge Road","RETAIL","TAKANISHI INTERNATIONAL","1 NORTH BRIDGE ROAD #01-17/23 SINGAPORE 179094"
"In-Mall & Building","Westgate","RETAIL","SA SA COSMETIC CO - WEST GATE","3 GATEWAY DRIVE #02-22 SINGAPORE 608532"
"In-Mall & Building","Parkway Parade","RETAIL","ADORE COSMETICS - PARKWAY PARADE","80 MARINE PARADE ROAD #B1-49/67 SINGAPORE 449269"
"Street","Bussorah Street","RETAIL","ROYAL FRAGRANCES","26 BUSSORAH STREET SINGAPORE 199444"
"In-Mall & Building","Bugis Junction","RETAIL","NARS BUGIS JUNCTION","200 VICTORIA STREET #01-15/16 SINGAPORE 188021"
"In-Mall & Building","Northpoint City","RETAIL","BRITISH ESSENTIAL","930 YISHUN AVENUE 2 #B1-30 SINGAPORE 769098"
"In-Mall & Building","Northpoint City","RETAIL","SA SA COSMETIC CO -NORTHPOINT","930 YISHUN AVENUE 2 #01-33 SINGAPORE 769098"
"In-Mall & Building","Bugis+","RETAIL","TOP SECRET STUDIO","201 VICTORIA STREET #02-58 SINGAPORE 188067"
"In-Mall & Building","Parkway Parade","RETAIL","BONAGE","80 MARINE PARADE ROAD #B1-21 SINGAPORE 449269"
"In-Mall & Building","Bedok Mall","RETAIL","BEAUTY LANGUAGE - BEDOK MALL","311 NEW UPPER CHANGI ROAD #01-41 SINGAPORE 467360"
"In-Mall & Building","Bedok Mall","RETAIL","DOLLARS & SCENT","311 NEW UPPER CHANGI ROAD #B1-34 SINGAPORE 467360"
"In-Mall & Building","Plaza Singapura","RETAIL","INNISFREE - PS","68 ORCHARD ROAD #01-63/64 SINGAPORE 238839"
"In-Mall & Building","Bugis Junction","RETAIL","INNISFREE - BUGIS","230 VICTORIA STREET #01-109/110 SINGAPORE 188024"
"In-Mall & Building","Tampines Mall","RETAIL","INNISFREE - TAMPINES MALL","4 TAMPINES CENTRAL 5 #01-35/36/37 SINGAPORE 529510"
"In-Mall & Building","Junction 8","RETAIL","THE FACE SHOP - JUNCTION 8","9 BISHAN PLACE #01-27 SINGAPORE 579837"
"In-Mall & Building","Tampines Mall","RETAIL","LANEIGE - TAMPINES MALL","4 TAMPINES CENTRAL 5 #01-31 SINGAPORE 529510"
"In-Mall & Building","Westgate","RETAIL","LANEIGE - WESTGATE MALL","3 GATEWAY DRIVE #02-40 SINGAPORE 608532"
"In-Mall & Building","Punggol Waterway Point","RETAIL","LANEIGE - WATERWAY POINT","83 PUNGGOL CENTRAL #01-54 SINGAPORE 828761"
"In-Mall & Building","NEX","RETAIL","INNISFREE - NEX","23 SERANGOON CENTRAL #B1-18/19 SINGAPORE 556083"
"In-Mall & Building","Bugis Junction","RETAIL","THE ODBO PTE LTD","200 VICTORIA STREET #02-22 SINGAPORE 188021"
"In-Mall & Building","Bedok Mall","RETAIL","INNISFREE - BEDOK MALL","311 NEW UPPER CHANGI ROAD #01-30 SINGAPORE 467360"
"In-Mall & Building","IMM Building","RESTAURANT","HONG KONG EGGLET - IMM","2 JURONG EAST STREET 21 #01-K01 SINGAPORE 609601"
"In-Mall & Building","Westgate","RETAIL","SULWHASOO WESTGATE BOUTIQUE","3 GATEWAY DRIVE #01-28 SINGAPORE 608532"
"In-Mall & Building","Bugis+","RETAIL","BEAUTY LANGUAGE - BUGIS+","201 VICTORIA STREET #02-67/68 SINGAPORE 188067"
"Street","Lorong Liput","RETAIL","FACE BISTRO PRIVATE LIMITED","25C LORONG LIPUT SINGAPORE 277735"
"In-Mall & Building","Bugis+","RETAIL","SEOUL BEAUTE","201 VICTORIA STREET #03-06/07 SINGAPORE 188067"
"In-Mall & Building","Junction 8","RETAIL","INNISFREE JUNCTION 8","9 BISHAN PLACE #01-23/24 SINGAPORE 579837"
"In-Mall & Building","West Mall","RETAIL","THE FACE SHOP - WM","1 BUKIT BATOK CENTRAL LINK #02-18 SINGAPORE 658713"
"In-Mall & Building","Junction 8","RETAIL","LANEIGE - JUNCTION 8","9 BISHAN PLACE #01-01/02 SINGAPORE 579837"
"In-Mall & Building","Northpoint City","RETAIL","DOLLARS & SCENT NP","930 YISHUN AVENUE 2 #01-34 SINGAPORE 769098"
"In-Mall & Building","Punggol Waterway Point","RETAIL","MAISON BERGER PARIS - WATERWAY","83 PUNGGOL CENTRAL #01-K18 SINGAPORE 828761"
"In-Mall & Building","Parkway Parade","RETAIL","VALAISS","80 MARINE PARADE ROAD #01-23C SINGAPORE 449269"
"In-Mall & Building","Westgate","RETAIL","NC - WESTGATE","3 GATEWAY DRIVE #02-21 SINGAPORE 608532"
"In-Mall & Building","NEX","RETAIL","LANEIGE NEX","23 SERANGOON CENTRAL #01-79 SINGAPORE 556083"
"In-Mall & Building","Bugis Junction","RETAIL","LANEIGE BJ","200 VICTORIA STREET #01-111 SINGAPORE 188021"
"In-Mall & Building","Bugis Cube","RETAIL","DERMA FLORAL BEAUTY - BUGIS CUBE","470 NORTH BRIDGE ROAD #03-23 SINGAPORE 188735"
"In-Mall & Building","Northpoint City","RETAIL","ASTERSPRING NORTHPOINT CITY","1 NORTHPOINT DRIVE #B1-175 SINGAPORE 768019"
"In-Mall & Building","Punggol Waterway Point","RETAIL","NOVELA WATERWAY POINT","83 PUNGGOL CENTRAL #01-50 SINGAPORE 828761"
"In-Mall & Building","Bugis+","RETAIL","NOVELA BUGIS+","201 VICTORIA STREET #02-62/63 SINGAPORE 188067"
"In-Mall & Building","Punggol Waterway Point","RETAIL","NATURE COLLECTION - THEFACESHOP","83 PUNGGOL CENTRAL #B1-33 SINGAPORE 828761"
"Street","Bugis Street","RETAIL","BEAUTY POINT","3 NEW BUGIS STREET #01-CFLJ2 SINGAPORE 188867"
"In-Mall & Building","Plaza Singapura","RETAIL","LUX BOUTIQUE - PLAZA SINGAPURA","68 ORCHARD ROAD #01-61 SINGAPORE 238839"
"In-Mall & Building","Plaza Singapura","RETAIL","LASIDORE","68 ORCHARD ROAD #B1-25A SINGAPORE 238839"
"In-Mall & Building","Plaza Singapura","RETAIL","ASTERSPRING - PLAZA SINGAPURA","68 ORCHARD ROAD #03-10 SINGAPORE 238839"
"In-Mall & Building","Northpoint City","RETAIL","THE FACE SHOP -NORTHPOINT","930 YISHUN AVENUE 2 #01-10 SINGAPORE 769098"
"In-Mall & Building","Lot One","RETAIL","BEAUTY LANGUAGE - LOT 1","21 CHOA CHU KANG AVENUE 4 #B1-31 SINGAPORE 689812"
"In-Mall & Building","IMM Building","RETAIL","BEAUTY LANGUAGE - IMM","2 JURONG EAST STREET 21 #01-64 SINGAPORE 609601"
"In-Mall & Building","NEX","RETAIL","BEAUTY LANGUAGE - NEX","23 SERANGOON CENTRAL #B2-37 SINGAPORE 556083"
"In-Mall & Building","Northpoint City","RETAIL","BEAUTY LANGUAGE - NORTH POINT","930 YISHUN AVENUE 2 #B1-33 SINGAPORE 769098"
"In-Mall & Building","Tampines Mall","RETAIL","BEAUTY LANGUAGE - TAMPINES MALL","4 TAMPINES CENTRAL 5 #B1-23A SINGAPORE 529510"
"In-Mall & Building","West Mall","RETAIL","BEAUTY LANGUAGE - WEST MALL PLAZA","1 BUKIT BATOK CENTRAL LINK #04-09 SINGAPORE 658713"
"Street","North Bridge Road","RETAIL","JAMAL KAZURA AROMATICS","728 NORTH BRIDGE ROAD SINGAPORE 198696"
"In-Mall & Building","Westgate","RETAIL","BEAUTY LANGUAGE - WEST GATE","3 GATEWAY DRIVE #B1-31 SINGAPORE 608532"
"In-Mall & Building","Bedok Mall","RETAIL","THE FACE SHOP- BM","311 NEW UPPER CHANGI ROAD #01-37 SINGAPORE 467360"
"Street","Bussorah Street","RETAIL","JAMAL KAZURA AROMATICS","21 BUSSORAH STREET SINGAPORE 199439"
"In-Mall & Building","International Plaza","RETAIL","TRUE COLOURS MAKE-UP COSMETICS PTE LTD","10 ANSON ROAD #09-09 SINGAPORE 079903"
"Street","North Bridge Road","RETAIL","JASINA COSMETICS PTE LTD","1 NORTH BRIDGE ROAD #01-06/33 SINGAPORE 179094"
"In-Mall & Building","Northpoint City","RESTAURANT","HONG KONG EGGLET - NORTHPOINT","930 YISHUN AVENUE 2 #B1-17 SINGAPORE 769098"
"In-Mall & Building","Bugis Junction","RETAIL","THE FACE SHOP - BUGIS","200 VICTORIA STREET #01-28/28A SINGAPORE 188021"
"Street","Bugis Street","RETAIL","FRAGRANCE 'N' BEAUTY WORLD","5 NEW BUGIS STREET FSL-15/16-- SINGAPORE 188869"
"Street","Bussorah Street","RETAIL","JAMAL KAZURA AROMATICS","39 BUSSORAH STREET SINGAPORE 199457"
"In-Mall & Building","Plaza Singapura","RETAIL","TOP SECRET STUDIO","68 ORCHARD ROAD #B1-31B SINGAPORE 238839"
"Street","South Bridge Road","RETAIL","THYE SHAN MEDICAL HALL - SOUTH BRIDGE","266 SOUTH BRIDGE ROAD SINGAPORE 058813"
"In-Mall & Building","Tanjong Pagar Plaza","RETAIL","MEDIC DRUGSTORE","1 TANJONG PAGAR PLAZA #01-26/27 SINGAPORE 082001"
"In-Mall & Building","NEX","RETAIL","DEAD SEA PREMIER SINGAPORE - NEX","23 SERANGOON CENTRAL #B1-53 SINGAPORE 556083"
"In-Mall & Building","Parkway Parade","RETAIL","PEACHES&HERBS DRUGSTORE-PARKWAY PARADE","80 MARINE PARADE ROAD #B1-43 SINGAPORE 449269"
"In-Mall & Building","West Mall","RETAIL","XPRESSFLOWER","1 BUKIT BATOK CENTRAL LINK #B1-K10 SINGAPORE 658713"
"In-Mall & Building","One Raffles Place","RETAIL","BLISSFULTHOTS","1 RAFFLES PLACE #05-21 SINGAPORE 048616"
"In-Mall & Building","The Arcade","RETAIL","ARCADE FLORIST AND TRADING CO","11 COLLYER QUAY #02-29 SINGAPORE 049317"
"In-Mall & Building","Tampines Mall","RETAIL","XPRESSFLOWER.COM PTE LTD","4 TAMPINES CENTRAL 5 #B1-K7B SINGAPORE 529510"
"In-Mall & Building","Duo","RETAIL","BLOSSOM FLORAL DESIGN","7 FRASER STREET #01-22 SINGAPORE 189356"
"In-Mall & Building","Marina Bay Link Mall","RETAIL","BLOSSOM FLORAL DESIGN","8A MARINA BOULEVARD #B2-27 SINGAPORE 018984"
"In-Mall & Building","Bedok Mall","RETAIL","XPRESSFLOWER BEDOK MALL","311 NEW UPPER CHANGI ROAD #B2-59B SINGAPORE 467360"
"In-Mall & Building","Plaza Singapura","RETAIL","XPRESSFLOWER PLAZA SINGAPURA","68 ORCHARD ROAD #B2-67 SINGAPORE 238839"
"Street","Joo Chiat Road","RETAIL","FLOWER MATTERS - JOO CHIAT","323 JOO CHIAT ROAD #01-- SINGAPORE 427580"
"In-Mall & Building","NEX","RETAIL","XPRESSFLOWER.COM PTE LTD","23 SERANGOON CENTRAL #03-04 SINGAPORE 556083"
"In-Mall & Building","Punggol Waterway Point","RETAIL","FREEMAN FLORIST","83 PUNGGOL CENTRAL #B2-33 SINGAPORE 828761"
"In-Mall & Building","Junction 8","RETAIL","RAFFLES FLORIST","9 BISHAN PLACE #B1-06 SINGAPORE 579837"
"In-Mall & Building","International Plaza","RETAIL","FUTURE FLORIST","10 ANSON ROAD #01-44 SINGAPORE 079903"
"In-Mall & Building","Hong Leong Building","RETAIL","EDEN COTTAGE","16 RAFFLES QUAY #B1-40 SINGAPORE 048581"
"In-Mall & Building","Northpoint City","RETAIL","XPRESSFLOWER.COM PTE LTD","930 YISHUN AVENUE 2 #02-26 SINGAPORE 769098"
"In-Mall & Building","Bugis Junction","RETAIL","RAFFLES FLORIST - BUGIS","200 VICTORIA STREET #01-69A SINGAPORE 179097"
"Street","Arab Street","RETAIL","THE GLAM SHOP","102 ARAB STREET SINGAPORE 199798"
"Street","Trengganu Street","RETAIL","SG GIFTS","9 TRENGGANU STREET SINGAPORE 058463"
"Street","Arab Street","RETAIL","SG GIFTS","53 ARAB STREET #01-01 SINGAPORE 199750"
"Street","Joo Chiat Road","RETAIL","CAT SOCRATES PTE LTD","448 JOO CHIAT ROAD SINGAPORE 427661"
"In-Mall & Building","Marina Bay Link Mall","RETAIL","PRECIOUS THOUGHTS - MB","8A MARINA BOULEVARD #B2-30 SINGAPORE 018984"
"Street","Yong Siak Street","RETAIL","CAT SOCRATES TIONG BAHRU","78 YONG SIAK STREET #01-14 SINGAPORE 163078"
"In-Mall & Building","Guoco Tower","RETAIL","PRECIOUS THOUGHTS - GUOCO TOWER","7 WALLICH STREET #B1-22 SINGAPORE 078884"
"In-Mall & Building","Bugis Junction","RETAIL","OTAKU HOUSE","200 VICTORIA STREET #03-10C SINGAPORE 188021"
"In-Mall & Building","Bugis+","RETAIL","LAMY","201 VICTORIA STREET #02-55 SINGAPORE 188067"
"Street","Syed Alwi Road","RETAIL","ALL GIFTS","129 SYED ALWI ROAD SINGAPORE 207693"
"Street","Pagoda Street","RETAIL","ALL GIFTS","62 PAGODA STREET SINGAPORE 059221"
"Street","Pagoda Street","RETAIL","SG GIFTS","54 PAGODA STREET SINGAPORE 059213"
"Street","Pagoda Street","RETAIL","VEOLA","60 PAGODA STREET SINGAPORE 059219"
"Street","Pagoda Street","RETAIL","SG LOVE GIFT SHOP","67 PAGODA STREET SINGAPORE 059226"
"In-Mall & Building","NEX","RETAIL","GIFTS GREETINGS","23 SERANGOON CENTRAL #04-07 SINGAPORE 556083"
"In-Mall & Building","Plaza Singapura","RETAIL","PRECIOUS THOUGHTS - PLAZA SINGAPURA","68 ORCHARD ROAD #03-16 SINGAPORE 238839"
"Street","Arab Street","RETAIL","I LOVE SINGAPORE","106 ARAB STREET SINGAPORE 199802"
"Street","South Bridge Road","RETAIL","THE NEE VINTAGE STORE","230 SOUTH BRIDGE ROAD #02 & #03-232A/232B SINGAPORE 058781"
"In-Mall & Building","Northpoint City","RETAIL","DR KONG","1 NORTHPOINT DRIVE #02-113 SINGAPORE 768019"
"In-Mall & Building","Northpoint City","RETAIL","OSAKA OWL - YISHUN","930 YISHUN AVENUE 2 #01-181 SINGAPORE 769098"
"In-Mall & Building","Junction 8","RETAIL","LEATHER ATRIUM","9 BISHAN PLACE #02-12 SINGAPORE 579837"
"In-Mall & Building","I12 Katong","RETAIL","HARDWARECITY","112 EAST COAST ROAD #B1-25/26 SINGAPORE 428802"
"In-Mall & Building","Northpoint City","RETAIL","ASLOWE JEWELLERY - NORTHPOINT CITY","1 NORTHPOINT DRIVE #01-22 SINGAPORE 769098"
"In-Mall & Building","Holland Road Shopping Centre","RETAIL","DIAMOND CRAFT","211 HOLLAND AVENUE #02-12A SINGAPORE 278967"
"In-Mall & Building","International Plaza","RETAIL","HARLYN JEWELLERY","10 ANSON ROAD #02-87 SINGAPORE 079903"
"In-Mall & Building","Holland Road Shopping Centre","RETAIL","JH JEWELLERY","211 HOLLAND AVENUE #02-22 SINGAPORE 278967"
"In-Mall & Building","Plaza Singapura","RETAIL","MISTGOLD","68 ORCHARD ROAD #02-24 SINGAPORE 238839"
"Street","Syed Alwi Road","RETAIL","MALABAR GOLD & DIAMONDS PTE LTD","114 SYED ALWI ROAD #01-01 SINGAPORE 207682"
"In-Mall & Building","Bugis Junction","RETAIL","VENUS TEARS - BUGIS JUNCTION","200 VICTORIA STREET #01-22/22A SINGAPORE 188021"
"In-Mall & Building","Northpoint City","RETAIL","NGEE SOON JEWELLERY - NORTHPOINT","930 YISHUN AVENUE 2 #01-124/125 SINGAPORE 769098"
"In-Mall & Building","Holland Road Shopping Centre","RETAIL","QUALITAS JEWELLERY","211 HOLLAND AVENUE #02-14D SINGAPORE 278967"
"In-Mall & Building","Northpoint City","RETAIL","CHIP LEE JEWELLERY","930 YISHUN AVENUE 2 #01-46 SINGAPORE 769098"
"In-Mall & Building","Plaza Singapura","RETAIL","GARMIN","68 ORCHARD ROAD #02-02/03 SINGAPORE 238839"
"Street","Lorong Mambong","RETAIL","PHILLIP ANTIQUE INVESTMENT","1 LORONG MAMBONG #01-05 SINGAPORE 277700"
"Street","Trengganu Street","RETAIL","MOMMENTZ DESIGN JEWEL","3 TRENGGANU STREET SINGAPORE 058457"
"Street","Erskine Road","RETAIL","SUMARI INTERNATIONAL JEWELLERY (S) PTE LTD","33 ERSKINE ROAD #01-11 SINGAPORE 069333"
"Street","Kreta Ayer Road","RETAIL","DIANOCHE","29A KRETA AYER ROAD SINGAPORE 088996"
"Street","Pagoda Street","RETAIL","THE JEWELLERY FACTORY","45 PAGODA STREET SINGAPORE 059204"
"In-Mall & Building","Parkway Parade","RETAIL","HEART TO HEART","80 MARINE PARADE ROAD #02-K1 SINGAPORE 449269"
"In-Mall & Building","Bugis Junction","RETAIL","HEART TO HEART","200 VICTORIA STREET #01-UNDER ESCALATOR SINGAPORE 188021"
"In-Mall & Building","NEX","RETAIL","GARMIN","23 SERANGOON CENTRAL #01-82 SINGAPORE 556083"
"In-Mall & Building","Holland Road Shopping Centre","RETAIL","MADE IN PARADISE LUXURY","211 HOLLAND AVENUE #03-34 SINGAPORE 278967"
"Street","South Bridge Road","RETAIL","ON CHEONG JEWELLERY","251 SOUTH BRIDGE ROAD SINGAPORE 058800"
"Street","South Bridge Road","RETAIL","TIN SING GOLDSMITHS PTE LTD","203/205/207 SOUTH BRIDGE ROAD SINGAPORE 058752"
"In-Mall & Building","International Plaza","RETAIL","BRILLIANT OPALS JEWELLERY","10 ANSON ROAD #02-77A SINGAPORE 079903"
"Street","Temple Street","RETAIL","WONG'S JEWELLERY PTE LTD","62 TEMPLE STREET #01-01 SINGAPORE 058607"
"Street","East Coast Road","RETAIL","CHAN WAI JEWELLERY WORKS","423 EAST COAST ROAD SINGAPORE 429010"
"In-Mall & Building","The Arcade","RETAIL","CORALICIOUS","11 COLLYER QUAY #01-29 SINGAPORE 049317"
"In-Mall & Building","Parkway Parade","RETAIL","PRINCESS JEWELLERY - PARKWAY","80 MARINE PARADE ROAD #B1-93/94 SINGAPORE 449269"
"In-Mall & Building","Siglap Centre","RETAIL","IMPRESSIONS JEWELLERY CENTRE PTE LTD","55 SIGLAP ROAD #02-16 SINGAPORE 455871"
"In-Mall & Building","Junction 8","RETAIL","JON LOUIS PARIS","9 BISHAN PLACE #02-KIOSK 3 OUTSIDE OCBC BANK SINGAPORE 579837"
"In-Mall & Building","Plaza Singapura","RETAIL","THE TRAVEL STORE - PLAZA SINGAPURA","68 ORCHARD ROAD #04-05 SINGAPORE 238839"
"In-Mall & Building","Bugis Junction","RETAIL","BRATPACK BUGIS","200 VICTORIA STREET #03-10G SINGAPORE 188021"
"In-Mall & Building","Bugis Junction","RETAIL","TIMBUK2 BUGIS","200 VICTORIA STREET #03-12 SINGAPORE 188021"
"In-Mall & Building","Bugis Junction","RETAIL","EXPLORER AUTHENTIC","200 VICTORIA STREET #03-18 SINGAPORE 188021"
"Street","Teo Hong Road","RETAIL","KAIYO SG PTE. LTD","11 TEO HONG ROAD SINGAPORE 088326"
"In-Mall & Building","NEX","RETAIL","THEIMPRINT","23 SERANGOON CENTRAL #04-K09/K10 SINGAPORE 556083"
"In-Mall & Building","NEX","RETAIL","THE TRAVEL STORE","23 SERANGOON CENTRAL #04-57 SINGAPORE 556083"
"In-Mall & Building","Westgate","RETAIL","BONIA BOUTIQUE - WESTGATE","3 GATEWAY DRIVE #01-40A SINGAPORE 608532"
"In-Mall & Building","Northpoint City","RETAIL","ACTIVE WORLD PTE LTD","930 YISHUN AVENUE 2 #01-11 SINGAPORE 769098"
"In-Mall & Building","One Raffles Place","RETAIL","THE WHISKY DISTILLERY -ORP","1 RAFFLES PLACE #01-07 SINGAPORE 048616"
"In-Mall & Building","Northpoint City","RETAIL","SMIGGLE NORTH POINT","930 YISHUN AVENUE 2 #02-13 SINGAPORE 769098"
"In-Mall & Building","The Arcade","RETAIL","LONGLIFE STATIONERY PTE LTD","11 COLLYER QUAY #01-10 SINGAPORE 049317"
"In-Mall & Building","Raffles Xchange","RETAIL","ELM TREE RAFFLES XCHANGE","5 RAFFLES PLACE #B1-71 SINGAPORE 048618"
"In-Mall & Building","Parkway Parade","RETAIL","SMIGGLE - PARKWAY PARADE","80 MARINE PARADE ROAD #02-24 SINGAPORE 449269"
"In-Mall & Building","NEX","RETAIL","SMIGGLE NEX","23 SERANGOON CENTRAL #01-89/90 SINGAPORE 556083"
"In-Mall & Building","Parkway Parade","RETAIL","EVERGREEN GROUP PTE LTD-PW","80 MARINE PARADE ROAD #03-25 SINGAPORE 449269"
"In-Mall & Building","Raffles Xchange","RETAIL","GUAN HONG STATIONERY CO","5 RAFFLES PLACE #B1-52 SINGAPORE 048618"
"In-Mall & Building","Lot One","RETAIL","SMIGGLE SINGAPORE - LOT ONE","21 CHOA CHU KANG AVENUE 4 #02-10 SINGAPORE 689812"
"In-Mall & Building","Plaza Singapura","RETAIL","SMIGGLE SINGAPORE - PLAZA SING","68 ORCHARD ROAD #B1-02 SINGAPORE 238839"
"In-Mall & Building","Holland Road Shopping Centre","RETAIL","PARTY CITY PTE LTD","211 HOLLAND AVENUE #02-23 SINGAPORE 278967"
"Street","Arab Street","RETAIL","SABRE STROKERS (S.E.A)","35 ARAB STREET SINGAPORE 199734"
"In-Mall & Building","Punggol Waterway Point","RETAIL","PICTURELAND PTE. LTD.","83 PUNGGOL CENTRAL #B1-K21A SINGAPORE 828761"
"In-Mall & Building","Tanjong Pagar Plaza","RETAIL","DYNAMIC PHOTOTRONICS","1 TANJONG PAGAR PLAZA #01-51 SINGAPORE 082001"
"Street","North Bridge Road","RETAIL","REVE HANDICRAFT","800 NORTH BRIDGE ROAD #02-01 SINGAPORE 198768"
"Street","Joo Chiat Road","RETAIL","HULS GALLERY SINGAPORE","292 JOO CHIAT ROAD SINGAPORE 427544"
"Street","South Bridge Road","RETAIL","EAST INSPIRATIONS","256 SOUTH BRIDGE ROAD SINGAPORE 058805"
"Street","Duxton Hill","RETAIL","HULS GALLERY SINGAPORE","24 DUXTON HILL SINGAPORE 089607"
"In-Mall & Building","Paya Lebar Quarter","RETAIL","THEGREENCAPSULE","10 PAYA LEBAR ROAD #04-K1 SINGAPORE 409057"
"In-Mall & Building","Tanjong Pagar Plaza","RETAIL","TALENT ARTS FRAME MAKERS","1 TANJONG PAGAR PLAZA #01-19 SINGAPORE 082001"
"Street","Haji Lane","RETAIL","MR LIM'S SHOP OF VISUAL TREASURES","8 HAJI LANE #02-01 SINGAPORE 189201"
"Street","Joo Chiat Road","RETAIL","EMGALLERY","426A JOO CHIAT ROAD #01-03 SINGAPORE 427644"
"In-Mall & Building","Siglap Centre","RETAIL","WOOD FLOWER COTTAGE","55 SIGLAP ROAD #01-15 SINGAPORE 455871"
"Street","Trengganu Street","RETAIL","DA WEI ARTS N CRAFTS ENTERPRISE","7 TRENGGANU STREET SINGAPORE 058461"
"Street","Tanjong Katong Road","RETAIL","SONG LANG GARDEN","378 TANJONG KATONG ROAD SINGAPORE 437134"
"Street","Joo Chiat Road","RETAIL","CHERRY LANE RECORDS","387 JOO CHIAT ROAD #01-05 SINGAPORE 427623"
"Street","Haji Lane","RETAIL","MUSICOLOGY RECORDS","66 HAJI LANE SINGAPORE 189259"
"Street","North Bridge Road","RETAIL","CURATED RECORDS","766A NORTH BRIDGE ROAD SINGAPORE 198734"
"In-Mall & Building","Plaza Singapura","RETAIL","HOUSE OF KPOP","68 ORCHARD ROAD #03-75 SINGAPORE 238839"
"In-Mall & Building","The Arcade","RETAIL","MOONLIGHT JOAILLERIE","11 COLLYER QUAY #03-21 SINGAPORE 049317"
"In-Mall & Building","Plaza Singapura","RETAIL","NEW AGE FSG","60 ORCHARD ROAD #B2-04A SINGAPORE 238889"
"Street","South Bridge Road","RETAIL","SHI ZHONG BAO PTE LTD","221 SOUTH BRIDGE ROAD SINGAPORE 058770"
"Street","Eng Hoon Street","RETAIL","CALLA LILY","56 ENG HOON STREET #01-56 SINGAPORE 160056"
"In-Mall & Building","Change Alley","RETAIL","LE ROUGE","16 COLLYER QUAY #01-08 SINGAPORE 049318"
"In-Mall & Building","Marina Bay Link Mall","RETAIL","LE ROUGE","8A MARINA BOULEVARD #B2-54 SINGAPORE 018984"
"In-Mall & Building","Holland Road Shopping Centre","RETAIL","JM ASIA TRADING PTE LTD","211 HOLLAND AVENUE #02-30 SINGAPORE 278967"
"In-Mall & Building","Bugis Junction","RESTAURANT","HONG KONG EGGLET - BUGIS JUNCTION","200 VICTORIA STREET #B1-K14 SINGAPORE 188021"
"In-Mall & Building","International Plaza","RETAIL","HERMITAGE QUALITY WINES PTE LTD","10 ANSON ROAD #02-94A SINGAPORE 079903"
"In-Mall & Building","Bugis Junction","RETAIL","ADDON SYSTEMS P/L","200 VICTORIA STREET #03-26A SINGAPORE 188021"
"Street","Ann Siang Road","RETAIL","SEAMLESS BESPOKE","16 ANN SIANG ROAD SINGAPORE 069696"
"In-Mall & Building","The Arcade","RETAIL","VERDI CREATIONS","11 COLLYER QUAY #03-10 SINGAPORE 049317"
"Street","Tras Street","RETAIL","ROSSI APPAREL","68 TRAS STREET #03-01 SINGAPORE 079007"
"In-Mall & Building","I12 Katong","RETAIL","TURTLE","112 EAST COAST ROAD #B1-11 SINGAPORE 428802"
"In-Mall & Building","Bugis Junction","RETAIL","II MONKII","200 VICTORIA STREET #03-13A SINGAPORE 188021"
"In-Mall & Building","Bugis+","RETAIL","OH HAPPY DAYS","201 VICTORIA STREET #02-71 SINGAPORE 188067"
"In-Mall & Building","Bugis+","RETAIL","SHADORI","201 VICTORIA STREET #02-61 SINGAPORE 188067"
"Street","Joo Chiat Road","RETAIL","WYLD AGENCIES PTE LTD","412 JOO CHIAT ROAD SINGAPORE 427637"
"In-Mall & Building","One Raffles Place","RETAIL","GG<5 - ONE RAFFLES PLACE","1 RAFFLES PLACE #02-18/20 SINGAPORE 048616"
"In-Mall & Building","Bugis Junction","RETAIL","HELEN ACCESSORIES","200 VICTORIA STREET #02-41/41A SINGAPORE 188024"
"In-Mall & Building","Parkway Parade","RETAIL","HELEN ACCESSORIES","80 MARINE PARADE ROAD #01-K7 SINGAPORE 467360"
"In-Mall & Building","Junction 8","RETAIL","HELEN ACCESSORIES BISHAN","9 BISHAN PLACE #02-11 SINGAPORE 579837"
"In-Mall & Building","Punggol Waterway Point","RETAIL","HELEN","83 PUNGGOL CENTRAL #01-K19 SINGAPORE 828761"
"In-Mall & Building","Lot One","RETAIL","HELEN","21 CHOA CHU KANG AVENUE 4 #02-K7 SINGAPORE 689812"
"In-Mall & Building","Northpoint City","RETAIL","HELEN ACCESSORIES","1 NORTHPOINT DRIVE #01-104 SINGAPORE 768019"
"In-Mall & Building","Parkway Parade","RETAIL","GG<5 - PARKWAY PARADE","80 MARINE PARADE ROAD #01-78/79 SINGAPORE 449269"
"In-Mall & Building","Holland Road Shopping Centre","RETAIL","DOUBLE SPRING ENTERPRISE","211 HOLLAND AVENUE #02-27/28 SINGAPORE 278967"
"In-Mall & Building","Bugis Junction","RETAIL","LVER LA VIE EN ROSE","200 VICTORIA STREET #01-20/36 SINGAPORE 188021"
"In-Mall & Building","Paya Lebar Quarter","RETAIL","TOM & STEFANIE","10 PAYA LEBAR ROAD #03-18 SINGAPORE 409057"
"In-Mall & Building","Plaza Singapura","RETAIL","CHICCO","68 ORCHARD ROAD #04-12B SINGAPORE 238839"
"Street","Kreta Ayer Road","RETAIL","ALISHA & LACE WEDDING - KRETA AYER","25 KRETA AYER ROAD SINGAPORE 088993"
"Street","Tanjong Pagar Road","RETAIL","CANG-AI WEDDING","85 TANJONG PAGAR ROAD SINGAPORE 088506"
"Street","Kreta Ayer Road","RETAIL","ZANN & DENN","333 KRETA AYER ROAD #01-19 SINGAPORE 080333"
"In-Mall & Building","Junction 8","RETAIL","POH KIM VIDEO","9 BISHAN PLACE #04-02C SINGAPORE 579837"
"In-Mall & Building","Plaza Singapura","RETAIL","POH KIM - PLAZA SINGAPURA","68 ORCHARD ROAD #04-13 SINGAPORE 238839"
"In-Mall & Building","Junction 8","RETAIL","3 MOBILE TELECOM PTE LTD","9 BISHAN PLACE #02-32 SINGAPORE 579837"
"In-Mall & Building","Plaza Singapura","RETAIL","HANDPHONESHOP PTE LTD","68 ORCHARD ROAD #B2-23 SINGAPORE 238839"
"In-Mall & Building","The Arcade","RETAIL","I COMM MOBILE","11 COLLYER QUAY #01-04 SINGAPORE 049317"
"In-Mall & Building","NEX","RETAIL","SAMSUNG EXPERIENCE STORE - NEX","23 SERANGOON CENTRAL #04-42 SINGAPORE 556083"
"In-Mall & Building","Bedok Mall","RETAIL","SAMSUNG EXPERIENCE STORE - BEDOK MALL","311 NEW UPPER CHANGI ROAD #B1-07 SINGAPORE 467360"
"In-Mall & Building","Plaza Singapura","RETAIL","MOBILE ART - PLAZA SING","68 ORCHARD ROAD #B1-K2 SINGAPORE 238839"
"In-Mall & Building","Westgate","RETAIL","G-FORCE NETWORK PTE LTD","3 GATEWAY DRIVE #03-43 SINGAPORE 608532"
"In-Mall & Building","Bugis Junction","RETAIL","G-FORCE NETWORK PTE LTD","200 VICTORIA STREET #01-56/57 SINGAPORE 188021"
"In-Mall & Building","Tampines Mall","RESTAURANT","ENCIK TAN - TAMPINES MALL","4 TAMPINES CENTRAL 5 #B1-11 SINGAPORE 529510"
"In-Mall & Building","West Mall","RETAIL","EYESIGHT EYEWEAR","1 BUKIT BATOK CENTRAL LINK #04-05 SINGAPORE 658713"
"In-Mall & Building","NEX","RETAIL","EYECHAMP OPTOMETRISTS","23 SERANGOON CENTRAL #B1-50/51 SINGAPORE 556083"
"In-Mall & Building","One Raffles Place","RETAIL","HIROCON PTE LTD - ONE RAFFLES PLACE","1 RAFFLES PLACE #03-26 SINGAPORE 048616"
"Street","East Coast Road","RETAIL","FIRST EYEWEAR CENTRE","713 EAST COAST ROAD SINGAPORE 459066"
"In-Mall & Building","Punggol Waterway Point","RETAIL","BETTER VISION PL","83 PUNGGOL CENTRAL #B1-02 SINGAPORE 828761"
"In-Mall & Building","Punggol Waterway Point","RETAIL","EYECHAMP OPTOMETRISTS","83 PUNGGOL CENTRAL #02-31 SINGAPORE 828761"
"In-Mall & Building","NEX","RETAIL","EYECARE STUDIO NEX","23 SERANGOON CENTRAL #04-58 SINGAPORE 556083"
"In-Mall & Building","Junction 8","RETAIL","BOLON EYE WEAR - JUNCTION 8","9 BISHAN PLACE #01-12 SINGAPORE 579837"
"In-Mall & Building","Plaza Singapura","RETAIL","KJ OPTOMETRISTS","68 ORCHARD ROAD #04-52 SINGAPORE 238839"
"In-Mall & Building","The Arcade","RETAIL","D OPTOMETRISTS","11 COLLYER QUAY #02-17 SINGAPORE 049317"
"In-Mall & Building","Parkway Parade","RETAIL","PAVILION OPTICS & CONTACT LENS CENTRE","80 MARINE PARADE ROAD #B1-057 SINGAPORE 449269"
"In-Mall & Building","Siglap Centre","RETAIL","EYE BRACES CLINIC PTE. LTD.","55 SIGLAP ROAD #B1-18 SINGAPORE 455871"
"In-Mall & Building","Westgate","RETAIL","KIMOJ WESTGATE","3 GATEWAY DRIVE #02-34 SINGAPORE 608532"
"In-Mall & Building","Westgate","RETAIL","BETTER VISION PTE LTD","3 GATEWAY DRIVE #B1-32 SINGAPORE 608532"
"In-Mall & Building","Holland Road Shopping Centre","RETAIL","HOLLAND OPTICAL CO","211 HOLLAND AVENUE #02-09 SINGAPORE 278967"
"In-Mall & Building","International Plaza","RETAIL","JUST EYES","10 ANSON ROAD #02-50 SINGAPORE 079903"
"In-Mall & Building","Bugis Junction","RETAIL","OPTIQUE PARIS MIKI - BJ","200 VICTORIA STREET #03-07 SINGAPORE 188021"
"In-Mall & Building","Plaza Singapura","RETAIL","OPTIQUE PARIS MIKI - PS","68 ORCHARD ROAD #03-22 SINGAPORE 238839"
"Street","South Bridge Road","RETAIL","THE EYE PLACE PTE LTD","223 SOUTH BRIDGE ROAD SINGAPORE 058772"
"In-Mall & Building","Holland Road Shopping Centre","RETAIL","OPTIQUE PARIS MIKI- HV","211 HOLLAND AVENUE #02-19/20 SINGAPORE 278967"
"In-Mall & Building","Junction 8","RETAIL","OPTIQUE PARIS MIKI - J8","9 BISHAN PLACE #02-04 SINGAPORE 579837"
"In-Mall & Building","Parkway Parade","RETAIL","OPTIQUE PARIS MIKI - PP","80 MARINE PARADE ROAD #B1-09 SINGAPORE 449269"
"In-Mall & Building","Northpoint City","RETAIL","BETTER VISION PTE LTD","930 YISHUN AVENUE 2 #B1-34 SINGAPORE 769098"
"In-Mall & Building","Tampines Mall","RETAIL","BETTER VISION PTE LTD","4 TAMPINES CENTRAL 5 #02-30 SINGAPORE 529510"
"In-Mall & Building","Plaza Singapura","RETAIL","B.S.MOEY-CHONG OPTOM & C L PRAC P/L","68 ORCHARD ROAD #03-73A SINGAPORE 238839"
"In-Mall & Building","West Mall","RETAIL","EYELINK","1 BUKIT BATOK CENTRAL LINK #02-03 SINGAPORE 658713"
"In-Mall & Building","Junction 8","RETAIL","MINISO - JUNCTION 8","9 BISHAN PLACE #03-11 SINGAPORE 579837"
"In-Mall & Building","The Star Vista","RETAIL","MINISO - THE STAR VISTA","1 VISTA EXCHANGE GREEN #01-12/13 SINGAPORE 138617"
"In-Mall & Building","Punggol Waterway Point","RETAIL","MINISO-WATERWAY POINT","83 PUNGGOL CENTRAL #B2-14 SINGAPORE 828761"
"Street","Pekin Street","RETAIL","VEND ASIA (S) PTE. LTD.","32 PEKIN STREET #05-01 SINGAPORE 048762"
"In-Mall & Building","Paya Lebar Quarter","RETAIL","MINISO - PLQ","10 PAYA LEBAR ROAD #B1-11/12 SINGAPORE 409057"
"In-Mall & Building","Plaza Singapura","RETAIL","ASTALIFT","68 ORCHARD ROAD #01-62 SINGAPORE 238839"
"In-Mall & Building","Holland Road Shopping Centre","RETAIL","LIM'S UNIFORMS","211 HOLLAND AVENUE #02-18 SINGAPORE 278967"
"Street","North Bridge Road","RETAIL","TACKLE WORLD UNLIMITED","13 NORTH BRIDGE ROAD #01-3972 SINGAPORE 190013"
"In-Mall & Building","Northpoint City","RETAIL","MINISO - NP","930 YISHUN AVENUE 2 #B1-143/144/145 SINGAPORE 769098"
"In-Mall & Building","Westgate","RETAIL","MINISO WESTGATE","3 GATEWAY DRIVE #02-09 SINGAPORE 608532"
"In-Mall & Building","Raffles Xchange","RETAIL","MINISO RAFFLES XCHANGE","5 RAFFLES PLACE #B1-35/36 SINGAPORE 048618"
"In-Mall & Building","Bedok Mall","RETAIL","MINISO BEDOK MALL","311 NEW UPPER CHANGI ROAD #B2-14 SINGAPORE 467360"
"In-Mall & Building","NEX","RETAIL","MINISO NEX","23 SERANGOON CENTRAL #B2-19/20/21 SINGAPORE 556083"
"In-Mall & Building","Holland Road Shopping Centre","RETAIL","VARIWARE TRADING PTE LTD","211 HOLLAND AVENUE #02-24 SINGAPORE 278967"
"In-Mall & Building","Tampines Mall","RETAIL","THE AROMA HUB TAMPINES","4 TAMPINES CENTRAL 5 #03-K4 SINGAPORE 529510"
"In-Mall & Building","Northpoint City","RETAIL","THE AROMA HUB NORTHPOINT","930 YISHUN AVENUE 2 #01-18 SINGAPORE 769098"
"In-Mall & Building","Bugis+","RETAIL","THE SMELL LAB BUGIS","201 VICTORIA STREET #01-09 SINGAPORE 188067"
"In-Mall & Building","Northpoint City","RETAIL","THE GREEN PARTY - NORTH POINT","930 YISHUN AVENUE 2 #01-107/018 /115-117 SINGAPORE 769098"
"In-Mall & Building","Parkway Parade","RETAIL","TECH HOUSE PARKWAY PARADE","80 MARINE PARADE ROAD #02-K4 SINGAPORE 449269"
"In-Mall & Building","NEX","RETAIL","THE GREEN PARTY - NEX","23 SERANGOON CENTRAL #04-55/56 SINGAPORE 556083"
"In-Mall & Building","Marina Bay Link Mall","RETAIL","ESSENSUALS BY TONI&GUY","8A MARINA BOULEVARD #B2-22 SINGAPORE 018984"
"In-Mall & Building","Myvillage - Serangoon","RETAIL","HYGGERIUM - MYVILLAGE SERANGOON","1 MAJU AVENUE #01-21 SINGAPORE 556679"
"In-Mall & Building","NEX","RETAIL","TECH HOUSE - NEX","23 SERANGOON CENTRAL #04-K1/K2 SINGAPORE 556083"
"In-Mall & Building","Westgate","RETAIL","TECH HOUSE - WESTGATE","3 GATEWAY DRIVE #B1-44 SINGAPORE 608532"
"In-Mall & Building","Tampines Mall","RETAIL","TECH HOUSE - TAMPINES MALL","4 TAMPINES CENTRAL 5 #04-03 SINGAPORE 529510"
"In-Mall & Building","Northpoint City","RETAIL","MY DIGITAL LOCK - NORTHPOINT BIZHUB","930 YISHUN AVENUE 2 #02-21 SINGAPORE 769098"
"In-Mall & Building","NEX","RETAIL","MY DIGITAL LOCK - NEX","23 SERANGOON CENTRAL #04-38 SINGAPORE 556083"
"In-Mall & Building","Junction 8","RETAIL","TECH HOUSE - JUNCTION 8","9 BISHAN PLACE #02-38A SINGAPORE 579837"
"In-Mall & Building","The Arcade","RETAIL","MERCURY MOBILE","11 COLLYER QUAY #01-30 SINGAPORE 049317"
"In-Mall & Building","IMM Building","RETAIL","MY DIGITAL LOCK - IMM","2 JURONG EAST STREET 21 #03-16 SINGAPORE 609601"
"Street","Sago Street","RETAIL","ENJOY TEA","32 SAGO STREET SINGAPORE 059025"
"In-Mall & Building","Punggol Waterway Point","RETAIL","MY DIGITAL LOCK - WATERWAY POINT","83 PUNGGOL CENTRAL #B2-13 SINGAPORE 828761"
"In-Mall & Building","Bugis Junction","RETAIL","BOROFONE","200 VICTORIA STREET #01-54 SINGAPORE 188021"
"In-Mall & Building","The Arcade","RETAIL","SEA SOUND PTE LTD","11 COLLYER QUAY #01-25 SINGAPORE 049317"
"In-Mall & Building","Holland Road Shopping Centre","RETAIL","INTERPAX ENTERPRISES","211 HOLLAND AVENUE #03-20 SINGAPORE 278967"
"Street","Maju Avenue","RETAIL","SPECSHOP","3 MAJU AVENUE SINGAPORE 556681"
"In-Mall & Building","International Plaza","RETAIL","EYES FUSION OPTOMETRISTS","10 ANSON ROAD #01-71 SINGAPORE 079903"
"In-Mall & Building","Parkway Parade","RETAIL","OJO OPTOMETRIST","80 MARINE PARADE ROAD #B1-26/27 SINGAPORE 449269"
"In-Mall & Building","Paya Lebar Quarter","RETAIL","J GLASSES PTE LTD","10 PAYA LEBAR ROAD #03-17 SINGAPORE 409057"
"In-Mall & Building","The Star Vista","RETAIL","O+","1 VISTA EXCHANGE GREEN #01-11 SINGAPORE 138617"
"In-Mall & Building","Hong Leong Building","SERVICES","ANSON TAILORS","16 RAFFLES QUAY #14-04 SINGAPORE 048581"
"In-Mall & Building","Holland Road Shopping Centre","SERVICES","VANDA GENTS TAILOR","211 HOLLAND AVENUE #03-16 SINGAPORE 278967"
"In-Mall & Building","Change Alley","SERVICES","SPARK TAILOR","16 COLLYER QUAY #02-06 SINGAPORE 049318"
"In-Mall & Building","Change Alley","SERVICES","GENTLEMEN QUARTERS CUSTOM TAIL","30 RAFFLES PLACE #03-08/09 SINGAPORE 048622"
"In-Mall & Building","Hong Leong Building","SERVICES","ANSON TAILOR","16 RAFFLES QUAY #B1-01 SINGAPORE 048581"
"Street","Smith Street","SERVICES","ABBA'S DEPARTMENTAL STORE-SMITH STREET","4 SMITH STREET SINGAPORE 058917"
"In-Mall & Building","Westgate","RETAIL","DREAME - WESTGATE","3 GATEWAY DRIVE #03-35 SINGAPORE 608532"
"In-Mall & Building","Bugis Junction","RETAIL","ATRIX ASUS EXCLUSIVE STORE","200 VICTORIA STREET #03-03/04 SINGAPORE 188021"
"In-Mall & Building","Plaza Singapura","RETAIL","BALLY PHOTO ELECTRONICS PTE LTD","68 ORCHARD ROAD #04-43 SINGAPORE 238839"
"In-Mall & Building","The Woodleigh Mall","RESTAURANT","EAT - WOODLEIGH","11 BIDADARI PARK DRIVE #B1-K40 SINGAPORE 367803"
"Street","Lorong Liput","RETAIL","PARISILK ELECTRONICS & COMPUTER P/L","17B LORONG LIPUT #01-01 SINGAPORE 277747"
"In-Mall & Building","Lot One","RETAIL","KODAK EXPRESS","21 CHOA CHU KANG AVENUE 4 #B1-21 SINGAPORE 689812"
"In-Mall & Building","Northpoint City","RETAIL","E-LIFE ENTERPRISE PTE LTD","930 YISHUN AVENUE 2 #B1-31 SINGAPORE 769098"
"In-Mall & Building","Tampines Mall","RETAIL","ATRIX - TAMPINES MALL","4 TAMPINES CENTRAL 5 #03-06 SINGAPORE 529510"
"Street","East Coast Road","RETAIL","LOVING PETS","168 EAST COAST ROAD SINGAPORE 428866"
"Street","Tanjong Katong Road","RETAIL","WELLFOND PETS PTE LTD","328 TANJONG KATONG ROAD SINGAPORE 437105"
"Street","Greenwood Avenue","RETAIL","DOGGIE DELIGHT PTE LTD","26/28 GREENWOOD AVENUE SINGAPORE 289227"
"In-Mall & Building","The Star Vista","RETAIL","PICK A PET STAR","1 VISTA EXCHANGE GREEN #01-14/15 SINGAPORE 138617"
"Street","East Coast Park","RETAIL","PETMASTER-EAST COAST","920 EAST COAST PARKWAY #01-03 - 08 SINGAPORE 449875"
"In-Mall & Building","NEX","RETAIL","PICK A PET PTE LTD","23 SERANGOON CENTRAL #04-03/71 SINGAPORE 556083"
"Street","Maju Avenue","RETAIL","PETS' STATION","16 MAJU AVENUE SINGAPORE 556692"
"Street","Temple Street","RETAIL","CHOCO ATELIER","36 TEMPLE STREET #01-03/04/05 SINGAPORE 058581"
"In-Mall & Building","Bugis Junction","RETAIL","GODIVA BUGIS STORE","200 VICTORIA STREET #01-60/60A SINGAPORE 188021"
"Street","Mohamed Sultan Road","RETAIL","LAURENT BERNARD CHOCOLATIER","80 MOHAMED SULTAN ROAD #01-11 SINGAPORE 239013"
"In-Mall & Building","IMM Building","RETAIL","DREAMS STUDIO","2 JURONG EAST STREET 21 #03-30A SINGAPORE 609601"
"In-Mall & Building","Northpoint City","RETAIL","HOME S HARMONY - NORTHPOINT CITY","1 NORTHPOINT DRIVE #B1-140/141/142 SINGAPORE 768019"
"In-Mall & Building","Punggol Waterway Point","RETAIL","HOME S HARMONY - WATERWAY POINT","83 PUNGGOL CENTRAL #B2-22 SINGAPORE 828761"
"In-Mall & Building","NEX","RETAIL","HOME'S HARMONY - NEX","23 SERANGOON CENTRAL #02-32 SINGAPORE 556083"
"In-Mall & Building","IMM Building","RETAIL","ABSOLUTE BEDDING INTERNATIONAL PTE LTD","2 JURONG EAST STREET 21 #03-24 SINGAPORE 609601"
"In-Mall & Building","Paya Lebar Quarter","RETAIL","HOME S HARMONY-PLQ","10 PAYA LEBAR ROAD #B1-29 SINGAPORE 409057"
"In-Mall & Building","IMM Building","RETAIL","SLUMBERLAND","2 JURONG EAST STREET 21 #03-06 SINGAPORE 609601"
"Street","Joo Chiat Road","RETAIL","BUTCHER BOX","414 JOO CHIAT ROAD SINGAPORE 427638"
"Street","Mohamed Sultan Road","RETAIL","BUTCHER BOX","80 MOHAMED SULTAN ROAD #01-07/08/09 SINGAPORE 239013"
"Street","Joo Chiat Road","RETAIL","BAGGIE'S DELI","236 JOO CHIAT ROAD SINGAPORE 427493"
"Street","Joo Chiat Road","RETAIL","MOBILI BATH AND LIGHT","52 JOO CHIAT ROAD #01-01 SINGAPORE 427374"
"In-Mall & Building","IMM Building","RETAIL","ASIA EXCEL","2 JURONG EAST STREET 21 #03-12 SINGAPORE 609601"
"Street","Beach Road","RETAIL","MODESTE","339 BEACH ROAD SINGAPORE 199566"
"In-Mall & Building","Bugis+","RETAIL","KANEMOCHI","201 VICTORIA STREET #02-50 SINGAPORE 188067"
"In-Mall & Building","IMM Building","RETAIL","FOSSIL SINGAPORE PTE LTD","2 JURONG EAST STREET 21 #01-85 SINGAPORE 609601"
"In-Mall & Building","Parkway Parade","RETAIL","YUEN LOONG WATCH","80 MARINE PARADE ROAD #03-L1 SINGAPORE 449269"
"Street","Mohamed Sultan Road","RETAIL","RUBIN GROUP","33 MOHAMED SULTAN ROAD #02-07 SINGAPORE 238977"
"In-Mall & Building","Paya Lebar Quarter","RETAIL","WATCH IT","10 PAYA LEBAR ROAD #03-33 SINGAPORE 409057"
"In-Mall & Building","International Plaza","RETAIL","ADVANCE LAP PTE LTD","10 ANSON ROAD #01-70 SINGAPORE 079903"
"In-Mall & Building","Tampines Mall","RETAIL","VINCENT WATCH PTE LTD","4 TAMPINES CENTRAL 5 #01-07 SINGAPORE 529510"
"In-Mall & Building","Holland Road Shopping Centre","RETAIL","LIPO DEPARTMENT STORE","211 HOLLAND AVENUE #02-05 SINGAPORE 278967"
"In-Mall & Building","Bugis Junction","RETAIL","ALL WATCHES PTE LTD - BUGIS JUNCTION","200 VICTORIA STREET #01-104/105 SINGAPORE 188021"
"Street","Joo Chiat Road","RETAIL","IMRAN'S CONFECTIONERY","127 JOO CHIAT ROAD SINGAPORE 427414"
"In-Mall & Building","Change Alley","RETAIL","LE PETIT CROISSANT","16 COLLYER QUAY #01-06 SINGAPORE 049318"
"Street","Arab Street","RETAIL","ALL THINGS DELICIOUS","34 ARAB STREET #01-01 SINGAPORE 199733"
"Street","Smith Street","RETAIL","KELE CHINATOWN","2 SMITH STREET SINGAPORE 058917"
"Street","Joo Chiat Road","RETAIL","BAKE WITH YEN - JOO CHIAT","34 JOO CHIAT ROAD SINGAPORE 427364"
"In-Mall & Building","100AM","RETAIL","PULLMAN BAKERY","100 TRAS STREET #01-03 SINGAPORE 079027"
"Street","Jalan Kledek","RETAIL","MOTHER DOUGH","3 JALAN KLEDEK #01-- SINGAPORE 199259"
"In-Mall & Building","The Star Vista","RETAIL","THE HEADLESS BAKER & SONS","1 VISTA EXCHANGE GREEN #01-14 SINGAPORE 138617"
"Street","Joo Chiat Road","RETAIL","OLSEN BAKEHOUSE","301 JOO CHIAT ROAD SINGAPORE 427552"
"Street","Amoy Street","RETAIL","THE FAT KID BAKERY","39 AMOY STREET SINGAPORE 069865"
"In-Mall & Building","Plaza Singapura","RETAIL","EMICAKES (S) PTE LTD","68 ORCHARD ROAD #B2-60 SINGAPORE 238839"
"Street","Club Street","RETAIL","GRAB N GO MART","31 CLUB STREET #01-01 SINGAPORE 069468"
"Street","East Coast Road","RETAIL","ANATTA - THE DOMAIN","914 EAST COAST ROAD #01-02 SINGAPORE 459108"
"Street","Neil Road","RETAIL","ANATTA","130 NEIL ROAD SINGAPORE 088859"
"In-Mall & Building","Parkway Parade","RETAIL","CHALK FARM PTE LTD","80 MARINE PARADE ROAD #B1-83M SINGAPORE 238859"
"In-Mall & Building","Northpoint City","RETAIL","YUMMI HOUSE - NORTHPOINT","1 NORTHPOINT DRIVE #B1-158 SINGAPORE 768019"
"In-Mall & Building","NEX","RETAIL","KIM HING FOOD - NEX","23 SERANGOON CENTRAL #03-39 SINGAPORE 556083"
"In-Mall & Building","Paya Lebar Quarter","RETAIL","KINOHIMITSU - PLQ MALL","10 PAYA LEBAR ROAD #B1-K1 SINGAPORE 409057"
"In-Mall & Building","Tampines Mall","RETAIL","KINOHIMITSU - TAMPINES MALL","4 TAMPINES CENTRAL 5 #02-KIOSK 001 SINGAPORE 529510"
"In-Mall & Building","NEX","RETAIL","YUE HWA CHINESE PRODUCTS - NEX","23 SERANGOON CENTRAL #03-21 SINGAPORE 556083"
"In-Mall & Building","Parkway Parade","RETAIL","HONEYWORLD - PARKWAY","80 MARINE PARADE ROAD #B1-55 SINGAPORE 449269"
"In-Mall & Building","One Raffles Place","RETAIL","HONEYWORLD - RAFFLES PLC","1 RAFFLES PLACE #B1-33 SINGAPORE 048616"
"Street","Arab Street","RETAIL","PAN-PACIFIC TECHNOLOGY PTE LTD","94 ARAB STREET SINGAPORE 199794"
"Street","South Bridge Road","RETAIL","TECK SOON MEDICAL HALL PTE LTD","276 SOUTH BRIDGE ROAD SINGAPORE 058825"
"Street","South Bridge Road","RETAIL","TECK SOON MEDICAL HALL PTE LTD","281 SOUTH BRIDGE ROAD SINGAPORE 058830"
"Street","Upper Cross Street","RETAIL","ENHANCE ORGANIC BIOTECHNOLOGY INC P/L","46 UPPER CROSS STREET #01-02A SINGAPORE 058345"
"In-Mall & Building","Parkway Parade","RETAIL","OWELL BODYCARE PTE LTD","80 MARINE PARADE ROAD #B1-101 SINGAPORE 449269"
"In-Mall & Building","Bedok Mall","RETAIL","SINCHONG MEHECO LTD","311 NEW UPPER CHANGI ROAD #B2-48 SINGAPORE 467360"
"In-Mall & Building","Northpoint City","RETAIL","WING JOO LOONG GINSENG HONG S CO","930 YISHUN AVENUE 2 #B2-17/18 SINGAPORE 769098"
"In-Mall & Building","Northpoint City","RETAIL","NOVITA NORTH POINT","930 YISHUN AVENUE 2 #B1-121/122 SINGAPORE 769098"
"Street","Upper Cross Street","RETAIL","MING TAI","34 UPPER CROSS STREET #01-150 SINGAPORE 050034"
"In-Mall & Building","Plaza Singapura","RETAIL","NOVITA- PLAZA SINGAPURA","68 ORCHARD ROAD #03-76 SINGAPORE 238839"
"In-Mall & Building","West Mall","RETAIL","THE LISTENING LAB","1 BUKIT BATOK CENTRAL LINK #02-10 SINGAPORE 658713"
"In-Mall & Building","Westgate","RETAIL","NOVITA- WEST GATE","3 GATEWAY DRIVE #01-K3 SINGAPORE 608532"
"Street","Smith Street","RETAIL","BEE S BRAND -SS","64 - 66 SMITH STREET SINGAPORE 058964"
"Street","Sago Lane","RETAIL","BEE S BRAND - SL","4 SAGO LANE #01-101 SINGAPORE 050004"
"In-Mall & Building","Tampines Mall","RETAIL","OWELL","4 TAMPINES CENTRAL 5 #B1-23 SINGAPORE 529510"
"Street","South Bridge Road","RETAIL","YEOW SENG (SEAFOOD) PTE LTD","35 SOUTH BRIDGE ROAD SINGAPORE 058669"
"In-Mall & Building","Northpoint City","RETAIL","KINOHIMITSU-NORTHPOINT","930 YISHUN AVENUE 2 #01-111 SINGAPORE 769098"
"In-Mall & Building","NEX","RETAIL","AMAZING HEARING CENTRE NEX","23 SERANGOON CENTRAL #B1-50/51 SINGAPORE 556083"
"Street","East Coast Road","RETAIL","ZERO HEALTHCARE","180 EAST COAST ROAD SINGAPORE 428886"
"In-Mall & Building","IMM Building","RETAIL","ZERO HEALTHCARE PTE LTD","2 JURONG EAST STREET 21 #03-32 SINGAPORE 609601"
"In-Mall & Building","Parkway Parade","RETAIL","NOVITA","80 MARINE PARADE ROAD #B1-K3 SINGAPORE 449269"
"Street","Serangoon Garden Way","RETAIL","CHONG HOE CHINESE MEDICAL STORE P/L","61 SERANGOON GARDEN WAY SINGAPORE 555957"
"In-Mall & Building","IMM Building","RETAIL","OWELL BODYCARE PTE LTD","2 JURONG EAST STREET 21 #01-67 SINGAPORE 609601"
"Street","Temple Street","RETAIL","TECK YIN SOON CHINESE MEDICAL HALL P/L","71 TEMPLE STREET SINGAPORE 058615"
"In-Mall & Building","International Plaza","RETAIL","KEMP SINGAPORE PTE LTD","10 ANSON ROAD #02-86 SINGAPORE 079903"
"In-Mall & Building","Parkway Parade","RETAIL","DAH KAI MEDICAL&DEPARTMENTAL STORE PL","80 MARINE PARADE ROAD #03-20 SINGAPORE 449269"
"In-Mall & Building","Bedok Mall","RETAIL","SEA-HORSE-BDM","311 NEW UPPER CHANGI ROAD #B1-60 SINGAPORE 467360"
"In-Mall & Building","IMM Building","RETAIL","SEAGULL FURNITURE CORPORATION PTE LTD","2 JURONG EAST STREET 21 #03-49 SINGAPORE 609601"
"In-Mall & Building","Junction 8","RETAIL","SEA HORSE","9 BISHAN PLACE #03-02A SINGAPORE 648331"
"In-Mall & Building","NEX","RETAIL","SEA-HORSE-NEX","23 SERANGOON CENTRAL #03-18 SINGAPORE 556083"
"In-Mall & Building","IMM Building","RETAIL","RATTAN PACIFIC PTE LTD","2 JURONG EAST STREET 21 #03-22 SINGAPORE 609601"
"In-Mall & Building","IMM Building","RETAIL","MR DECOR FURNITURE GALLERY","2 JURONG EAST STREET 21 #03-28/29 SINGAPORE 609601"
"In-Mall & Building","Plaza Singapura","RETAIL","INSTA360","68 ORCHARD ROAD #03-25 SINGAPORE 238839"
"In-Mall & Building","Bugis Junction","RETAIL","MONTIGO","200 VICTORIA STREET #01-K10-02 SINGAPORE 188021"
"In-Mall & Building","Tampines Mall","RETAIL","MONTIGO","4 TAMPINES CENTRAL 5 #03-K2 SINGAPORE 529510"
"In-Mall & Building","Junction 8","RETAIL","MONTIGO","9 BISHAN PLACE #01-K5 SINGAPORE 579837"
"Street","Beach Road","RETAIL","THE BELUGA CLUB","247 BEACH ROAD #02-- SINGAPORE 189756"
"In-Mall & Building","International Plaza","RETAIL","KEMP SERVICES PTE LTD","10 ANSON ROAD #02-86 SINGAPORE 079903"
"In-Mall & Building","NEX","RETAIL","H2 HUB - NEX","23 SERANGOON CENTRAL #01-K11/K12 SINGAPORE 556083"
"In-Mall & Building","Bedok Mall","RETAIL","H2 HUB - BEDOK MALL","311 NEW UPPER CHANGI ROAD #01-83/84 SINGAPORE 467360"
"Street","Bukit Pasoh Road","RETAIL","THE BESPOKE DB COLLECTION","2 BUKIT PASOH ROAD SINGAPORE 089816"
"In-Mall & Building","Plaza Singapura","RETAIL","PROPELLER SINGAPORE","68 ORCHARD ROAD #03-26 SINGAPORE 238839"
"In-Mall & Building","Westgate","RETAIL","DIGI-SOUND HEARING CARE CENTRE - WEST","3 GATEWAY DRIVE #04-24 SINGAPORE 608532"
"Street","Joo Chiat Road","RETAIL","DIGI-SOUND HEARING CARE CENTRE - JOO C","442 JOO CHIAT ROAD SINGAPORE 427655"
"In-Mall & Building","NEX","RETAIL","CONCEPT WATCH - NEX","23 SERANGOON CENTRAL #01-74 SINGAPORE 556083"
"In-Mall & Building","Parkway Parade","RETAIL","IUIGA - PARKWAY PARADE","80 MARINE PARADE ROAD #01-36A SINGAPORE 449269"
"Street","Cecil Street","RETAIL","JOE'S TAILORING & FASHION DESIGN","20 CECIL STREET #02-11/12/13 SINGAPORE 049705"
"Street","Trengganu Street","RETAIL","LONG YAN TAN INTERNATIONAL TEA TRADING","25 TRENGGANU STREET #01-07 SINGAPORE 058476"
"In-Mall & Building","Plaza Singapura","RETAIL","CAESARS - PLAZA SINGAPURA","68 ORCHARD ROAD #07-14 SINGAPORE 238839"
"Street","Fullerton Road","RETAIL","SOUVENIRS & GIFTS","3 FULLERTON ROAD #01-04 SINGAPORE 049215"
"Street","Kandahar Street","RETAIL","QI NEW AGE & HEALING","42 KANDAHAR STREET SINGAPORE 198896"
"Street","Pagoda Street","RETAIL","PARADISE GIFT MARKETING PTE LTD","66 PAGODA STREET SINGAPORE 059225"
"Street","Trengganu Street","RETAIL","INS-WELL TRADING","12 TRENGGANU STREET SINGAPORE 058466"
"Street","Pagoda Street","RETAIL","PARADISE GIFT MARKETING PTE LTD","70 PAGODA STREET SINGAPORE 059229"
"Street","Syed Alwi Road","RETAIL","SRI MURUGAN","86 SYED ALWI ROAD SINGAPORE 207665"
"Street","East Coast Road","RETAIL","SRI MURUGAN","46 EAST COAST ROAD #01-01 SINGAPORE 428766"
"Street","East Coast Road","RETAIL","VEGGYYA","355 EAST COAST ROAD SINGAPORE 428972"
"Street","Joo Chiat Road","RETAIL","THE CHEESE SHOP - JOO CHIAT","267 JOO CHIAT ROAD #01-01 SINGAPORE 427521"
"In-Mall & Building","Punggol Waterway Point","RETAIL","STELLAR - WATERWAY POINT","83 PUNGGOL CENTRAL #01-K17 SINGAPORE 828761"
"In-Mall & Building","Bugis+","RETAIL","KBOX","201 VICTORIA STREET #02-59/60 SINGAPORE 188067"
"In-Mall & Building","Parkway Parade","RETAIL","CHOMEL PARKWAY PARADE","80 MARINE PARADE ROAD #01-24 SINGAPORE 449269"
"In-Mall & Building","Plaza Singapura","RETAIL","KBOX - PLAZA SINGAPURA","68 ORCHARD ROAD #B1-38 SINGAPORE 238839"
"In-Mall & Building","The Woodleigh Mall","RESTAURANT","HONG KONG EGGLET - WOODLEIGH MALL","11 BIDADARI PARK DRIVE #B1-K8 SINGAPORE 367803"
"In-Mall & Building","The Woodleigh Mall","RESTAURANT","NAM KEE PAU THE WOODLEIGH MALL","11 BIDADARI PARK DRIVE #B1-K33 SINGAPORE 367803"
"In-Mall & Building","Junction 8","RETAIL","KBOX","9 BISHAN PLACE #01-44A SINGAPORE 579837"
"In-Mall & Building","The Star Vista","RETAIL","JACOB RACHEL","1 VISTA EXCHANGE GREEN #01-27 SINGAPORE 138617"
"In-Mall & Building","Northpoint City","RETAIL","STELLAR","930 YISHUN AVENUE 2 #02-35 SINGAPORE 769098"
"Street","Collyer Quay","RETAIL","JEWEL TREND MODE PTE LTD","62 COLLYER QUAY #02-02 SINGAPORE 049325"
"In-Mall & Building","Marina Bay Link Mall","RETAIL","AURA","8A MARINA BOULEVARD #B2-53 SINGAPORE 018984"
"In-Mall & Building","Plaza Singapura","RETAIL","COUPLE LAB","68 ORCHARD ROAD #02-34 SINGAPORE 238839"
"In-Mall & Building","Junction 8","RETAIL","YI HUA XUAN TRADING","9 BISHAN PLACE #01-47 SINGAPORE 579937"
"In-Mall & Building","Junction 8","RETAIL","CHOMEL","9 BISHAN PLACE #01-13 SINGAPORE 579837"
"In-Mall & Building","Northpoint City","RETAIL","CHOMEL","1 NORTHPOINT DRIVE #01-109 SINGAPORE 768019"
"Street","Temple Street","RETAIL","ALEX WONG","62 TEMPLE STREET #01-03 SINGAPORE 058607"
"In-Mall & Building","NEX","RETAIL","BY INVITE ONLY","23 SERANGOON CENTRAL #01-K8/K9 SINGAPORE 556083"
"In-Mall & Building","Northpoint City","RETAIL","STELLAR","930 YISHUN AVENUE 2 #02-35 SINGAPORE 769098"
"In-Mall & Building","NEX","RETAIL","STELLAR - NEX","23 SERANGOON CENTRAL #01-K13/K14 SINGAPORE 556083"
"Street","Collyer Quay","RETAIL","CHRYSTER JEWELLERY ACCESSORIES","62 COLLYER QUAY #02-01 SINGAPORE 049325"
"In-Mall & Building","Northpoint City","RETAIL","TRIUMPH NORTH POINT","930 YISHUN AVENUE 2 #B2-146/147 SINGAPORE 769098"
"In-Mall & Building","NEX","RETAIL","TRIUMPH NEX","23 SERANGOON CENTRAL #02-39 SINGAPORE 556083"
"In-Mall & Building","Plaza Singapura","RETAIL","WACOAL PLAZA SING","68 ORCHARD ROAD #02-25 SINGAPORE 238839"
"In-Mall & Building","Northpoint City","RETAIL","WACOAL NORTHPOINT","930 YISHUN AVENUE 2 #02-36 SINGAPORE 769098"
"In-Mall & Building","Bedok Mall","RETAIL","WACOAL BEDOK MALL","311 NEW UPPER CHANGI ROAD #01-19 SINGAPORE 467360"
"In-Mall & Building","Punggol Waterway Point","RETAIL","WACOAL WATERWAY","83 PUNGGOL CENTRAL #B1-37 SINGAPORE 838761"
"In-Mall & Building","Plaza Singapura","RETAIL","6IXTY 8IGHT - PLAZA SINGAPURA","68 ORCHARD ROAD #B1-05/06 SINGAPORE 238839"
"In-Mall & Building","Parkway Parade","RETAIL","TRIUMPH - PARKWAY PARADE","80 MARINE PARADE ROAD #02-40/41/44 SINGAPORE 449269"
"Street","Telok Ayer Street","RETAIL","PERK BY KATE","134A TELOK AYER STREET SINGAPORE 068600"
"In-Mall & Building","Plaza Singapura","RETAIL","2 FT ORTHOTICS - PLAZA SINGAPURA","68 ORCHARD ROAD #03-K1 SINGAPORE 238839"
"In-Mall & Building","IMM Building","RETAIL","LEONIAN SINGAPORE-IMM","2 JURONG EAST STREET 21 #01-74/75/76 SINGAPORE 609601"
"In-Mall & Building","Holland Road Shopping Centre","RETAIL","TEN FEET TALL","211 HOLLAND AVENUE #02-04 SINGAPORE 278967"
"Street","Kensington Park Road","RETAIL","JASONSALLY HAIRDRESSERS","12 KENSINGTON PARK ROAD SINGAPORE 557264"
"In-Mall & Building","Marina Bay Link Mall","RETAIL","JAMES BARKER BARBER","8A MARINA BOULEVARD #B2-79 SINGAPORE 018984"
"Street","Ann Siang Road","RETAIL","TRUEFITT & HILL SG - ANN SIANG","9 ANN SIANG ROAD SINGAPORE 069690"
"In-Mall & Building","Change Alley","RETAIL","ENSO HAIR STUDIO","30 RAFFLES PLACE #02-17/18 SINGAPORE 048622"
"In-Mall & Building","Duo","RETAIL","HAIRMAX","7 FRASER STREET #B3-11 SINGAPORE 189356"
"In-Mall & Building","Tanjong Pagar Plaza","RETAIL","RE:VIVE SANCTUARY","1 TANJONG PAGAR PLAZA #02-49 SINGAPORE 082001"
"Street","Beach Road","RETAIL","AN QI SPA","275 BEACH ROAD #01-02 SINGAPORE 199549"
"Street","Middle Road","RETAIL","AN QI SPA","135 MIDDLE ROAD #01-10/11 SINGAPORE 188975"
"In-Mall & Building","I12 Katong","RETAIL","DE BEAUTE BEAUTY & SLIMMING PTE LTD","112 EAST COAST ROAD #04-15 SINGAPORE 428802"
"In-Mall & Building","Northpoint City","RETAIL","IVI AESTHETIC","930 YISHUN AVENUE 2 #03-03 SINGAPORE 769098"
"In-Mall & Building","Tampines Mall","RETAIL","IVI AESTHETIC","4 TAMPINES CENTRAL 5 #04-13 SINGAPORE 529510"
"In-Mall & Building","Tanjong Pagar Plaza","RETAIL","YAN YI BEAUTY","1 TANJONG PAGAR PLAZA #02-18 SINGAPORE 082001"
"In-Mall & Building","One Raffles Place","RETAIL","WENDYBROWS BEAUTY BOUTIQUE","1 RAFFLES PLACE #04-01 SINGAPORE 048616"
"In-Mall & Building","Punggol Waterway Point","RETAIL","PINC","83 PUNGGOL CENTRAL #01-41 SINGAPORE 828761"
"In-Mall & Building","Katong V","RETAIL","SKINLUX","30 EAST COAST ROAD #02-11 SINGAPORE 428751"
"Street","Joo Chiat Road","RETAIL","REKOOP FLEX","108 JOO CHIAT ROAD #01-01 SINGAPORE 427401"
"Street","Telok Ayer Street","RETAIL","MILLYS-TELOK AYER","186 TELOK AYER STREET SINGAPORE 068632"
"In-Mall & Building","International Plaza","RETAIL","AESTHETE BROW AND SKIN MANAGEMENT","10 ANSON ROAD #02-39 SINGAPORE 079903"
"In-Mall & Building","Holland Road Shopping Centre","RETAIL","PARIS BEAUTY WELLNESS","211 HOLLAND AVENUE #03-12 SINGAPORE 278967"
"Street","Gemmill Lane","RETAIL","MUGUNGHWA BEAUTY","12A GEMMILL LANE SINGAPORE 069252"
"In-Mall & Building","Tampines Mall","RETAIL","SPACIO TCM WELLNESS TAMPINES MALL","4 TAMPINES CENTRAL 5 #04-16 SINGAPORE 529510"
"Street","Tan Quee Lan Street","RETAIL","BEAUTY 100","9 TAN QUEE LAN STREET #02-03 SINGAPORE 188098"
"Street","Bugis Street","RETAIL","VICTORIA BEAUTY","3 NEW BUGIS STREET #03-78 SINGAPORE 188867"
"In-Mall & Building","Bedok Mall","RETAIL","ASH BEAUTY WELLNESS","311 NEW UPPER CHANGI ROAD #B1-46 SINGAPORE 467360"
"In-Mall & Building","International Plaza","RETAIL","BELEAF BEAUTY","10 ANSON ROAD #02-80A SINGAPORE 079903"
"In-Mall & Building","Bugis Cube","RETAIL","LASH PALACE","470 NORTH BRIDGE ROAD #05-21 SINGAPORE 188735"
"In-Mall & Building","The Star Vista","RETAIL","YAKSON BEAUTY - SV","1 VISTA EXCHANGE GREEN #B1-24 SINGAPORE 138617"
"In-Mall & Building","Bugis Cube","RETAIL","BEAUTY TIME SG","470 NORTH BRIDGE ROAD #05-09 SINGAPORE 188735"
"In-Mall & Building","Parkway Parade","RETAIL","PRETTICURE - PARKWAY PARADE","80 MARINE PARADE ROAD #03-14/15 SINGAPORE 449269"
"In-Mall & Building","Punggol Waterway Point","RETAIL","INNERSENSE SIGNATURE","83 PUNGGOL CENTRAL #B2-15 SINGAPORE 828761"
"In-Mall & Building","West Mall","RETAIL","BODYWERKZ - WEST MALL","1 BUKIT BATOK CENTRAL LINK #05-07 SINGAPORE 658713"
"In-Mall & Building","Tanjong Pagar Plaza","RETAIL","SLIM D'MADAMES","1 TANJONG PAGAR PLAZA #02-27 SINGAPORE 082001"
"In-Mall & Building","Parkway Parade","RETAIL","VII SKINN","80 MARINE PARADE ROAD #05-22 SINGAPORE 449269"
"In-Mall & Building","Northpoint City","RETAIL","FIRST LADY NAILS & BEAUTY","930 YISHUN AVENUE 2 #03-29 SINGAPORE 730768"
"Street","East Coast Road","RETAIL","THE LASH COMPANY","101 EAST COAST ROAD #02-00 SINGAPORE 428796"
"Street","Lorong Liput","RETAIL","THE LASH COMPANY","27B LORONG LIPUT SINGAPORE 277738"
"In-Mall & Building","Duo","RETAIL","SOMMAR BEAUTY SPA - DOU GALLERIA","7 FRASER STREET #B3-17/18 SINGAPORE 189356"
"In-Mall & Building","International Plaza","RETAIL","NAIL PALACE IP","10 ANSON ROAD #01-14 SINGAPORE 079903"
"In-Mall & Building","Bedok Mall","RETAIL","BLACK PINK BROW LASH","311 NEW UPPER CHANGI ROAD #01-18 SINGAPORE 467360"
"In-Mall & Building","International Plaza","RETAIL","BE.YOU.TIFUL","10 ANSON ROAD #02-93A SINGAPORE 079903"
"In-Mall & Building","Bugis Cube","RETAIL","EASEFUL EARS - BUGIS CUBE","470 NORTH BRIDGE ROAD #02-03 SINGAPORE 188735"
"In-Mall & Building","International Plaza","RETAIL","BEAUTY HORIZON","10 ANSON ROAD #02-46 SINGAPORE 079903"
"In-Mall & Building","West Mall","RETAIL","ALLURE BEAUTY SALOON","1 BUKIT BATOK CENTRAL LINK #04-10 SINGAPORE 658713"
"Street","Haji Lane","RETAIL","THE NAIL ARTELIER","76A HAJI LANE SINGAPORE 189269"
"Street","Tanjong Pagar Road","RETAIL","NUA SINGAPORE","18A TANJONG PAGAR ROAD SINGAPORE 088441"
"In-Mall & Building","International Plaza","RETAIL","ELEGANCE BEAUTY & SLIMMING CENTRE P/L","10 ANSON ROAD #02-25/26/27 SINGAPORE 079903"
"Street","North Bridge Road","RETAIL","AYANA PTE LTD","883 NORTH BRIDGE ROAD #01-01 SINGAPORE 198785"
"In-Mall & Building","Tanjong Pagar Plaza","RETAIL","VENUS BEAUTY CENTURY PTE LTD","1 TANJONG PAGAR PLAZA #02-23 SINGAPORE 082001"
"In-Mall & Building","Parkway Parade","RETAIL","SPACIO TCM WELLNESS PARKWAY","80 MARINE PARADE ROAD #03-21/22 SINGAPORE 449269"
"In-Mall & Building","Parkway Parade","RETAIL","CRYSTAL NAIL BAR BY NAIL BLISS","80 MARINE PARADE ROAD #05-24 SINGAPORE 449269"
"In-Mall & Building","Bugis+","RETAIL","NAIL PALACE - BS","201 VICTORIA STREET #03-01 SINGAPORE 188067"
"In-Mall & Building","Tanjong Pagar Plaza","RETAIL","FS BEAUTY SECRET","1 TANJONG PAGAR PLAZA #02-43 SINGAPORE 082001"
"Street","North Bridge Road","RETAIL","TARA APOTHECARY","452 NORTH BRIDGE ROAD #05-00 SINGAPORE 188733"
"In-Mall & Building","Punggol Waterway Point","RETAIL","SHUGAR SPA","83 PUNGGOL CENTRAL #01-36 SINGAPORE 826761"
"In-Mall & Building","One Raffles Place","RETAIL","AMBER BEILA BEAUTY PTE LTD","1 RAFFLES PLACE #05-19 SINGAPORE 048616"
"Street","Mohamed Sultan Road","RETAIL","LE SPA","13 MOHAMED SULTAN ROAD SINGAPORE 238962"
"In-Mall & Building","NEX","RETAIL","NAIL AIR","23 SERANGOON CENTRAL #04-29 SINGAPORE 556083"
"In-Mall & Building","100AM","RETAIL","DAMARA BEAUTY","100 TRAS STREET #04-13 SINGAPORE 079027"
"Street","Bukit Pasoh Road","RETAIL","ALLUMER PTE LTD","10A BUKIT PASOH ROAD SINGAPORE 089824"
"In-Mall & Building","Bedok Mall","RETAIL","MODE AESTHETICS","311 NEW UPPER CHANGI ROAD #B2-37 SINGAPORE 467360"
"In-Mall & Building","Tanjong Pagar Xchange","RETAIL","NAIL PALACE - TGPG","120 MAXWELL ROAD #B1-39 SINGAPORE 069119"
"In-Mall & Building","Northpoint City","RETAIL","SPACIO TCM WELLNESS NORTHPOINT","930 YISHUN AVENUE 2 #01-149 SINGAPORE 769098"
"In-Mall & Building","Punggol Waterway Point","RETAIL","COSLAB WATERWAY POINT","83 PUNGGOL CENTRAL #01-43 SINGAPORE 828761"
"In-Mall & Building","Guoco Tower","RETAIL","PORCELAIN SIGNATURES","7 WALLICH STREET #01-02 SINGAPORE 078884"
"Street","Joo Chiat Road","RETAIL","ESTHECLINIC - JOO CHIAT","424 JOO CHIAT ROAD SINGAPORE 427643"
"In-Mall & Building","West Mall","RETAIL","THE SPA-LON CCK PTE LTD","1 BUKIT BATOK CENTRAL LINK #04-19 SINGAPORE 658713"
"In-Mall & Building","Bugis Cube","RETAIL","NEST BEAUTY SOLUTIONS PTE LTD","470 NORTH BRIDGE ROAD #04-21 SINGAPORE 188735"
"In-Mall & Building","International Plaza","RETAIL","CHEONGDAM KOREAN SKIN MANAGEMENT","10 ANSON ROAD #02-35/36/37 SINGAPORE 079903"
"Street","East Coast Road","RETAIL","THE NAIL ARTISTRY PTE LTD","27 EAST COAST ROAD SINGAPORE 428749"
"In-Mall & Building","Westgate","RETAIL","EXPERT BEAUTE","3 GATEWAY DRIVE #03-22 SINGAPORE 608532"
"In-Mall & Building","Northpoint City","RETAIL","COSLAB YISHUN BEAUTY PTE LTD","930 YISHUN AVENUE 2 #03-02 SINGAPORE 769098"
"In-Mall & Building","100AM","RETAIL","DAMARA PTE LTD","100 TRAS STREET #04-15 SINGAPORE 079027"
"In-Mall & Building","Northpoint City","RETAIL","NAILZ HAUS PTE LTD","1 NORTHPOINT DRIVE #B1-168 SINGAPORE 768019"
"In-Mall & Building","Northpoint City","RETAIL","LAVIDA","1 NORTHPOINT DRIVE #B1-168 SINGAPORE 768019"
"Street","First Street","RETAIL","IEXQUISITE","2 FIRST STREET #01-03 SINGAPORE 458278"
"In-Mall & Building","International Plaza","RETAIL","PROSKIN AESTHETICS PTE LTD","10 ANSON ROAD #02-40 SINGAPORE 079903"
"In-Mall & Building","Katong V","RETAIL","LA PEAU PTE LTD","30 EAST COAST ROAD #02-20 SINGAPORE 428751"
"Street","Cecil Street","RETAIL","SLIM COUTURE- CECIL","20 CECIL STREET #02-05 SINGAPORE 049705"
"In-Mall & Building","Junction 8","RETAIL","IBROW STUDIO -J8","9 BISHAN PLACE #04-03B SINGAPORE 579837"
"In-Mall & Building","Holland Road Shopping Centre","RETAIL","PARIS BEAUTY HOUSE PTE LTD","211 HOLLAND AVENUE #03-25 SINGAPORE 278967"
"In-Mall & Building","The Star Vista","RETAIL","INDULGE SKIN & BODY LAB","1 VISTA EXCHANGE GREEN #B1-19/20 SINGAPORE 138617"
"In-Mall & Building","Westgate","RETAIL","MIRAGE AESTHETIC - WESTGATE","3 GATEWAY DRIVE #03-20 SINGAPORE 608532"
"Street","Temple Street","RETAIL","RAYMOND SERVICES PTE LTD","62 TEMPLE STREET #02-01 SINGAPORE 058007"
"In-Mall & Building","Holland Road Shopping Centre","RETAIL","THE PAMPER ROOM","211 HOLLAND AVENUE #03-14A SINGAPORE 278967"
"In-Mall & Building","Guoco Tower","RETAIL","DE LA BELLE WELLNESS","7 WALLICH STREET #B2-13 SINGAPORE 078884"
"In-Mall & Building","Bedok Mall","RETAIL","SOTHYS PREMIUM SALON","311 NEW UPPER CHANGI ROAD #01-89 SINGAPORE 467360"
"In-Mall & Building","West Mall","RETAIL","JOYRE TCMEDI SPA - WESTMALL","1 BUKIT BATOK CENTRAL LINK #03-12 SINGAPORE 658713"
"In-Mall & Building","Parkway Parade","RETAIL","SIXTH SENSE BEAUTY & WELLNESS PTE LTD","80 MARINE PARADE ROAD #05-25 SINGAPORE 449269"
"Street","Bugis Village","RETAIL","PEACHY SKIN BAR PTE LTD","62A QUEENS STREET SINGAPORE 188541"
"Street","Tras Street","RETAIL","ESTHECLINIC","72 TRAS STREET SINGAPORE 079011"
"In-Mall & Building","Holland Piazza","RETAIL","ESTHECLINIC","3 LORONG LIPUT #02-02 SINGAPORE 277725"
"In-Mall & Building","Tanjong Pagar Plaza","RETAIL","MEDIC VENTURES PTE LTD","1 TANJONG PAGAR PLAZA #02-52 SINGAPORE 082001"
"Street","East Coast Road","RETAIL","SUGARED - KATONG","77 EAST COAST ROAD #01-01 SINGAPORE 428784"
"In-Mall & Building","Northpoint City","RETAIL","SYOU JIN - NORTH POINT","1 NORTHPOINT DRIVE #B1-159/166/167 SINGAPORE 768019"
"Street","Club Street","RETAIL","ARVO FACE SOUL CARE","58 CLUB STREET SINGAPORE 069433"
"In-Mall & Building","Punggol Waterway Point","RETAIL","SHUGAR SPA","83 PUNGGOL CENTRAL #01-35 SINGAPORE 828761"
"In-Mall & Building","Bugis Cube","RETAIL","THE ORGANIC ROOM SG","470 NORTH BRIDGE ROAD #04-03 SINGAPORE 188735"
"Street","Erskine Road","RETAIL","BEFORE & AFTER BARBER PTE. LTD.","33 ERSKINE ROAD #01-12 SINGAPORE 069333"
"Street","Tan Quee Lan Street","RETAIL","ANGELSKY8 PTE LTD","9 TAN QUEE LAN STREET #01-02 SINGAPORE 188098"
"In-Mall & Building","Myvillage - Serangoon","RETAIL","ESTHECLINIC","1 MAJU AVENUE #02-15/18 SINGAPORE 556679"
"In-Mall & Building","Bedok Mall","RETAIL","LA VIDA","311 NEW UPPER CHANGI ROAD #01-27 SINGAPORE 467360"
"In-Mall & Building","The Woodleigh Mall","RESTAURANT","POPEYES - WOODLEIGH","11 BIDADARI PARK DRIVE #B1-13 SINGAPORE 367803"
"In-Mall & Building","NEX","RETAIL","SPACIO TCM WELLNESS NEX","23 SERANGOON CENTRAL #04-23 SINGAPORE 556083"
"In-Mall & Building","Bedok Mall","RETAIL","SPACIO TCM WELLNESS BEDOK MALL","311 NEW UPPER CHANGI ROAD #B2-39 SINGAPORE 467360"
"In-Mall & Building","Bugis Junction","RETAIL","SPACIO TCM WELLNESS - BUGIS JUNCTION","200 VICTORIA STREET #02-26 SINGAPORE 188021"
"In-Mall & Building","Parkway Parade","RETAIL","SYOUJIN PARKWAY PARADE","80 MARINE PARADE ROAD #03-02/03 SINGAPORE 449269"
"Street","Tanjong Pagar Road","RETAIL","DR LASH TANJONG PAGAR","88A TANJONG PAGAR ROAD SINGAPORE 088509"
"In-Mall & Building","International Plaza","RETAIL","HARU SKINN","10 ANSON ROAD #02-75 SINGAPORE 079903"
"Street","South Bridge Road","RESTAURANT","TEA TIME","280A SOUTH BRIDGE ROAD #02-01 SINGAPORE 058829"
"In-Mall & Building","The Star Vista","RETAIL","CNS NAILZ SPA","1 VISTA EXCHANGE GREEN #01-38/39 SINGAPORE 138617"
"In-Mall & Building","Duo","RETAIL","LA CARA ESTETICA PTE. LTD.","7 FRASER STREET #01-05 SINGAPORE 189356"
"In-Mall & Building","Parkway Parade","RETAIL","BAOMA - PARKWAY0302","80 MARINE PARADE ROAD #03-02/03 SINGAPORE 449269"
"In-Mall & Building","Westgate","RETAIL","DR LASH GATEWAY","3 GATEWAY DRIVE #05-03 SINGAPORE 608532"
"In-Mall & Building","Paya Lebar Quarter","RETAIL","HEART SPRING SPA - PLQ","10 PAYA LEBAR ROAD #B1-17 SINGAPORE 409057"
"Street","Kensington Park Road","RETAIL","SKIZZORS FOR HAIR","2A KENSINGTON PARK ROAD SINGAPORE 557254"
"In-Mall & Building","Lot One","RETAIL","KIMAGE SALON - LOT 1","21 CHOA CHU KANG AVENUE 4 #02-21F SINGAPORE 689812"
"In-Mall & Building","Northpoint City","RETAIL","KIMAGE SALON - NORTHPOINT","930 YISHUN AVENUE 2 #03-39/40 SINGAPORE 769098"
"In-Mall & Building","Parkway Parade","RETAIL","ASTERSPRING PARKWAY PARADE","80 MARINE PARADE ROAD #02-65/66 SINGAPORE 449269"
"Street","Temple Street","RETAIL","MY SPA","47A TEMPLE STREET #02-- SINGAPORE 058592"
"In-Mall & Building","Bugis Cube","RETAIL","APEX COSMECEUTICAL CENTRE","470 NORTH BRIDGE ROAD #05-06 SINGAPORE 188735"
"In-Mall & Building","International Plaza","RETAIL","BASIC SILHOUETTES BEAUTY","10 ANSON ROAD #02-17 SINGAPORE 079903"
"In-Mall & Building","Parkway Parade","RETAIL","LIVE SKIN FACE BODY & SPA","80 MARINE PARADE ROAD #05-12 SINGAPORE 449269"
"In-Mall & Building","Northpoint City","RETAIL","BEIJING 101 HAIR CARE - NORTHPOINT","930 YISHUN AVENUE 2 #03-27/28 SINGAPORE 769098"
"In-Mall & Building","International Plaza","RETAIL","NAIL BLISS","10 ANSON ROAD #02-89A SINGAPORE 079903"
"In-Mall & Building","International Plaza","RETAIL","DE BEAUTE BEAUTY & SLIMMING PTE LTD","10 ANSON ROAD #02-42/44 SINGAPORE 079903"
"In-Mall & Building","Tampines Mrt Station","RETAIL","NAIL PALACE - TP","20 TAMPINES CENTRAL 1 #01-06 SINGAPORE 529538"
"Street","North Bridge Road","RETAIL","INNER HARMONY PTE LTD","25 NORTH BRIDGE ROAD #03-02/03 SINGAPORE 179104"
"Street","Lorong Mambong","RETAIL","ONLY AESTHETICS","25A LORONG MAMBONG SINGAPORE 223456"
"In-Mall & Building","Plaza Singapura","RETAIL","INSTITUTE ESTETICA PTE. LTD.","68 ORCHARD ROAD #06-18 SINGAPORE 238839"
"Street","Telok Ayer Street","RETAIL","BEAUTEHUB INTERNATIONAL PTE LTD","124 TELOK AYER STREET SINGAPORE 068593"
"In-Mall & Building","One Raffles Place","RETAIL","HONEYPOT WAX BOUTIQUE","1 RAFFLES PLACE #04-22/23 SINGAPORE 048261"
"Street","East Coast Road","RETAIL","ORCHIDEE","142 EAST COAST ROAD SINGAPORE 428832"
"In-Mall & Building","Tanjong Pagar Plaza","RETAIL","KIRAY AESTHETICS PTE LTD","7 TANJONG PAGAR PLAZA #02-111 SINGAPORE 081007"
"Street","Peck Seah Street","RETAIL","ROYAL SECRETS BEAUTY INDULGENCE","68 PECK SEAH STREET SINGAPORE 079327"
"In-Mall & Building","Northpoint City","RETAIL","INSTITUTE ESTETICA PTE. LTD.","930 YISHUN AVENUE 2 #02-24 SINGAPORE 238839"
"Street","East Coast Road","RETAIL","NAIL BAR - SALON 916","916A EAST COAST ROAD SINGAPORE 459109"
"In-Mall & Building","Change Alley","RETAIL","NAIL BLISS","30 RAFFLES PLACE #02-38 SINGAPORE 048622"
"In-Mall & Building","Holland Road Shopping Centre","RETAIL","THE NAIL SANCTUARY - HOLLAND V","211 HOLLAND AVENUE #03-09 SINGAPORE 278967"
"In-Mall & Building","Bedok Mall","RETAIL","BEIJING 101 ENTERPRISE - BEDOK MALL","311 NEW UPPER CHANGI ROAD #B1-55 SINGAPORE 467360"
"Street","Bukit Pasoh Road","RETAIL","SHUANG SPA LLP","11 BUKIT PASOH ROAD SINGAPORE 089825"
"In-Mall & Building","NEX","RETAIL","BEIJING ZHANGGUANG 101 HAIR CENTRE NEX","23 SERANGOON CENTRAL #04-08 SINGAPORE 556083"
"In-Mall & Building","NEX","RETAIL","NAIL PALACE - NX","23 SERANGOON CENTRAL #B1-69 SINGAPORE 556083"
"In-Mall & Building","Holland Road Shopping Centre","RETAIL","CLARA WHITE","211 HOLLAND AVENUE #03-13 SINGAPORE 278967"
"In-Mall & Building","NEX","RETAIL","ASTERSPRING - NEX MALL","23 SERANGOON CENTRAL #04-24 SINGAPORE 556083"
"Street","Temple Street","RETAIL","D SPARADISE","15A TEMPLE STREET #02-02 SINGAPORE 058562"
"In-Mall & Building","Tampines Mall","RETAIL","KALEIDO","4 TAMPINES CENTRAL 5 #01-K3 SINGAPORE 529510"
"Street","Pagoda Street","SERVICES","EUROBEST TAILOR","49 PAGODA STREET SINGAPORE 059190"
"Street","Lorong Mambong","RETAIL","PRESTO DRYCLEANERS HOLLAND VILLAGE","1 LORONG MAMBONG #01-03 SINGAPORE 277700"
"In-Mall & Building","Bedok Mall","RETAIL","PRESTO DRYCLEANERS BEDOK MALL","311 NEW UPPER CHANGI ROAD #B2-49 SINGAPORE 467360"
"In-Mall & Building","I12 Katong","RETAIL","FOR THE LOVE OF LAUNDRY","112 EAST COAST ROAD #01-16 SINGAPORE 428802"
"In-Mall & Building","Lot One","RETAIL","THE CARE LAUNDRY CCK","21 CHOA CHU KANG AVENUE 4 #B2-K1 SINGAPORE 689812"
"In-Mall & Building","Tampines Mall","RETAIL","THE CARE LAUNDRY TAMPINES","4 TAMPINES CENTRAL 5 #B2-K1 SINGAPORE 529510"
"Street","Tanjong Pagar Road","RETAIL","EDEN LOFT HAIR SALON","108 TANJONG PAGAR ROAD #02-01 SINGAPORE 088526"
"In-Mall & Building","Bugis Junction","RETAIL","VINTAGE SALON","200 VICTORIA STREET #02-01 SINGAPORE 188021"
"Street","Arab Street","RETAIL","KARVA SALON FOR LADIES","61 ARAB STREET SINGAPORE 199758"
"Street","Craig Road","RETAIL","TONI & GUY DUXTON","42 CRAIG ROAD SINGAPORE 089680"
"Street","Joo Chiat Road","RETAIL","SULTANS OF SHAVE - JOO CHIAT","201 JOO CHIAT ROAD #02-02 SINGAPORE 427472"
"Street","Upper East Coast Road","RETAIL","ZACK'S","83 UPPER EAST COAST ROAD SINGAPORE 455221"
"Street","Serangoon Garden Way","RETAIL","AFTERGLOW STUDIO","79A SERANGOON GARDEN WAY SINGAPORE 555975"
"In-Mall & Building","100AM","RETAIL","THE SPACE KOREAN HAIR SALON","100 TRAS STREET #02-06 SINGAPORE 079027"
"Street","Pagoda Street","RETAIL","M.Y REFRESH HAIR LAB","31A PAGODA STREET SINGAPORE 059190"
"Street","Club Street","RETAIL","THE BLONDE TOURAGE","52 CLUB STREET SINGAPORE 069429"
"Street","South Bridge Road","RETAIL","THE AMPERSAND","47A SOUTH BRIDGE ROAD SINGAPORE 058680"
"In-Mall & Building","Bugis+","RETAIL","ORGANIC WAY SALON - BUGIS","201 VICTORIA STREET #03-09/10 SINGAPORE 188067"
"Street","Serangoon Garden Way","RETAIL","BOTANIQ","72 SERANGOON GARDEN WAY SINGAPORE 555968"
"In-Mall & Building","One Raffles Place","RETAIL","OSCAR HEAD SPA","1 RAFFLES PLACE #05-05/06 SINGAPORE 048616"
"Street","Bugis Village","RETAIL","WHITE SALON","235A VICTORIA STREET SINGAPORE 188027"
"Street","North Bridge Road","RETAIL","HYBA LADIES LOUNGE","717 NORTH BRIDGE ROAD #01-01 SINGAPORE 198685"
"In-Mall & Building","Plaza Singapura","RETAIL","KARVA SALON FOR FAMILY","68 ORCHARD ROAD #04-72 SINGAPORE 238839"
"In-Mall & Building","Holland Road Shopping Centre","RETAIL","L HAIR SALON","211 HOLLAND AVENUE #03-40 SINGAPORE 278967"
"In-Mall & Building","Tanjong Pagar Plaza","RETAIL","EXCLUSIVE HAIR STUDIO","1 TANJONG PAGAR PLAZA #02-19 SINGAPORE 082001"
"In-Mall & Building","NEX","RETAIL","DE HAIR-TIQUE SALON PTE LTD","23 SERANGOON CENTRAL #04-09 SINGAPORE 556083"
"In-Mall & Building","Change Alley","RETAIL","HAIR INN","16 COLLYER QUAY #02-09 SINGAPORE 049318"
"In-Mall & Building","Bugis Cube","RETAIL","FRINGE STUDIO","470 NORTH BRIDGE ROAD #02-03A SINGAPORE 188735"
"Street","Seng Poh Road","RETAIL","KOINONIA SALON","71 SENG POH ROAD #01-47 SINGAPORE 160071"
"Street","Bugis Mrt Station","RETAIL","MAISON HAIR","191 ROCHOR ROAD #B2-02 SINGAPORE 188476"
"Street","Joo Chiat Road","RETAIL","IMMAGINE ITALIANA","361 JOO CHIAT ROAD SINGAPORE 427606"
"Street","Lorong Mambong","RETAIL","ART NOISE JAPANESE BEAUTY HAIR SALON","38A LORONG MAMBONG SINGAPORE 277694"
"Street","North Bridge Road","RETAIL","PICASSO HAIR STUDIO","662 NORTH BRIDGE ROAD SINGAPORE 188798"
"In-Mall & Building","Westgate","RETAIL","VINTAGE STUDIO HAIRDRESSING","3 GATEWAY DRIVE #03-25 SINGAPORE 608532"
"In-Mall & Building","One Raffles Place","RETAIL","I.CREATIVE SALON LLP","1 RAFFLES PLACE #05-18 SINGAPORE 048616"
"Street","Bukit Pasoh Road","RETAIL","SPIQ","10 BUKIT PASOH ROAD SINGAPORE 089824"
"Street","Joo Chiat Road","RETAIL","LUXE X M PTE LTD","465C JOO CHIAT ROAD SINGAPORE 427677"
"In-Mall & Building","Holland Road Shopping Centre","RETAIL","MAY ART & HAIR STUDIO","211 HOLLAND AVENUE #02-34 SINGAPORE 278967"
"In-Mall & Building","Punggol Waterway Point","RETAIL","VINTAGE STUDIO HAIRDRESSING","83 PUNGGOL CENTRAL #01-37 SINGAPORE 828761"
"Street","East Coast Road","RETAIL","COVO HAIR SALON","87 EAST COAST ROAD #01-01 SINGAPORE 428789"
"In-Mall & Building","Bugis Cube","RETAIL","CE'LA VIE PTE LTD","470 NORTH BRIDGE ROAD #03-06 SINGAPORE 188735"
"In-Mall & Building","Punggol Waterway Point","RETAIL","VINTAGE EMERALD PTE LTD","83 PUNGGOL CENTRAL #01-37 SINGAPORE 828761"
"Street","Cantonment Road","RETAIL","HAIRSPEC","61A CANTONMENT ROAD SINGAPORE 089757"
"Street","Lorong Mambong","RETAIL","SALON KREAM","24B LORONG MAMBONG SINGAPORE 277683"
"In-Mall & Building","Change Alley","RETAIL","HAIR AFFAIR BEAUTY SALON LLP","16 COLLYER QUAY #02-07 SINGAPORE 049318"
"In-Mall & Building","Bedok Mall","RETAIL","VINTAGE STUDIO HAIRDRESSING","311 NEW UPPER CHANGI ROAD #B1-45 SINGAPORE 467360"
"In-Mall & Building","Myvillage - Serangoon","RETAIL","CUTTOUR","1 MAJU AVENUE #01-25 SINGAPORE 556679"
"In-Mall & Building","Guoco Tower","RETAIL","1 GRAVITY","7 WALLICH STREET #B1-16 SINGAPORE 078884"
"Street","Pahang Street","RETAIL","BEE CHOO ORIGIN LADIES","5 PAHANG STREET SINGAPORE 198606"
"In-Mall & Building","Bugis Junction","RETAIL","KALEIDO","200 VICTORIA STREET #01-63/63A SINGAPORE 188021"
"In-Mall & Building","West Mall","RETAIL","EMPIRE CHARME- BB","1 BUKIT BATOK CENTRAL LINK #03-18 SINGAPORE 658713"
"In-Mall & Building","Northpoint City","RETAIL","EX STYLE","930 YISHUN AVENUE 2 #03-01 SINGAPORE 769298"
"In-Mall & Building","Northpoint City","RETAIL","VINTAGE STUDIO HAIRDRESSING","1 NORTHPOINT DRIVE #B1-169 SINGAPORE 768019"
"Street","Holland Avenue","RETAIL","THE HAIR LOUNGE PTE LTD","277A HOLLAND AVENUE SINGAPORE 278994"
"In-Mall & Building","Northpoint City","RETAIL","DE ARTE HAIR STUDIO - NP","930 YISHUN AVENUE 2 #B1-172/173 SINGAPORE 769098"
"In-Mall & Building","Plaza Singapura","RETAIL","HAIR INN","68 ORCHARD ROAD #03-31 SINGAPORE 238839"
"In-Mall & Building","NEX","RETAIL","MYSTIQUE HAIRCARE STUDIO - NEX","23 SERANGOON CENTRAL #B2-35/36 SINGAPORE 556083"
"Street","Beach Road","RETAIL","IMPULSE COLLECTIVE PTE LTD","335B BEACH ROAD #03-- SINGAPORE 199564"
"Street","Keong Saik Road","RETAIL","KJSTUDIO","43A KEONG SAIK ROAD SINGAPORE 089147"
"Street","Joo Chiat Road","RETAIL","SALON 5","231 JOO CHIAT ROAD #01-01 SINGAPORE 427490"
"Street","Joo Chiat Road","RETAIL","EXPAT HAIR STUDIO - JOO CHIAT","422 JOO CHIAT ROAD SINGAPORE 427642"
"Street","Duxton Road","RETAIL","FINDER BY COVO - DUXTON","31 DUXTON ROAD SINGAPORE 089495"
"Street","Temple Street","RETAIL","HAIR BY MINK","24A TEMPLE STREET SINGAPORE 058569"
"Street","East Coast Road","RETAIL","KJSTUDIO - EAST COAST","142A EAST COAST ROAD SINGAPORE 428832"
"Street","Tras Street","RETAIL","RAVISSANT PTE LTD","75 TRAS STREET #01-01 SINGAPORE 079014"
"Street","Bugis Village","RETAIL","DE SALON","243A VICTORIA STREET SINGAPORE 188031"
"Street","Beach Road","RETAIL","SPIQ HAIR BASE PTE LTD","261 BEACH ROAD SINGAPORE 199541"
"In-Mall & Building","NEX","RETAIL","JASONSALLY HAIRDRESSERS","23 SERANGOON CENTRAL #04-49 SINGAPORE 556083"
"In-Mall & Building","Lot One","RETAIL","LA BARBERSHOP - LOT 1","21 CHOA CHU KANG AVENUE 4 #03-03 SINGAPORE 689812"
"Street","Stanley Street","RETAIL","BRUSH HAIR SALON PTE LTD","16 STANLEY STREET #02-01 SINGAPORE 068735"
"Street","One Fullerton","RETAIL","FIORUCCI AVEDA SALON","1 FULLERTON ROAD #01-04 SINGAPORE 049178"
"In-Mall & Building","Northpoint City","RETAIL","KARVA SALON FOR LADIES NORTH POINT","1 NORTHPOINT DRIVE #02-119 SINGAPORE 768019"
"Street","Bussorah Street","RETAIL","KARVA SALON FOR LADIES BUSSORAH","73A BUSSORAH STREET SINGAPORE 199486"
"In-Mall & Building","Holland Road Shopping Centre","RETAIL","NAVIS HAIR & BEAUTY SALON PTE LTD","211 HOLLAND AVENUE #03-43C SINGAPORE 278967"
"Street","Duxton Road","RETAIL","MIMOSA","58 DUXTON ROAD #01-01 SINGAPORE 089522"
"Street","Cecil Street","RETAIL","B2 HAIR STATION","20 CECIL STREET #02-02 SINGAPORE 049705"
"Street","Telok Ayer Street","RETAIL","ROGUE & BEYOND PTE. LTD.","147A TELOK AYER STREET SINGAPORE 068606"
"In-Mall & Building","Northpoint City","RETAIL","1 GRAVITY - NORTHPOINT","930 YISHUN AVENUE 2 #03-34 SINGAPORE 769098"
"Street","Teo Hong Road","RETAIL","THE FLUXUS HOUSE","23 TEO HONG ROAD SINGAPORE 088332"
"Street","Lorong Mambong","RETAIL","FOUND","42A LORONG MAMBONG SINGAPORE 277696"
"In-Mall & Building","Westgate","RETAIL","1GRAVITY PTE LTD","3 GATEWAY DRIVE #03-27 SINGAPORE 608532"
"Street","North Bridge Road","RETAIL","THE LOOOK SALON PTE. LTD.","770A NORTH BRIDGE ROAD SINGAPORE 198738"
"Street","Upper East Coast Road","RETAIL","SUPERCUTS","21 UPPER EAST COAST ROAD SINGAPORE 455210"
"Street","First Street","RETAIL","THE GALLERY HAIR STUDIO","2 FIRST STREET #01-07 SINGAPORE 458278"
"In-Mall & Building","Lot One","RETAIL","MYEONGDONG HAIR","21 CHOA CHU KANG AVENUE 4 #02-20A SINGAPORE 689812"
"Street","Holland Avenue","RETAIL","SHUNJI MATSUO HOLLAND V","249 HOLLAND AVENUE #02-- SINGAPORE 278980"
"Street","South Bridge Road","RETAIL","HAIR SALON RULER","76 SOUTH BRIDGE ROAD #01-00 SINGAPORE 058706"
"Street","Tan Quee Lan Street","RETAIL","HARTS SALON","9 TAN QUEE LAN STREET #02-05 SINGAPORE 188098"
"In-Mall & Building","Paya Lebar Quarter","RETAIL","CUTTOUR HAIR STUDIO","10 PAYA LEBAR ROAD #B1-03 SINGAPORE 409057"
"Street","South Bridge Road","RETAIL","THE AMPERSAND","55 SOUTH BRIDGE ROAD #03-01 SINGAPORE 058686"
"In-Mall & Building","I12 Katong","RETAIL","NAVIS HAIR & BEAUTY SALON PTE LTD - KATONG","112 EAST COAST ROAD #04-20 SINGAPORE 428802"
"In-Mall & Building","Paya Lebar Quarter","RETAIL","EX STYLE","10 PAYA LEBAR ROAD #04-18/19 SINGAPORE 409057"
"Street","Telok Ayer Street","RETAIL","ATELIER HAIR AND BEAUTY","111 TELOK AYER STREET SINGAPORE 068589"
"In-Mall & Building","Bugis+","RETAIL","MATSUI HAIR STUDIO","201 VICTORIA STREET #03-15 SINGAPORE 188067"
"In-Mall & Building","Tampines Mall","RETAIL","VS TITANIUM","4 TAMPINES CENTRAL 5 #03-07/08 SINGAPORE 529510"
"In-Mall & Building","Bedok Mall","RETAIL","JASONSALLY HAIRDRESSERS","311 NEW UPPER CHANGI ROAD #01-19 SINGAPORE 467360"
"Street","South Bridge Road","RETAIL","COVO - BOAT QUAY","81 SOUTH BRIDGE ROAD #01-01 SINGAPORE 058711"
"In-Mall & Building","Tampines Mall","RETAIL","MY HAIRSTYLISTZ","4 TAMPINES CENTRAL 5 #03-10/11 SINGAPORE 529510"
"In-Mall & Building","Bugis Cube","RETAIL","HAIR SPACE SALON","470 NORTH BRIDGE ROAD #03-04 SINGAPORE 188735"
"In-Mall & Building","Plaza Singapura","RETAIL","J HAIR SALON","68 ORCHARD ROAD #04-61 SINGAPORE 238459"
"In-Mall & Building","Tanjong Pagar Plaza","RETAIL","NICE SALON","1 TANJONG PAGAR PLAZA #01-54 SINGAPORE 082001"
"In-Mall & Building","Katong V","RETAIL","HAIR+ LAB - KATONG V","30 EAST COAST ROAD #03-22 SINGAPORE 428751"
"Street","Upper Cross Street","RETAIL","TWO HERBS CHINATOWN","46 UPPER CROSS STREET #01-02B SINGAPORE 058345"
"Street","East Coast Road","RETAIL","SALON 916","916 EAST COAST ROAD SINGAPORE 459109"
"In-Mall & Building","International Plaza","RETAIL","NEED'S SALON","10 ANSON ROAD #01-38 SINGAPORE 079903"
"In-Mall & Building","Holland Road Shopping Centre","RETAIL","WINNING STYLE HAIR STUDIO","211 HOLLAND AVENUE #03-33 SINGAPORE 278967"
"In-Mall & Building","Tanjong Pagar Plaza","RETAIL","HAIR GRAPHICS SALON","1 TANJONG PAGAR PLAZA #01-29 SINGAPORE 082001"
"In-Mall & Building","NEX","RETAIL","MYSTIQUE","23 SERANGOON CENTRAL #B2-35/36 SINGAPORE 556083"
"Street","East Coast Road","RETAIL","HERITAGE HAIR PTE LTD","217 EAST COAST ROAD #02-03 SINGAPORE 428915"
"In-Mall & Building","Westgate","RETAIL","OPPO - WESTGATE","3 GATEWAY DRIVE #03-40 SINGAPORE 608532"
"In-Mall & Building","Bedok Mall","RETAIL","WATCHES OF JAPAN","311 NEW UPPER CHANGI ROAD #01-28 SINGAPORE 467360"
"In-Mall & Building","Punggol Waterway Point","RETAIL","SPK-WATERWAY POINT #B1-K21B/K21C","83 PUNGGOL CENTRAL #B1-K21B/K21C SINGAPORE 828761"
"In-Mall & Building","NEX","RETAIL","HUAWEI- NEX #04-43","23 SERANGOON CENTRAL #04-43 SINGAPORE 556083"
"In-Mall & Building","NEX","RETAIL","GADGET MIX- NEX MALL #04-46","23 SERANGOON CENTRAL #04-46 SINGAPORE 556083"
"In-Mall & Building","NEX","RETAIL","BENOI MOBILE","23 SERANGOON CENTRAL #04-K19 SINGAPORE 556083"
"In-Mall & Building","NEX","RETAIL","OPPO - NEX","23 SERANGOON CENTRAL #04-45 SINGAPORE 556083"
"In-Mall & Building","Bedok Mall","RETAIL","OPPO - BEDOK MALL","311 NEW UPPER CHANGI ROAD #01-80 SINGAPORE 467360"
"In-Mall & Building","Paya Lebar Quarter","RETAIL","OPPO - PAYA LEBAR","10 PAYA LEBAR ROAD #B1-26 SINGAPORE 409057"
"In-Mall & Building","Tampines Mall","RETAIL","OPPO-TAMPINES MALL","4 TAMPINES CENTRAL 5 #03-03 SINGAPORE 529510"
"In-Mall & Building","Bugis Junction","RETAIL","SINOPPEL - BUGIS","200 VICTORIA STREET #01-55 SINGAPORE 188021"
"In-Mall & Building","Bedok Mall","RETAIL","THE DOOR - BEDOK MALL","311 NEW UPPER CHANGI ROAD #B1-33 SINGAPORE 467360"
"In-Mall & Building","West Mall","RETAIL","KITTY MOBILE","1 BUKIT BATOK CENTRAL LINK #03-13 SINGAPORE 658713"
"Street","Bugis Street","RETAIL","OBERA SINGAPORE MSQ 25&25A","3 NEW BUGIS STREET MSQ25&25A-- SINGAPORE 188867"
"Street","Bugis Street","RETAIL","OBERA SINGAPORE MSV 4&5","3 NEW BUGIS STREET MSV 4&5-- SINGAPORE 188867"
"In-Mall & Building","One Raffles Place","RETAIL","COLORWASH","1 RAFFLES PLACE #05-22 SINGAPORE 048616"
"Street","Upper East Coast Road","RETAIL","POOCH'S IMAGE","119 UPPER EAST COAST ROAD #01-01 SINGAPORE 455244"
"In-Mall & Building","NEX","RETAIL","THE PETS WORKSHOP - NEX","23 SERANGOON CENTRAL #04-71 SINGAPORE 556083"
"Street","Tras Street","SERVICES","JUSTMEN'S PTE LTD","68 TRAS STREET #03-01 SINGAPORE 079007"
"Street","Siglap Road","SERVICES","ROY'S MASTER TAILORING","1 SIGLAP ROAD #03-09 SINGAPORE 448906"
"Street","Joo Chiat Road","RETAIL","CHERRY LANE RECORDS","387 JOO CHIAT ROAD #01-05 SINGAPORE 427623"
"Street","Tras Street","RESTAURANT","THE GOGIJIP","33 #01-01 SINGAPORE 078973"
"Street","Beach Road","RESTAURANT","2050 COFFEE","267 BEACH ROAD #01-01 SINGAPORE 199545"
"Street","Tras Street","RESTAURANT","KOKO CAFE & PATISSERIE","43 #01-01 SINGAPORE 078982"
"In-Mall & Building","Bedok Mall","RESTAURANT","XIANG XIANG HUNAN CUISINE","311 NEW UPPER CHANGI ROAD #01-15/16/16A SINGAPORE 460215"
"Street","Joo Chiat Road","RESTAURANT","KOHI ROASTERY & COFFEE BAR","432 JOO CHIAT ROAD SINGAPORE 427647"
"In-Mall & Building","Bedok Mall","RESTAURANT","SHANGHAI TAN PAN-FRIED BUN","311 NEW UPPER CHANGI ROAD #02-02 SINGAPORE 467360"
"In-Mall & Building","NEX","RESTAURANT","SEOUL NOODLE SHOP","23 SERANGOON CENTRAL #B2-58 SINGAPORE 038983"
"Street","Smith Street","RESTAURANT","JIA XIANG XIAO CHU ","46 SMITH STREET #01-01 SINGAPORE 059422"
"Street","Neil Road","RESTAURANT","ZUI YUNNAN ","74 NEIL ROAD #01-01 SINGAPORE 188091"
"In-Mall & Building","Westgate","RETAIL","NASTY COOKIE - WESTGATE","3 GATEWAY DRIVE #01-09 SINGAPORE 608532"
"In-Mall & Building","Bugis Cube","RETAIL","ESPANA LINE","470 NORTH BRIDGE ROAD #02-01A SINGAPORE 188735"
"In-Mall & Building","Holland Road Shopping Centre","RETAIL","CLINIC ESTHETIQUE","211 HOLLAND AVENUE #03-11 SINGAPORE 278967"
"In-Mall & Building","International Plaza","RETAIL","SANTANA HOUSE","10 ANSON ROAD #02-98A SINGAPORE 079903"
"In-Mall & Building","Bugis Junction","RETAIL","LOVISA - BUGIS","200 VICTORIA STREET #01-21/21A SINGAPORE 188021"
"Street","Cecil Street","RETAIL","HOUSE OF BRANDZ HOBZ","20 CECIL STREET #02-02 SINGAPORE 049705"
"In-Mall & Building","International Plaza","RETAIL","TARA FEMINITE FASHION","10 ANSON ROAD #28-01A SINGAPORE 079903"
"In-Mall & Building","Tampines Mall","RETAIL","GAME XTREME","4 TAMPINES CENTRAL 5 #04-10/11 SINGAPORE 529510"
"In-Mall & Building","Bugis+","RETAIL","COUPLE LAB","201 VICTORIA STREET #02-53/54 SINGAPORE 188067"
"In-Mall & Building","Parkway Parade","RETAIL","BED BATH N TABLE","80 MARINE PARADE ROAD #B1-41/42 SINGAPORE 449269"
"In-Mall & Building","One Raffles Place","RETAIL","YENOM HAIR SALON","1 RAFFLES PLACE #03-19 SINGAPORE 048616"
"Street","Joo Chiat Road","RESTAURANT","NIMBUS","477 JOO CHIAT ROAD SINGAPORE 427683"
"In-Mall & Building","Marina Bay Link Mall","RESTAURANT","DELIBOWL ","8A MARINA BOULEVARD #B2-67/67A SINGAPORE 018984"
"In-Mall & Building","Duo","RESTAURANT","PIZZA EXPRESS","7 FRASER STREET #01-01/02 SINGAPORE 189356"
"In-Mall & Building","The Star Vista","RESTAURANT","PIZZA EXPRESS ","1 VISTA EXCHANGE GREEN #01-44/45 SINGAPORE 278981"
"In-Mall & Building","Bedok Mall","RETAIL","AMAZING HEARING","311 NEW UPPER CHANGI ROAD #B2-48A SINGAPORE 307470"
"In-Mall & Building","Bedok Mall","RESTAURANT","PLAYMADE","311 NEW UPPER CHANGI ROAD #01-09 SINGAPORE 529536"
"Street","Bugis Street","RETAIL","BEAUTY POINT ","3 NEW BUGIS STREET #01-CCP14 SINGAPORE 188867"
"Street","Bugis Street","RETAIL","VICTORIA BEAUTY","3 NEW BUGIS STREET #03-90/91 SINGAPORE 188867"
"Street","Telok Ayer Street","RESTAURANT","13%GASTRO WINE","123A TELOK AYER STREET SINGAPORE 068592"
"In-Mall & Building","Northpoint City","RESTAURANT","CROLO","1 NORTHPOINT DRIVE #B2-144 SINGAPORE 658713"
"In-Mall & Building","IMM Building","RETAIL","AIBI","2 JURONG EAST ST 21 #02-43 SINGAPORE 609601"
"In-Mall & Building","Westgate","RESTAURANT","FUN TOAST","3 GATEWAY DRIVE #04-38 SINGAPORE 367803"
"In-Mall & Building","Parkway Parade","RESTAURANT","FUN TOAST ","80 MARINE PARADE ROAD #02-K3 SINGAPORE 367803"
"In-Mall & Building","Marina Bay Link Mall","RETAIL","PRESTO ","8A MARINA BOULEVARD #B2-80 SINGAPORE 238859"
"In-Mall & Building","Bugis+","RESTAURANT","YOLE","201 VICTORIA STREET #03-27 SINGAPORE 188067"
"In-Mall & Building","Bugis+","RETAIL","ONNIE LENS","201 VICTORIA STREET #02-69/70 SINGAPORE 188067"
"In-Mall & Building","Parkway Parade","RETAIL","LOVISA - PARKWAY PARADE","80 MARINE PARADE ROAD #01-23A SINGAPORE 449269"
"Street","Mccallum Street","RESTAURANT","FUN TOAST ","21 MACALLUM STREET #01-09 SINGAPORE 367803"
"Street","Cecil Street","RESTAURANT","AROMA COFFEE ","182 CECIL STREET #01-04 SINGAPORE 069547"
"In-Mall & Building","NEX","RETAIL","LOVISA - NEX","23 SERANGOON CENTRAL #01-84 SINGAPORE 556083"
"Street","Liang Seah Street","RESTAURANT","HK CHARCOAL CLAYPOT","1 LIANG SEAH ST #01-02 SINGAPORE 189022"
"Street","Liang Seah Street","RESTAURANT","HAHA KOREAN CHARCOAL BBQ","1 LIANG SEAH ST #01-01 SINGAPORE 189022"
"Street","Choa Chu Kang Mrt Station","RETAIL","20/20 VISION OPTOMETRISTS","10 CHOA CHU KANG AVENUE 4 #01-02/03 SINGAPORE 129581"
"Street","Maju Avenue","RESTAURANT","4 FINGERS ","2 MAJU AVE #01-00 SINGAPORE 758456"
"Street","Joo Chiat Road","RETAIL","GINKO COLLECTION","362 JOO CHIAT ROAD SINGAPORE 427664"
"In-Mall & Building","IMM Building","RETAIL","AIBI","2 JURONG EAST ST 21 #02-43 SINGAPORE 609601"
"In-Mall & Building","IMM Building","RETAIL","CHAMPION","2 JURONG EAST ST 21 #02-19 SINGAPORE 609601"
"In-Mall & Building","The Arcade","RETAIL","B2 HAIR STATION","11 COLLYER QUAY #02-14 SINGAPORE 049705"
"Street","South Bridge Road","RETAIL","BLISS FLOWER BOUTIQUE ","37 SOUTH BRIDGE ROAD #01-01 SINGAPORE 058671"
"In-Mall & Building","IMM Building","RETAIL","BLOOMD","2 JURONG EAST ST 21 #02-57 SINGAPORE 609601"
"In-Mall & Building","IMM Building","RETAIL","SINTEX","2 JURONG EAST ST 21 #02-60 SINGAPORE 609601"
"In-Mall & Building","Lot One","RETAIL","BOROFONE ","21 CHOA CHU KANG AVENUE 4 #02-K10 SINGAPORE 188021"
"In-Mall & Building","International Plaza","RETAIL","BRILLIANT AESTHETICS ","10 ANSON ROAD #02-48 SINGAPORE 079903"
"In-Mall & Building","IMM Building","RETAIL","CHATEAU DE SABLE","2 JURONG EAST ST 21 #02-54 SINGAPORE 609601"
"Street","Amoy Street","RESTAURANT","CHENG DU","57 AMOY STREET #02-01 SINGAPORE 069883"
"In-Mall & Building","IMM Building","RETAIL","COLDWEAR","2 JURONG EAST ST 21 #02-39 SINGAPORE 609601"
"Street","Craig Road","RESTAURANT","CORIANDER LEAF ","20 CRAIG ROAD #01-01 SINGAPORE 187996"
"In-Mall & Building","IMM Building","RETAIL","CROCODILE","2 JURONG EAST ST 21 #02-61 SINGAPORE 609601"
"In-Mall & Building","Northpoint City","RETAIL","DOLLARS & SCENT","1 NORTHPOINT DRIVE #B1-148 SINGAPORE 769098"
"In-Mall & Building","IMM Building","RETAIL","DONNA BEAUTY","2 JURONG EAST ST 21 #02-30 SINGAPORE 609601"
"Street","Sago Street","SERVICES","EUROBEST TAILOR ","10 SAGO STREET #01-01 SINGAPORE 059190"
"In-Mall & Building","International Plaza","SERVICES","FITTING IMAGE","10 ANSON ROAD #02-03 SINGAPORE 079903"
"Street","Tanjong Pagar Road","RETAIL","FRANCE PARIS ","87 TANJONG PAGAR ROAD SINGAPORE 208991"
"In-Mall & Building","Tampines Mall","RETAIL","GADGET MIX","4 TAMPINES CENTRAL 5 #04-09 SINGAPORE 179105"
"In-Mall & Building","IMM Building","RETAIL","GINGERSNAP","2 JURONG EAST ST 21 #02-45 SINGAPORE 609601"
"In-Mall & Building","IMM Building","RESTAURANT","GONG YUAN MALA TANG","2 JURONG EAST ST 21 #02-52 SINGAPORE 609601"
"Street","Joo Chiat Road","RESTAURANT","GUAN HOE SOON RESTAURANT","200 JOO CHIAT ROAD #01-01 SINGAPORE 427762"
"In-Mall & Building","IMM Building","RETAIL","H.M GALLERY","2 JURONG EAST ST 21 #02-59 SINGAPORE 609601"
"In-Mall & Building","IMM Building","RESTAURANT","HAINAN SECOND STREET","2 JURONG EAST ST 21 #02-38/38A SINGAPORE 609601"
"In-Mall & Building","IMM Building","RETAIL","HUSH PUPPIES SHOES AND BAGS","2 JURONG EAST STREET 21 #02-34 SINGAPORE 609601"
"In-Mall & Building","IMM Building","RETAIL","HUSH PUPPIES ATRIUM SALE","2 JURONG EAST ST 21 #02-ATRIUM SINGAPORE 609601"
"In-Mall & Building","IMM Building","RETAIL","JAS INDULGE","2 JURONG EAST ST 21 #02-33 SINGAPORE 609601"
"In-Mall & Building","Junction 8","RETAIL","SYOUJIN ","9 BISHAN PLACE #02-18 SINGAPORE 689812"
"In-Mall & Building","I12 Katong","RETAIL","KIDMORO","112 EAST COAST ROAD #B1-31/32 SINGAPORE 639537"
"In-Mall & Building","IMM Building","RETAIL","KIPLING","2 JURONG EAST 21 #01-01 SINGAPORE 609601"
"Street","Neil Road","RESTAURANT","MAG’S WINE KITCHEN ","82 NEIL ROAD #01-01 SINGAPORE 088843"
"In-Mall & Building","IMM Building","RETAIL","MAYER","2 JURONG EAST ST 21 #02-68 SINGAPORE 609601"
"Street","Arab Street","RETAIL","MOLKAN FABRICS","72 ARAB STREET SINGAPORE 199759"
"In-Mall & Building","IMM Building","RETAIL","MORPHOSIS","2 JURONG EAST ST 21 #02-31 SINGAPORE 609601"
"In-Mall & Building","Marina Bay Link Mall","RETAIL","MYEONGDONG ","8A MARINA BOULEVARD #B2-24 SINGAPORE 018984"
"In-Mall & Building","IMM Building","RETAIL","NAILZ HOUSE","2 JURONG EAST ST 21 #02-29 SINGAPORE 609601"
"In-Mall & Building","IMM Building","RETAIL","NOVELA","2 JURONG EAST ST 21 #02-41 SINGAPORE 609601"
"In-Mall & Building","Parkway Parade","RETAIL","NOVITA","80 MARINE PARADE ROAD #B1-74 SINGAPORE 449269"
"In-Mall & Building","I12 Katong","RETAIL","THE OASIS LIVING ","112 EAST COAST ROAD #02-04 SINGAPORE 179103"
"In-Mall & Building","IMM Building","RETAIL","OBERMAIN","2 JURONG EAST ST 21 #02-18 SINGAPORE 609601"
"In-Mall & Building","Westgate","RETAIL","OPPO SERVICE CENTRE","3 GATEWAY DRIVE #03-40 SINGAPORE 608532"
"In-Mall & Building","Holland Road Shopping Centre","RETAIL","PRIVATE ROOM","211 HOLLAND AVENUE #02-36 SINGAPORE 278967"
"In-Mall & Building","IMM Building","RETAIL","RABEANCO","2 JURONG EAST ST 21 #02-49F SINGAPORE 609601"
"In-Mall & Building","International Plaza","RETAIL","ROSE OF SHARON","10 ANSON ROAD #02-73 SINGAPORE 079903"
"Street","Duxton Hill","RESTAURANT","SAGO HOUSE ","37 DUXTON HILL #01-01 SINGAPORE 059029"
"Street","East Coast Road","RESTAURANT","SAKE SUSHI","217 EAST COAST ROAD SINGAPORE 428746"
"In-Mall & Building","IMM Building","RETAIL","SEIMON CHO","2 JURONG EAST ST 21 #02-45A SINGAPORE 609601"
"Street","Beach Road","RETAIL","SEN LEE TEXTILES CO","357 BEACH ROAD SINGAPORE 199574"
"In-Mall & Building","Plaza Singapura","RETAIL","SIMPLY TOYS","68 ORCHARD ROAD #07-08 SINGAPORE 188727"
"In-Mall & Building","Plaza Singapura","RETAIL","PURE SALON & SPA","68 ORCHARD ROAD #06-20 SINGAPORE 079027"
"In-Mall & Building","Plaza Singapura","RETAIL","SLUMBERLAND","68 ORCHARD ROAD #04-18B SINGAPORE 238839"
"In-Mall & Building","Holland Road Shopping Centre","RETAIL","S.P.H. DE SILVA JEWELLERS","211 HOLLAND AVENUE #02-16 SINGAPORE 247909"
"In-Mall & Building","Tampines Mall","RETAIL","STERRA","4 TAMPINES CENTRAL 5 #03-18 SINGAPORE 408830"
"In-Mall & Building","NEX","RETAIL","STERRA ","23 SERANGOON CENTRAL #02-56 SINGAPORE 138565"
"In-Mall & Building","Holland Road Shopping Centre","RETAIL","SUNDAY BEDDING ","211 HOLLAND AVENUE #01-K4 SINGAPORE 179103"
"In-Mall & Building","IMM Building","RESTAURANT","SUSHI ZANMAI","2 JURONG EAST ST 21 #02-23 SINGAPORE 609601"
"Street","Arab Street","RETAIL","TABAC 101","38 ARAB ST SINGAPORE 198902"
"In-Mall & Building","NEX","RETAIL","THE FACE SHOP","23 SERANGOON CENTRAL #B1-22 SINGAPORE 556083"
"In-Mall & Building","Myvillage - Serangoon","RETAIL","THE NAIL ARTISTRY ","1 MAJU AVE #01-23 SINGAPORE 556680"
"In-Mall & Building","IMM Building","RETAIL","THE TRAVEL STORE","2 JURONG EAST ST 21 #02-28 SINGAPORE 609601"
"In-Mall & Building","IMM Building","RETAIL","TRIUMPH","2 JURONG EAST ST 21 #02-46 SINGAPORE 609601"
"In-Mall & Building","Plaza Singapura","RETAIL","TRUE HARMONY","68 ORCHARD ROAD #04-37B SINGAPORE 560727"
"In-Mall & Building","IMM Building","RETAIL","WINTER TIME OUTLET","2 JURONG EAST ST 21 #02-27 SINGAPORE 609601"
"In-Mall & Building","Katong V","RESTAURANT","YUNGA","30 EAST COAST RD #03-12 SINGAPORE 428751"
"In-Mall & Building","Parkway Parade","RETAIL","ZERO","80 MARINE PARADE ROAD #B1-07 SINGAPORE 449269"
"In-Mall & Building","The Woodleigh Mall","RESTAURANT","GONG YUAN MA LA TANG -TWM","11 BIDADARI PARK DRIVE #B1-K51/K52 SINGAPORE 367803"
"In-Mall & Building","The Woodleigh Mall","RESTAURANT","A&W - THE WOODLEIGH MALL","11 BIDADARI PARK DRIVE #01-40 SINGAPORE 367803"
"In-Mall & Building","The Woodleigh Mall","RESTAURANT","BULGOGI SYO - WOODLEIGH","11 BIDADARI PARK DRIVE #01-33/34 SINGAPORE 367803"
"In-Mall & Building","The Woodleigh Mall","RESTAURANT","CHICHA SANCHEN - THE WOODLEIGH MALL","11 BIDADARI PARK DRIVE #01-32 SINGAPORE 367803"
"In-Mall & Building","The Woodleigh Mall","RETAIL","EYECARE STUDIO","11 BIDADARI PARK DRIVE #01-22/23 SINGAPORE 367803"
"In-Mall & Building","The Woodleigh Mall","RESTAURANT","MY BRIYANI HOUSE - THE WOODLEIGH MALL","11 BIDADARI PARK DRIVE #01-57 SINGAPORE 367803"
"In-Mall & Building","The Woodleigh Mall","RETAIL","THE GREEN PARTY - WOODLEIGH MALL","11 BIDADARI PARK DRIVE #01-46/47 SINGAPORE 367803"
"In-Mall & Building","The Woodleigh Mall","RETAIL","EX STYLE PRESTIGE","11 BIDADARI PARK DRIVE #02-43/44 SINGAPORE 367803"
"In-Mall & Building","The Woodleigh Mall","RESTAURANT","K.COOK KOREAN BBQ BUFFET - WOODLEIGH MALL","11 BIDADARI PARK DRIVE #02-49/50 SINGAPORE 367803"
"In-Mall & Building","The Woodleigh Mall","RESTAURANT","LITTLE ITALY","11 BIDADARI PARK DRIVE #02-48 SINGAPORE 367803"
"In-Mall & Building","The Woodleigh Mall","RETAIL","OPI SPA","11 BIDADARI PARK DRIVE #02-42 SINGAPORE 367803"
"In-Mall & Building","The Woodleigh Mall","RESTAURANT","SMP FUN TOAST ( WOODLEIGH )","11 BIDADARI PARK DRIVE #02-19 SINGAPORE 367803"
"In-Mall & Building","The Woodleigh Mall","RESTAURANT","AUNTIE ANNE'S - WOODLEIGH","11 BIDADARI PARK DRIVE #B1-K22 SINGAPORE 367803"
"In-Mall & Building","The Woodleigh Mall","RESTAURANT","DOUGH CULTURE - THE WOODLEIGH MALL","11 BIDADARI PARK DRIVE #B1-K26 SINGAPORE 367803"
"In-Mall & Building","The Woodleigh Mall","RESTAURANT","DUNKIN DONUTS WOODLEIGH MALL","11 BIDADARI PARK DRIVE #B1-K54/K57 SINGAPORE 367803"
"In-Mall & Building","Punggol Waterway Point","RETAIL","LOVISA - WATERWAY POINT","83 PUNGGOL CENTRAL #01-08 SINGAPORE 828761"
"In-Mall & Building","The Woodleigh Mall","RESTAURANT","FOUR LEAVES - WDL","11 BIDADARI PARK DRIVE #B1-22 SINGAPORE 367803"
"Street","Bugis Street","RETAIL","HITO","3 NEW BUGIS STREET #02-55 SINGAPORE 188867"
"In-Mall & Building","The Woodleigh Mall","RESTAURANT","I LOVE TAIMEI WOODLEIGH","11 BIDADARI PARK DRIVE #B1-K32 SINGAPORE 367803"
"In-Mall & Building","The Woodleigh Mall","RESTAURANT","KOI - WOODLEIGH","11 BIDADARI PARK DRIVE #B1-K53 SINGAPORE 367803"
"In-Mall & Building","The Woodleigh Mall","RESTAURANT","LIHO - WOODLEIGH MALL","11 BIDADARI PARK DRIVE #B1-K51/K52 SINGAPORE 367803"
"In-Mall & Building","NEX","RETAIL","BELLA FACIAL CARE-NEX","23 SERANGOON CENTRAL #B1-52 SINGAPORE 556083"
"In-Mall & Building","The Woodleigh Mall","RETAIL","OJO VISION CARE","11 BIDADARI PARK DRIVE #B1-30 SINGAPORE 367803"
"In-Mall & Building","100AM","RETAIL","BLUSH","100 TRAS STREET #04-09 SINGAPORE 079027"
"In-Mall & Building","The Woodleigh Mall","RESTAURANT","QIN JI ROUGAMO","11 BIDADARI PARK DRIVE #B1-K35/K36 SINGAPORE 367803"
"In-Mall & Building","The Woodleigh Mall","RESTAURANT","SAN.WICH - SW03","11 BIDADARI PARK DRIVE #B1-K14 SINGAPORE 367803"
"In-Mall & Building","The Woodleigh Mall","RESTAURANT","STUFF'D - WOODLEIGH","11 BIDADARI PARK DRIVE #B1-K25 SINGAPORE 367803"
"In-Mall & Building","The Woodleigh Mall","RESTAURANT","SWEE HENG 1989 SIGNATURE - CL35","11 BIDADARI PARK DRIVE #B1-K41 SINGAPORE 367803"
"In-Mall & Building","The Woodleigh Mall","RESTAURANT","TENDERFRESH XPRESS - WOODLEIGH","11 BIDADARI PARK DRIVE #B1-K20/K21 SINGAPORE 367803"
"In-Mall & Building","The Woodleigh Mall","RESTAURANT","THEJELLYHEARTS - WOODLEIGH MALL","11 BIDADARI PARK DRIVE #B1-K9 SINGAPORE 367803"
"In-Mall & Building","The Woodleigh Mall","RESTAURANT","TIME FOR THAI - WOODLEIGH","11 BIDADARI PARK DRIVE #B1-K38 SINGAPORE 367803"
"In-Mall & Building","The Woodleigh Mall","RESTAURANT","WOK HEY THE WOODLEIGH MALL","11 BIDADARI PARK DRIVE #B1-K4 SINGAPORE 367803"
"In-Mall & Building","New Bahru","RETAIL","LE CLOS WINEHOUSE & RESTAURANT","46 & 58 KIM YAM RD #01-18 SINGAPORE 239351"
"In-Mall & Building","New Bahru","RETAIL","SEA APPLE","46 & 58 KIM YAM RD #02-09 SINGAPORE 239351"
"In-Mall & Building","New Bahru","RETAIL","WOODS IN THE BOOKS","46 & 58 KIM YAM RD #03-06 SINGAPORE 239351"
"In-Mall & Building","Paya Lebar Quarter","RETAIL","EU YAN SANG - PLQ MALL","10 PAYA LEBAR ROAD PLQ MALL #B2-12 SINGAPORE 409057"
"In-Mall & Building","NEX","RESTAURANT","CHARCOAL GRILL SHINPACHI","23 SERANGOON CENTRAL #B1-80 SINGAPORE 556083"
"In-Mall & Building","NEX","RETAIL","TEVA - NEX SERANGGON","23 SERANGOON CENTRAL #01-11 SINGAPORE 556083"
"In-Mall & Building","IMM Building","RESTAURANT","BATTERCATCH IMM","2 JURONG EAST STREET 21 #02-17/18 IMM - SINGAPORE 609601"
"In-Mall & Building","NEX","RETAIL","POH HENG JEWELLERY NEX","23 SERANGOON CENTRAL #B1-64/65, NEX - SINGAPORE 556083"
"In-Mall & Building","Tampines Mall","RETAIL","JY ORGANICS","4 TAMPINES CENTRAL 5 #03-13/14/K1 TAMPINES MALL - SINGAPORE 529510"
"In-Mall & Building","Plaza Singapura","RETAIL","6 ELEMENTS HAIR SPA","68 ORCHARD ROAD #04-02 PLAZA SINGAPURA - SINGAPORE 238839"
"In-Mall & Building","NEX","RETAIL","DJI SINGAPORE - NEX","23 SERANGOON CENTRAL #02-43/33 NEX- SINGAPORE 556083"
"In-Mall & Building","Tiong Bahru Plaza","RETAIL","PLAYDRESS - TIONG BAHRU","302 TIONG BAHRU ROAD #02-120 TIONG BAHRU PLAZA- SINGAPORE 168732"
"In-Mall & Building","Raffles Xchange","RETAIL","NAKED GLASS RAFFLES PLACE","5 RAFFLES PLACE #B1 KIOSK B3 RAFFLES XCHANGE- SINGAPORE 048618"
"In-Mall & Building","West Mall","RETAIL","NAKED GLASS WEST MALL","1 BUKIT BATOK CENTRAL LEVEL ONE KIOSK ME04 WEST MALL- SINGAPORE 658713"
"In-Mall & Building","I12 Katong","RETAIL","BONAGE","112 EAST COAST ROAD #02-05 I12 KATONG- SINGAPORE 428802"
"In-Mall & Building","The Sail - Marina Bay","RETAIL","FASTPOKE MART","2 MARINA BOULEVARD #B1 - 08A- SINGAPORE 018987"
"Street","Teck Lim Road","RESTAURANT","KAORU","2 TECK LIM ROAD #01 - 00- SINGAPORE 088380"
"Street","Teck Lim Road","RESTAURANT","NICOLAS LE RESTAURANT","10 TECK LIM ROAD - SINGAPORE 088386"
"In-Mall & Building","Mercure Icon","RESTAURANT","L'ANTICA PIZZERIA DA MICHELE, SINGAPOR","8 CLUB STREET #01-08- SINGAPORE 069472"
"Street","Amoy Street","RESTAURANT","54 STEAKHOUSE","54 AMOY STREET - SINGAPORE 069880"
"Street","Haji Lane","RESTAURANT","CO+NUT+INK - HAJI LANE","2 HAJI LANE - SINGAPORE 189195"
"Street","Bugis Street","RETAIL","MOBILETECH.OBERA","3 NEW BUGIS STREET #01-MSV14/05- SINGAPORE 188867"
"In-Mall & Building","Junction 8","RETAIL","WHIMSY WORLD - JUNCTION 8","9 BISHAN PLACE #02-16, JUNCTION 8- SINGAPORE 579837"
"In-Mall & Building","Paya Lebar Quarter","RETAIL","CLARKS - PLQ","10 PAYA LEBAR ROAD #01-31 PLQ MALL- SINGAPORE 409057"
"Street","Maju Avenue","RESTAURANT","4FINGERS - MAJU GARDEN","2 MAJU AVENUE - SINGAPORE 556680"
"In-Mall & Building","Tanjong Pagar Plaza","RESTAURANT","ADIL CO NASI PADANG & CATERING","5 TANJONG PAGAR PLAZA #01-03- SINGAPORE 081005"
"Street","Tanjong Pagar Road","RESTAURANT","ME CAFE & GAMES TANJONG PAGAR","77B TANJONG PAGAR ROAD #3 - 01- SINGAPORE 088498"
"Street","Tanjong Pagar Road","RESTAURANT","THE MANOR","AMARA SINGAPORE 165 TANJONG PAGAR ROAD #02-25- SINGAPORE 088539"
"Street","Liang Seah Street","RESTAURANT","COCONUT CHICKEN (LS)","8 LIANG SEAH STREET #01-02- SINGAPORE 189029"
"Street","Joo Chiat Road","RETAIL","DECOTEX","1 JOO CHIAT ROAD #01-1021 JOO CHIAT COMPLEX- SINGAPORE 420001"
"Street","Jalan Sultan","RETAIL","WORLD FISHING CENTRE","100 JALAN SULTAN #01-29 SULTAN PLAZA- SINGAPORE 199001"
"In-Mall & Building","The Sail - Marina Bay","RESTAURANT","PACO COFFEE","2 MARINA BOULEVARD B1-08C, THE SAIL - MARINA BAY- SINGAPORE 018987"
"Street","Craig Road","RETAIL","WHY&CO","46 CRAIG ROAD #02 - 01- SINGAPORE 089684"
"In-Mall & Building","Bugis Junction","RESTAURANT","AUNTIE ANNE'S - BUGIS","200 VICTORIA STREET #B1-K05A BUGIS JUNCTION- SINGAPORE 188021"
"Street","Arab Street","RETAIL","UTOPIA - ARAB STREET","59 ARAB STREET - SINGAPORE 199756"
"In-Mall & Building","City Gate","RETAIL","VIVAEYES","371 BEACH ROAD #B1 - 07 CITY GATE- SINGAPORE 199597"
"In-Mall & Building","Lot One","RETAIL","VIVIAN & SEAN - LOT ONE","21 CHOA CHU KANG AVE 4 #02-15 LOT ONE- SINGAPORE 689812"
"In-Mall & Building","Northpoint City","RETAIL","VIVIAN & SEAN - NORTHPOINT","930 YISHUN AVE 2 #02-47 NORTHPOINT CITY- SINGAPORE 769098"
"In-Mall & Building","West Mall","RETAIL","VIVIAN & SEAN - WEST MALL","1 BUKIT BATOK CENTRAL LINK #02-25 WEST MALL- SINGAPORE 658713"
"In-Mall & Building","Bugis+","RESTAURANT","BLOOM & BOOM","201 VICTORIA STREET #07-04 BUGIS +- SINGAPORE 188067"
"In-Mall & Building","Bugis+","RESTAURANT","STICKS & STONES","201 VICTORIA STREET #07-05/06 BUGIS +- SINGAPORE 188067"
"Street","Neil Road","RETAIL","ELIZABETH WILLIAM","69 NEIL ROAD - SINGAPORE 088899"
"Street","Holland Avenue","RETAIL","MOO MOO KOW & FRIENDS","263 HOLLAND AVENUE - SINGAPORE 278987"
"In-Mall & Building","Parkway Parade","RESTAURANT","STUFF'D","80 MARINE PARADE ROAD #01-K39 PARKWAY PARADE,- SINGAPORE 449269"
"Street","Beach Road","RESTAURANT","JASON NIANG DOU FU","321 BEACH ROAD - SINGAPORE 199557"
"In-Mall & Building","NEX","RESTAURANT","4FINGERS - NEX","23 SERANGOON CENTRAL #B2-50/51 NEX- SINGAPORE 556083"
"Street","Amoy Street","RESTAURANT","MODU AMY","96 AMOY STREET - SINGAPORE 069916"
"Street","Cecil Street","RETAIL","HOBZ","20 CECIL STREET #02 - 02 PLUS- SINGAPORE 049705"
"Street","Bussorah Street","RETAIL","SG GIFT SHOP","44 BUSSORAH STREET - SINGAPORE 199462"
"Street","Beach Road","RESTAURANT","SPICE MAHAL","7500E BEACH ROAD #01-201- SINGAPORE 199595"
"Street","Joo Chiat Road","RESTAURANT","VIETSEA I - VUA LAU VIET","304 JOO CHIAT ROAD - SINGAPORE 427555"
"Street","Tanjong Katong Road","RESTAURANT","ZIWEITANG (F&B)","188-10 TANJONG KATONG ROAD - SINGAPORE 436990"
"Street","Joo Chiat Road","RETAIL","D'SNACK STATION","90 JOO CHIAT ROAD - SINGAPORE 427384"
"In-Mall & Building","Lot One","RESTAURANT","NIKU IKU - LOT ONE","21 CHOA CHU KANG AVENUE 4 #B1-K10 LOT ONE- SINGAPORE 689812"
"In-Mall & Building","Tiong Bahru Plaza","RETAIL","2ND STREET - TIONG BAHRU","302 TIONG BAHRU ROAD #02-119A/120 TIONG BAHRU PLAZA- SINGAPORE 168732"
"In-Mall & Building","Parkway Parade","RETAIL","BETTER VISION - PARKWAY","80 MARINE PARADE ROAD #B1-05/06 PARKWAY PARADE- SINGAPORE 449269"
"Street","Ann Siang Road","RETAIL","GENTLEMAN'S CUTS - HH","9 ANN SIANG ROAD #01 - 01- SINGAPORE 069690"
"In-Mall & Building","Icon Village","RESTAURANT","KAFEY HAUS","12 GOPENG STREET #01-88 ICON VILLAGE- SINGAPORE 078877"
"Street","Cecil Street","RETAIL","KAIKA PRIVATE BARBER","20 CECIL STREET #02-09- SINGAPORE 049705"
"In-Mall & Building","Bugis Cube","RESTAURANT","SUSHI DOROBO","470 NORTH BRIDGE ROAD #03-17 BUGIS CUBE- SINGAPORE 188735"
"In-Mall & Building","Funan","RESTAURANT","MR ONIGIRI FUNAN","107 NORTH BRIDGE ROAD #B2-K09 FUNAN- SINGAPORE 179105"
"In-Mall & Building","100AM","RESTAURANT","HVALA KISSA","100 TRAS ST, 100AM MALL #01 - 05- SINGAPORE 079027"
"Street","North Bridge Road","RESTAURANT","HVALA - ODEON 333","333 NORTH BRIDGE RD, ODEON TOWERS 333 #01-11- SINGAPORE 188720"
"Street","North Bridge Road","RESTAURANT","HVALA - RAFFLES SPECIALIST CENTRE","585 NORTH BRIDGE ROAD #01-01 RAFFLES SPECIALIST CENTRE- SINGAPORE 188770"
"In-Mall & Building","Tampines Mall","RETAIL","SNEAKSURF - TAMPINES","4 TAMPINES CENTRAL 5 #02-23/24 TAMPINES MALL- SINGAPORE 529510"
"In-Mall & Building","Tanjong Pagar Plaza","RESTAURANT","EQUATE","1 TANJONG PAGAR PLAZA #02 - 25- SINGAPORE 082001"
"In-Mall & Building","Raffles City","RETAIL","EDITION RAFFLES CITY","252 NORTH BRIDGE ROAD #01-34- SINGAPORE 179103"
"In-Mall & Building","Bugis Junction","RETAIL","HYSSES SINGAPORE - BUGIS","200 VICTORIA STREET #02-09 BUGIS JUNCTION- SINGAPORE 188021"
"In-Mall & Building","Kinex","RESTAURANT","KAZO CAFE","11 TANJONG KATONG ROAD B1-K24/K25, KINEX- SINGAPORE 437157"
"In-Mall & Building","Raffles City","RETAIL","MO&CO RAFFLES CITY SHOPPING CENTRE","252 NORTH BRIDGE ROAD #02-09/10- SINGAPORE 179103"
"In-Mall & Building","Bedok Mall","RESTAURANT","PASTAGO - BEDOK MALL","311 NEW UPPER CHANGI ROAD #B2-K13, BEDOK MALL- SINGAPORE 467360"
"Street","Haji Lane","RETAIL","SOLEIL STORY","62 HAJI LANE - SINGAPORE 189252"
"In-Mall & Building","Bedok Mall","RESTAURANT","AVOCADORIA (BEDOK MALL)","311 NEW UPPER CHANGI ROAD B2-09- SINGAPORE 467360"
"In-Mall & Building","City Gate","RESTAURANT","MA DER KIN KHAO","371 BEACH RD B1-22 CITY GATE- SINGAPORE 199597"
"In-Mall & Building","Plaza Singapura","RETAIL","RORYLAND","68 ORCHARD RD #04-12C PLAZA SINGAPURA- SINGAPORE 238839"
"Street","Punggol East","RESTAURANT","THE SMOK HOUS BARBECUE","50 PUNGGOL EAST #01-K34 COMMUNITY GRANDSTAND- SINGAPORE 882886"
"Street","Teck Lim Road","RESTAURANT","PATRIMONIO WINES","1C TECK LIM ROAD #4- SINGAPORE 088379"
"In-Mall & Building","Myvillage - Serangoon","RETAIL","VANILLAPUP - MYVILLAGE","1 MAJU AVENUE #01-02 MYVILLAGE- SINGAPORE 556679"
"In-Mall & Building","Parkway Parade","RESTAURANT","WOK HEY PARKWAY PARADE","80 MARINE PARADE ROAD #01-K39 PARKWAY PARADE- SINGAPORE 449269"
"In-Mall & Building","Tanjong Pagar Xchange","RESTAURANT","KAFEY HAUS - MAXWELL","120 MAXWELL ROAD #B1-04- SINGAPORE 069119"
"Street","Amoy Street","SERVICES","GOOD LUCK BARBERS","51 AMOY STREET - SINGAPORE 069877"
"In-Mall & Building","IMM Building","RESTAURANT","BYD CAFE","2 JURONG EAST ST 21 #03-07 SINGAPORE 609601"
"In-Mall & Building","IMM Building","RETAIL","KATE SPADE - IMM FACTORY STORE","2 JURONG EAST STREET 21 #01-109 SINGAPORE 609601"
"In-Mall & Building","IMM Building","RETAIL","COACH SINGAPORE PTE LTD - IMM","2 JURONG EAST STREET 21 #01-103A/104 SINGAPORE 609601"
"In-Mall & Building","IMM Building","RETAIL","COACH TEMP STORE","2 JURONG EAST ST 21 #02-08 SINGAPORE 609601"
